{
"type": "FeatureCollection",
"name": "analysis_grid",
"crs": { "type": "name", "properties": { "name": "urn:ogc:def:crs:OGC:1.3:CRS84" } },
"features": [
{ "type": "Feature", "properties": { "grid_cell_id": "cell_0000", "within_scheme_boundary": false }, "geometry": { "type": "Polygon", "coordinates": [ [ [ 34.506413375621143, -0.37642653988651 ], [ 34.506405402786029, -0.326683646917148 ], [ 34.456994133147901, -0.326690983260635 ], [ 34.45700184469716, -0.376434993336304 ], [ 34.506413375621143, -0.37642653988651 ] ] ] } },
{ "type": "Feature", "properties": { "grid_cell_id": "cell_0001", "within_scheme_boundary": false }, "geometry": { "type": "Polygon", "coordinates": [ [ [ 34.506405402786029, -0.326683646917148 ], [ 34.506398558114334, -0.27694074883479 ], [ 34.456987512789887, -0.27694696808247 ], [ 34.456994133147901, -0.326690983260635 ], [ 34.506405402786029, -0.326683646917148 ] ] ] } },
{ "type": "Feature", "properties": { "grid_cell_id": "cell_0002", "within_scheme_boundary": false }, "geometry": { "type": "Polygon", "coordinates": [ [ [ 34.506398558114334, -0.27694074883479 ], [ 34.506392841580585, -0.227197846417948 ], [ 34.45698198359846, -0.227202948578722 ], [ 34.456987512789887, -0.27694696808247 ], [ 34.506398558114334, -0.27694074883479 ] ] ] } },
{ "type": "Feature", "properties": { "grid_cell_id": "cell_0003", "within_scheme_boundary": false }, "geometry": { "type": "Polygon", "coordinates": [ [ [ 34.506392841580585, -0.227197846417948 ], [ 34.5063882531635, -0.177454940445146 ], [ 34.456977545553038, -0.177458925526318 ], [ 34.45698198359846, -0.227202948578722 ], [ 34.506392841580585, -0.227197846417948 ] ] ] } },
{ "type": "Feature", "properties": { "grid_cell_id": "cell_0004", "within_scheme_boundary": false }, "geometry": { "type": "Polygon", "coordinates": [ [ [ 34.5063882531635, -0.177454940445146 ], [ 34.506384792845978, -0.127712031694919 ], [ 34.456974198637099, -0.127714899702193 ], [ 34.456977545553038, -0.177458925526318 ], [ 34.5063882531635, -0.177454940445146 ] ] ] } },
{ "type": "Feature", "properties": { "grid_cell_id": "cell_0005", "within_scheme_boundary": false }, "geometry": { "type": "Polygon", "coordinates": [ [ [ 34.506384792845978, -0.127712031694919 ], [ 34.506382460615157, -0.07796912094581 ], [ 34.45697194283818, -0.07797087188329 ], [ 34.456974198637099, -0.127714899702193 ], [ 34.506384792845978, -0.127712031694919 ] ] ] } },
{ "type": "Feature", "properties": { "grid_cell_id": "cell_0006", "within_scheme_boundary": false }, "geometry": { "type": "Polygon", "coordinates": [ [ [ 34.506382460615157, -0.07796912094581 ], [ 34.506381256462348, -0.028226208976366 ], [ 34.456970778147884, -0.028226842846559 ], [ 34.45697194283818, -0.07797087188329 ], [ 34.506382460615157, -0.07796912094581 ] ] ] } },
{ "type": "Feature", "properties": { "grid_cell_id": "cell_0007", "within_scheme_boundary": false }, "geometry": { "type": "Polygon", "coordinates": [ [ [ 34.506381256462348, -0.028226208976366 ], [ 34.506381180383066, 0.021516703434862 ], [ 34.456970704561876, 0.021517186631048 ], [ 34.456970778147884, -0.028226842846559 ], [ 34.506381256462348, -0.028226208976366 ] ] ] } },
{ "type": "Feature", "properties": { "grid_cell_id": "cell_0008", "within_scheme_boundary": false }, "geometry": { "type": "Polygon", "coordinates": [ [ [ 34.506381180383066, 0.021516703434862 ], [ 34.506382232377035, 0.07125961550932 ], [ 34.456971722079878, 0.071261215772577 ], [ 34.456970704561876, 0.021517186631048 ], [ 34.506381180383066, 0.021516703434862 ] ] ] } },
{ "type": "Feature", "properties": { "grid_cell_id": "cell_0009", "within_scheme_boundary": false }, "geometry": { "type": "Polygon", "coordinates": [ [ [ 34.555843742056474, -0.475901263599791 ], [ 34.555833177606075, -0.426159537542456 ], [ 34.506422476649355, -0.426169426964376 ], [ 34.506432705904565, -0.475912307372266 ], [ 34.555843742056474, -0.475901263599791 ] ] ] } },
{ "type": "Feature", "properties": { "grid_cell_id": "cell_0010", "within_scheme_boundary": false }, "geometry": { "type": "Polygon", "coordinates": [ [ [ 34.555833177606075, -0.426159537542456 ], [ 34.555823778352725, -0.37641780480099 ], [ 34.506413375621143, -0.37642653988651 ], [ 34.506422476649355, -0.426169426964376 ], [ 34.555833177606075, -0.426159537542456 ] ] ] } },
{ "type": "Feature", "properties": { "grid_cell_id": "cell_0011", "within_scheme_boundary": false }, "geometry": { "type": "Polygon", "coordinates": [ [ [ 34.555823778352725, -0.37641780480099 ], [ 34.555815544261442, -0.326676066155527 ], [ 34.506405402786029, -0.326683646917148 ], [ 34.506413375621143, -0.37642653988651 ], [ 34.555823778352725, -0.37641780480099 ] ] ] } },
{ "type": "Feature", "properties": { "grid_cell_id": "cell_0012", "within_scheme_boundary": false }, "geometry": { "type": "Polygon", "coordinates": [ [ [ 34.555815544261442, -0.326676066155527 ], [ 34.555808475301554, -0.276934322386217 ], [ 34.506398558114334, -0.27694074883479 ], [ 34.506405402786029, -0.326683646917148 ], [ 34.555815544261442, -0.326676066155527 ] ] ] } },
{ "type": "Feature", "properties": { "grid_cell_id": "cell_0013", "within_scheme_boundary": false }, "geometry": { "type": "Polygon", "coordinates": [ [ [ 34.555808475301554, -0.276934322386217 ], [ 34.555802571446762, -0.227192574273225 ], [ 34.506392841580585, -0.227197846417948 ], [ 34.506398558114334, -0.27694074883479 ], [ 34.555808475301554, -0.276934322386217 ] ] ] } },
{ "type": "Feature", "properties": { "grid_cell_id": "cell_0014", "within_scheme_boundary": false }, "geometry": { "type": "Polygon", "coordinates": [ [ [ 34.555802571446762, -0.227192574273225 ], [ 34.555797832675076, -0.177450822596728 ], [ 34.5063882531635, -0.177454940445146 ], [ 34.506392841580585, -0.227197846417948 ], [ 34.555802571446762, -0.227192574273225 ] ] ] } },
{ "type": "Feature", "properties": { "grid_cell_id": "cell_0015", "within_scheme_boundary": false }, "geometry": { "type": "Polygon", "coordinates": [ [ [ 34.555797832675076, -0.177450822596728 ], [ 34.555794258968866, -0.127709068136912 ], [ 34.506384792845978, -0.127712031694919 ], [ 34.5063882531635, -0.177454940445146 ], [ 34.555797832675076, -0.177450822596728 ] ] ] } },
{ "type": "Feature", "properties": { "grid_cell_id": "cell_0016", "within_scheme_boundary": false }, "geometry": { "type": "Polygon", "coordinates": [ [ [ 34.555794258968866, -0.127709068136912 ], [ 34.555791850314826, -0.077967311673972 ], [ 34.506382460615157, -0.07796912094581 ], [ 34.506384792845978, -0.127712031694919 ], [ 34.555794258968866, -0.127709068136912 ] ] ] } },
{ "type": "Feature", "properties": { "grid_cell_id": "cell_0017", "within_scheme_boundary": false }, "geometry": { "type": "Polygon", "coordinates": [ [ [ 34.555791850314826, -0.077967311673972 ], [ 34.55579060670398, -0.028225553988108 ], [ 34.506381256462348, -0.028226208976366 ], [ 34.506382460615157, -0.07796912094581 ], [ 34.555791850314826, -0.077967311673972 ] ] ] } },
{ "type": "Feature", "properties": { "grid_cell_id": "cell_0018", "within_scheme_boundary": false }, "geometry": { "type": "Polygon", "coordinates": [ [ [ 34.55579060670398, -0.028225553988108 ], [ 34.555790528131709, 0.021516204140477 ], [ 34.506381180383066, 0.021516703434862 ], [ 34.506381256462348, -0.028226208976366 ], [ 34.55579060670398, -0.028225553988108 ] ] ] } },
{ "type": "Feature", "properties": { "grid_cell_id": "cell_0019", "within_scheme_boundary": false }, "geometry": { "type": "Polygon", "coordinates": [ [ [ 34.555790528131709, 0.021516204140477 ], [ 34.55579161459773, 0.071257961931578 ], [ 34.506382232377035, 0.07125961550932 ], [ 34.506381180383066, 0.021516703434862 ], [ 34.555790528131709, 0.021516204140477 ] ] ] } },
{ "type": "Feature", "properties": { "grid_cell_id": "cell_0020", "within_scheme_boundary": false }, "geometry": { "type": "Polygon", "coordinates": [ [ [ 34.55579161459773, 0.071257961931578 ], [ 34.555793866106065, 0.120999718604991 ], [ 34.506384412448163, 0.121002526468457 ], [ 34.506382232377035, 0.07125961550932 ], [ 34.55579161459773, 0.071257961931578 ] ] ] } },
{ "type": "Feature", "properties": { "grid_cell_id": "cell_0021", "within_scheme_boundary": false }, "geometry": { "type": "Polygon", "coordinates": [ [ [ 34.555793866106065, 0.120999718604991 ], [ 34.555797282665104, 0.170741473380516 ], [ 34.506387720604572, 0.170745435533724 ], [ 34.506384412448163, 0.121002526468457 ], [ 34.555793866106065, 0.120999718604991 ] ] ] } },
{ "type": "Feature", "properties": { "grid_cell_id": "cell_0022", "within_scheme_boundary": false }, "geometry": { "type": "Polygon", "coordinates": [ [ [ 34.605265714782334, -0.525630390808331 ], [ 34.605253612972724, -0.475889863796264 ], [ 34.555843742056474, -0.475901263599791 ], [ 34.555855471743243, -0.525642982192879 ], [ 34.605265714782334, -0.525630390808331 ] ] ] } },
{ "type": "Feature", "properties": { "grid_cell_id": "cell_0023", "within_scheme_boundary": false }, "geometry": { "type": "Polygon", "coordinates": [ [ [ 34.605253612972724, -0.475889863796264 ], [ 34.605242713366465, -0.426149329303634 ], [ 34.555833177606075, -0.426159537542456 ], [ 34.555843742056474, -0.475901263599791 ], [ 34.605253612972724, -0.475889863796264 ] ] ] } },
{ "type": "Feature", "properties": { "grid_cell_id": "cell_0024", "within_scheme_boundary": false }, "geometry": { "type": "Polygon", "coordinates": [ [ [ 34.605242713366465, -0.426149329303634 ], [ 34.60523301592297, -0.376408788112264 ], [ 34.555823778352725, -0.37641780480099 ], [ 34.555833177606075, -0.426159537542456 ], [ 34.605242713366465, -0.426149329303634 ] ] ] } },
{ "type": "Feature", "properties": { "grid_cell_id": "cell_0025", "within_scheme_boundary": false }, "geometry": { "type": "Polygon", "coordinates": [ [ [ 34.60523301592297, -0.376408788112264 ], [ 34.605224520606157, -0.326668241003991 ], [ 34.555815544261442, -0.326676066155527 ], [ 34.555823778352725, -0.37641780480099 ], [ 34.60523301592297, -0.376408788112264 ] ] ] } },
{ "type": "Feature", "properties": { "grid_cell_id": "cell_0026", "within_scheme_boundary": false }, "geometry": { "type": "Polygon", "coordinates": [ [ [ 34.605224520606157, -0.326668241003991 ], [ 34.605217227384394, -0.276927688760673 ], [ 34.555808475301554, -0.276934322386217 ], [ 34.555815544261442, -0.326676066155527 ], [ 34.605224520606157, -0.326668241003991 ] ] ] } },
{ "type": "Feature", "properties": { "grid_cell_id": "cell_0027", "within_scheme_boundary": false }, "geometry": { "type": "Polygon", "coordinates": [ [ [ 34.605217227384394, -0.276927688760673 ], [ 34.605211136230537, -0.22718713216418 ], [ 34.555802571446762, -0.227192574273225 ], [ 34.555808475301554, -0.276934322386217 ], [ 34.605217227384394, -0.276927688760673 ] ] ] } },
{ "type": "Feature", "properties": { "grid_cell_id": "cell_0028", "within_scheme_boundary": false }, "geometry": { "type": "Polygon", "coordinates": [ [ [ 34.605211136230537, -0.22718713216418 ], [ 34.605206247121906, -0.177446571996392 ], [ 34.555797832675076, -0.177450822596728 ], [ 34.555802571446762, -0.227192574273225 ], [ 34.605211136230537, -0.22718713216418 ] ] ] } },
{ "type": "Feature", "properties": { "grid_cell_id": "cell_0029", "within_scheme_boundary": false }, "geometry": { "type": "Polygon", "coordinates": [ [ [ 34.605206247121906, -0.177446571996392 ], [ 34.605202560040304, -0.127706009039203 ], [ 34.555794258968866, -0.127709068136912 ], [ 34.555797832675076, -0.177450822596728 ], [ 34.605206247121906, -0.177446571996392 ] ] ] } },
{ "type": "Feature", "properties": { "grid_cell_id": "cell_0030", "within_scheme_boundary": false }, "geometry": { "type": "Polygon", "coordinates": [ [ [ 34.605202560040304, -0.127706009039203 ], [ 34.605200074972011, -0.077965444074512 ], [ 34.555791850314826, -0.077967311673972 ], [ 34.555794258968866, -0.127709068136912 ], [ 34.605202560040304, -0.127706009039203 ] ] ] } },
{ "type": "Feature", "properties": { "grid_cell_id": "cell_0031", "within_scheme_boundary": false }, "geometry": { "type": "Polygon", "coordinates": [ [ [ 34.605200074972011, -0.077965444074512 ], [ 34.605198791907767, -0.028224877884224 ], [ 34.55579060670398, -0.028225553988108 ], [ 34.555791850314826, -0.077967311673972 ], [ 34.605200074972011, -0.077965444074512 ] ] ] } },
{ "type": "Feature", "properties": { "grid_cell_id": "cell_0032", "within_scheme_boundary": false }, "geometry": { "type": "Polygon", "coordinates": [ [ [ 34.605198791907767, -0.028224877884224 ], [ 34.605198710842799, 0.021515688749753 ], [ 34.555790528131709, 0.021516204140477 ], [ 34.55579060670398, -0.028225553988108 ], [ 34.605198791907767, -0.028224877884224 ] ] ] } },
{ "type": "Feature", "properties": { "grid_cell_id": "cell_0033", "within_scheme_boundary": false }, "geometry": { "type": "Polygon", "coordinates": [ [ [ 34.605198710842799, 0.021515688749753 ], [ 34.605199831776808, 0.071256255045507 ], [ 34.55579161459773, 0.071257961931578 ], [ 34.555790528131709, 0.021516204140477 ], [ 34.605198710842799, 0.021515688749753 ] ] ] } },
{ "type": "Feature", "properties": { "grid_cell_id": "cell_0034", "within_scheme_boundary": false }, "geometry": { "type": "Polygon", "coordinates": [ [ [ 34.605199831776808, 0.071256255045507 ], [ 34.605202154713972, 0.120996820221132 ], [ 34.555793866106065, 0.120999718604991 ], [ 34.55579161459773, 0.071257961931578 ], [ 34.605199831776808, 0.071256255045507 ] ] ] } },
{ "type": "Feature", "properties": { "grid_cell_id": "cell_0035", "within_scheme_boundary": false }, "geometry": { "type": "Polygon", "coordinates": [ [ [ 34.605202154713972, 0.120996820221132 ], [ 34.60520567966293, 0.17073738349472 ], [ 34.555797282665104, 0.170741473380516 ], [ 34.555793866106065, 0.120999718604991 ], [ 34.605202154713972, 0.120996820221132 ] ] ] } },
{ "type": "Feature", "properties": { "grid_cell_id": "cell_0036", "within_scheme_boundary": false }, "geometry": { "type": "Polygon", "coordinates": [ [ [ 34.60520567966293, 0.17073738349472 ], [ 34.605210406636814, 0.220477944084372 ], [ 34.555801864287567, 0.220483225477958 ], [ 34.555797282665104, 0.170741473380516 ], [ 34.60520567966293, 0.17073738349472 ] ] ] } },
{ "type": "Feature", "properties": { "grid_cell_id": "cell_0037", "within_scheme_boundary": false }, "geometry": { "type": "Polygon", "coordinates": [ [ [ 34.654688468673434, -0.575356696164822 ], [ 34.654674755573772, -0.525617406224944 ], [ 34.605265714782334, -0.525630390808331 ], [ 34.605279018840342, -0.575370909558034 ], [ 34.654688468673434, -0.575356696164822 ] ] ] } },
{ "type": "Feature", "properties": { "grid_cell_id": "cell_0038", "within_scheme_boundary": false }, "geometry": { "type": "Polygon", "coordinates": [ [ [ 34.654674755573772, -0.525617406224944 ], [ 34.65466228168637, -0.475878108004121 ], [ 34.605253612972724, -0.475889863796264 ], [ 34.605265714782334, -0.525630390808331 ], [ 34.654674755573772, -0.525617406224944 ] ] ] } },
{ "type": "Feature", "properties": { "grid_cell_id": "cell_0039", "within_scheme_boundary": false }, "geometry": { "type": "Polygon", "coordinates": [ [ [ 34.65466228168637, -0.475878108004121 ], [ 34.654651046964823, -0.426138802285911 ], [ 34.605242713366465, -0.426149329303634 ], [ 34.605253612972724, -0.475889863796264 ], [ 34.65466228168637, -0.475878108004121 ] ] ] } },
{ "type": "Feature", "properties": { "grid_cell_id": "cell_0040", "within_scheme_boundary": false }, "geometry": { "type": "Polygon", "coordinates": [ [ [ 34.654651046964823, -0.426138802285911 ], [ 34.654641051367292, -0.376399489853895 ], [ 34.60523301592297, -0.376408788112264 ], [ 34.605242713366465, -0.426149329303634 ], [ 34.654651046964823, -0.426138802285911 ] ] ] } },
{ "type": "Feature", "properties": { "grid_cell_id": "cell_0041", "within_scheme_boundary": false }, "geometry": { "type": "Polygon", "coordinates": [ [ [ 34.654641051367292, -0.376399489853895 ], [ 34.654632294856583, -0.326660171491671 ], [ 34.605224520606157, -0.326668241003991 ], [ 34.60523301592297, -0.376408788112264 ], [ 34.654641051367292, -0.376399489853895 ] ] ] } },
{ "type": "Feature", "properties": { "grid_cell_id": "cell_0042", "within_scheme_boundary": false }, "geometry": { "type": "Polygon", "coordinates": [ [ [ 34.654632294856583, -0.326660171491671 ], [ 34.654624777400088, -0.276920847982853 ], [ 34.605217227384394, -0.276927688760673 ], [ 34.605224520606157, -0.326668241003991 ], [ 34.654632294856583, -0.326660171491671 ] ] ] } },
{ "type": "Feature", "properties": { "grid_cell_id": "cell_0043", "within_scheme_boundary": false }, "geometry": { "type": "Polygon", "coordinates": [ [ [ 34.654624777400088, -0.276920847982853 ], [ 34.654618498969839, -0.22718152011107 ], [ 34.605211136230537, -0.22718713216418 ], [ 34.605217227384394, -0.276927688760673 ], [ 34.654624777400088, -0.276920847982853 ] ] ] } },
{ "type": "Feature", "properties": { "grid_cell_id": "cell_0044", "within_scheme_boundary": false }, "geometry": { "type": "Polygon", "coordinates": [ [ [ 34.654618498969839, -0.22718152011107 ], [ 34.654613459542453, -0.177442188659962 ], [ 34.605206247121906, -0.177446571996392 ], [ 34.605211136230537, -0.22718713216418 ], [ 34.654618498969839, -0.22718152011107 ] ] ] } },
{ "type": "Feature", "properties": { "grid_cell_id": "cell_0045", "within_scheme_boundary": false }, "geometry": { "type": "Polygon", "coordinates": [ [ [ 34.654613459542453, -0.177442188659962 ], [ 34.654609659099187, -0.12770285441318 ], [ 34.605202560040304, -0.127706009039203 ], [ 34.605206247121906, -0.177446571996392 ], [ 34.654613459542453, -0.177442188659962 ] ] ] } },
{ "type": "Feature", "properties": { "grid_cell_id": "cell_0046", "within_scheme_boundary": false }, "geometry": { "type": "Polygon", "coordinates": [ [ [ 34.654609659099187, -0.12770285441318 ], [ 34.654607097625885, -0.077963518154382 ], [ 34.605200074972011, -0.077965444074512 ], [ 34.605202560040304, -0.127706009039203 ], [ 34.654609659099187, -0.12770285441318 ] ] ] } },
{ "type": "Feature", "properties": { "grid_cell_id": "cell_0047", "within_scheme_boundary": false }, "geometry": { "type": "Polygon", "coordinates": [ [ [ 34.654607097625885, -0.077963518154382 ], [ 34.654605775113019, -0.02822418066723 ], [ 34.605198791907767, -0.028224877884224 ], [ 34.605200074972011, -0.077965444074512 ], [ 34.654607097625885, -0.077963518154382 ] ] ] } },
{ "type": "Feature", "properties": { "grid_cell_id": "cell_0048", "within_scheme_boundary": false }, "geometry": { "type": "Polygon", "coordinates": [ [ [ 34.654605775113019, -0.02822418066723 ], [ 34.654605691555659, 0.021515157264607 ], [ 34.605198710842799, 0.021515688749753 ], [ 34.605198791907767, -0.028224877884224 ], [ 34.654605775113019, -0.02822418066723 ] ] ] } },
{ "type": "Feature", "properties": { "grid_cell_id": "cell_0049", "within_scheme_boundary": false }, "geometry": { "type": "Polygon", "coordinates": [ [ [ 34.654605691555659, 0.021515157264607 ], [ 34.654606846953499, 0.071254494857462 ], [ 34.605199831776808, 0.071256255045507 ], [ 34.605198710842799, 0.021515688749753 ], [ 34.654605691555659, 0.021515157264607 ] ] ] } },
{ "type": "Feature", "properties": { "grid_cell_id": "cell_0050", "within_scheme_boundary": false }, "geometry": { "type": "Polygon", "coordinates": [ [ [ 34.654606846953499, 0.071254494857462 ], [ 34.654609241310844, 0.120993831327668 ], [ 34.605202154713972, 0.120996820221132 ], [ 34.605199831776808, 0.071256255045507 ], [ 34.654606846953499, 0.071254494857462 ] ] ] } },
{ "type": "Feature", "properties": { "grid_cell_id": "cell_0051", "within_scheme_boundary": false }, "geometry": { "type": "Polygon", "coordinates": [ [ [ 34.654609241310844, 0.120993831327668 ], [ 34.654612874636598, 0.170733165891561 ], [ 34.60520567966293, 0.17073738349472 ], [ 34.605202154713972, 0.120996820221132 ], [ 34.654609241310844, 0.120993831327668 ] ] ] } },
{ "type": "Feature", "properties": { "grid_cell_id": "cell_0052", "within_scheme_boundary": false }, "geometry": { "type": "Polygon", "coordinates": [ [ [ 34.654612874636598, 0.170733165891561 ], [ 34.654617746944282, 0.220472497765482 ], [ 34.605210406636814, 0.220477944084372 ], [ 34.60520567966293, 0.17073738349472 ], [ 34.654612874636598, 0.170733165891561 ] ] ] } },
{ "type": "Feature", "properties": { "grid_cell_id": "cell_0053", "within_scheme_boundary": false }, "geometry": { "type": "Polygon", "coordinates": [ [ [ 34.704096679243975, -0.575342052414895 ], [ 34.70408255715369, -0.525604028491053 ], [ 34.654674755573772, -0.525617406224944 ], [ 34.654688468673434, -0.575356696164822 ], [ 34.704096679243975, -0.575342052414895 ] ] ] } },
{ "type": "Feature", "properties": { "grid_cell_id": "cell_0054", "within_scheme_boundary": false }, "geometry": { "type": "Polygon", "coordinates": [ [ [ 34.70408255715369, -0.525604028491053 ], [ 34.704069711234951, -0.475865996267122 ], [ 34.65466228168637, -0.475878108004121 ], [ 34.654674755573772, -0.525617406224944 ], [ 34.70408255715369, -0.525604028491053 ] ] ] } },
{ "type": "Feature", "properties": { "grid_cell_id": "cell_0055", "within_scheme_boundary": false }, "geometry": { "type": "Polygon", "coordinates": [ [ [ 34.704069711234951, -0.475865996267122 ], [ 34.70405814143993, -0.426127956528472 ], [ 34.654651046964823, -0.426138802285911 ], [ 34.65466228168637, -0.475878108004121 ], [ 34.704069711234951, -0.475865996267122 ] ] ] } },
{ "type": "Feature", "properties": { "grid_cell_id": "cell_0056", "within_scheme_boundary": false }, "geometry": { "type": "Polygon", "coordinates": [ [ [ 34.70405814143993, -0.426127956528472 ], [ 34.704047847725562, -0.376389910060495 ], [ 34.654641051367292, -0.376399489853895 ], [ 34.654651046964823, -0.426138802285911 ], [ 34.70405814143993, -0.426127956528472 ] ] ] } },
{ "type": "Feature", "properties": { "grid_cell_id": "cell_0057", "within_scheme_boundary": false }, "geometry": { "type": "Polygon", "coordinates": [ [ [ 34.704047847725562, -0.376389910060495 ], [ 34.704038830053541, -0.326651857648602 ], [ 34.654632294856583, -0.326660171491671 ], [ 34.654641051367292, -0.376399489853895 ], [ 34.704047847725562, -0.376389910060495 ] ] ] } },
{ "type": "Feature", "properties": { "grid_cell_id": "cell_0058", "within_scheme_boundary": false }, "geometry": { "type": "Polygon", "coordinates": [ [ [ 34.704038830053541, -0.326651857648602 ], [ 34.704031088390309, -0.276913800078219 ], [ 34.654624777400088, -0.276920847982853 ], [ 34.654632294856583, -0.326660171491671 ], [ 34.704038830053541, -0.326651857648602 ] ] ] } },
{ "type": "Feature", "properties": { "grid_cell_id": "cell_0059", "within_scheme_boundary": false }, "geometry": { "type": "Polygon", "coordinates": [ [ [ 34.704031088390309, -0.276913800078219 ], [ 34.704024622707031, -0.227175738134785 ], [ 34.654618498969839, -0.22718152011107 ], [ 34.654624777400088, -0.276920847982853 ], [ 34.704031088390309, -0.276913800078219 ] ] ] } },
{ "type": "Feature", "properties": { "grid_cell_id": "cell_0060", "within_scheme_boundary": false }, "geometry": { "type": "Polygon", "coordinates": [ [ [ 34.704024622707031, -0.227175738134785 ], [ 34.704019432979656, -0.177437672603753 ], [ 34.654613459542453, -0.177442188659962 ], [ 34.654618498969839, -0.22718152011107 ], [ 34.704024622707031, -0.227175738134785 ] ] ] } },
{ "type": "Feature", "properties": { "grid_cell_id": "cell_0061", "within_scheme_boundary": false }, "geometry": { "type": "Polygon", "coordinates": [ [ [ 34.704019432979656, -0.177437672603753 ], [ 34.704015519188872, -0.127699604270585 ], [ 34.654609659099187, -0.12770285441318 ], [ 34.654613459542453, -0.177442188659962 ], [ 34.704019432979656, -0.177437672603753 ] ] ] } },
{ "type": "Feature", "properties": { "grid_cell_id": "cell_0062", "within_scheme_boundary": false }, "geometry": { "type": "Polygon", "coordinates": [ [ [ 34.704015519188872, -0.127699604270585 ], [ 34.704012881320097, -0.07796153392075 ], [ 34.654607097625885, -0.077963518154382 ], [ 34.654609659099187, -0.12770285441318 ], [ 34.704015519188872, -0.127699604270585 ] ] ] } },
{ "type": "Feature", "properties": { "grid_cell_id": "cell_0063", "within_scheme_boundary": false }, "geometry": { "type": "Polygon", "coordinates": [ [ [ 34.704012881320097, -0.07796153392075 ], [ 34.704011519363526, -0.028223462339723 ], [ 34.654605775113019, -0.02822418066723 ], [ 34.654607097625885, -0.077963518154382 ], [ 34.704012881320097, -0.07796153392075 ] ] ] } },
{ "type": "Feature", "properties": { "grid_cell_id": "cell_0064", "within_scheme_boundary": false }, "geometry": { "type": "Polygon", "coordinates": [ [ [ 34.704011519363526, -0.028223462339723 ], [ 34.704011433314086, 0.021514609687018 ], [ 34.654605691555659, 0.021515157264607 ], [ 34.654605775113019, -0.02822418066723 ], [ 34.704011519363526, -0.028223462339723 ] ] ] } },
{ "type": "Feature", "properties": { "grid_cell_id": "cell_0065", "within_scheme_boundary": false }, "geometry": { "type": "Polygon", "coordinates": [ [ [ 34.704011433314086, 0.021514609687018 ], [ 34.704012623171458, 0.071252681373994 ], [ 34.654606846953499, 0.071254494857462 ], [ 34.654605691555659, 0.021515157264607 ], [ 34.704011433314086, 0.021514609687018 ] ] ] } },
{ "type": "Feature", "properties": { "grid_cell_id": "cell_0066", "within_scheme_boundary": false }, "geometry": { "type": "Polygon", "coordinates": [ [ [ 34.704012623171458, 0.071252681373994 ], [ 34.704015088940068, 0.120990751935725 ], [ 34.654609241310844, 0.120993831327668 ], [ 34.654606846953499, 0.071254494857462 ], [ 34.704012623171458, 0.071252681373994 ] ] ] } },
{ "type": "Feature", "properties": { "grid_cell_id": "cell_0067", "within_scheme_boundary": false }, "geometry": { "type": "Polygon", "coordinates": [ [ [ 34.704015088940068, 0.120990751935725 ], [ 34.704018830629089, 0.170728820586737 ], [ 34.654612874636598, 0.170733165891561 ], [ 34.654609241310844, 0.120993831327668 ], [ 34.704015088940068, 0.120990751935725 ] ] ] } },
{ "type": "Feature", "properties": { "grid_cell_id": "cell_0068", "within_scheme_boundary": false }, "geometry": { "type": "Polygon", "coordinates": [ [ [ 34.704018830629089, 0.170728820586737 ], [ 34.704023848252461, 0.22046688654156 ], [ 34.654617746944282, 0.220472497765482 ], [ 34.654612874636598, 0.170733165891561 ], [ 34.704018830629089, 0.170728820586737 ] ] ] } },
{ "type": "Feature", "properties": { "grid_cell_id": "cell_0069", "within_scheme_boundary": false }, "geometry": { "type": "Polygon", "coordinates": [ [ [ 34.704023848252461, 0.22046688654156 ], [ 34.704030141828845, 0.270204949014729 ], [ 34.654623858252052, 0.270211826165779 ], [ 34.654617746944282, 0.220472497765482 ], [ 34.704023848252461, 0.22046688654156 ] ] ] } },
{ "type": "Feature", "properties": { "grid_cell_id": "cell_0070", "within_scheme_boundary": false }, "geometry": { "type": "Polygon", "coordinates": [ [ [ 34.753519457799669, -0.625063689962064 ], [ 34.753503613591207, -0.575326978362762 ], [ 34.704096679243975, -0.575342052414895 ], [ 34.704112077558364, -0.625080067253299 ], [ 34.753519457799669, -0.625063689962064 ] ] ] } },
{ "type": "Feature", "properties": { "grid_cell_id": "cell_0071", "within_scheme_boundary": false }, "geometry": { "type": "Polygon", "coordinates": [ [ [ 34.753503613591207, -0.575326978362762 ], [ 34.753489082562872, -0.525590257656452 ], [ 34.70408255715369, -0.525604028491053 ], [ 34.704096679243975, -0.575342052414895 ], [ 34.753503613591207, -0.575326978362762 ] ] ] } },
{ "type": "Feature", "properties": { "grid_cell_id": "cell_0072", "within_scheme_boundary": false }, "geometry": { "type": "Polygon", "coordinates": [ [ [ 34.753489082562872, -0.525590257656452 ], [ 34.753475864660601, -0.475853528630347 ], [ 34.704069711234951, -0.475865996267122 ], [ 34.70408255715369, -0.525604028491053 ], [ 34.753489082562872, -0.525590257656452 ] ] ] } },
{ "type": "Feature", "properties": { "grid_cell_id": "cell_0073", "within_scheme_boundary": false }, "geometry": { "type": "Polygon", "coordinates": [ [ [ 34.753475864660601, -0.475853528630347 ], [ 34.753463959835166, -0.426116792071685 ], [ 34.70405814143993, -0.426127956528472 ], [ 34.704069711234951, -0.475865996267122 ], [ 34.753475864660601, -0.475853528630347 ] ] ] } },
{ "type": "Feature", "properties": { "grid_cell_id": "cell_0074", "within_scheme_boundary": false }, "geometry": { "type": "Polygon", "coordinates": [ [ [ 34.753463959835166, -0.426116792071685 ], [ 34.753453368042287, -0.376380048767721 ], [ 34.704047847725562, -0.376389910060495 ], [ 34.70405814143993, -0.426127956528472 ], [ 34.753463959835166, -0.426116792071685 ] ] ] } },
{ "type": "Feature", "properties": { "grid_cell_id": "cell_0075", "within_scheme_boundary": false }, "geometry": { "type": "Polygon", "coordinates": [ [ [ 34.753453368042287, -0.376380048767721 ], [ 34.753444089242521, -0.32664329950573 ], [ 34.704038830053541, -0.326651857648602 ], [ 34.704047847725562, -0.376389910060495 ], [ 34.753453368042287, -0.376380048767721 ] ] ] } },
{ "type": "Feature", "properties": { "grid_cell_id": "cell_0076", "within_scheme_boundary": false }, "geometry": { "type": "Polygon", "coordinates": [ [ [ 34.753444089242521, -0.32664329950573 ], [ 34.75343612340135, -0.276906545073003 ], [ 34.704031088390309, -0.276913800078219 ], [ 34.704038830053541, -0.326651857648602 ], [ 34.753444089242521, -0.32664329950573 ] ] ] } },
{ "type": "Feature", "properties": { "grid_cell_id": "cell_0077", "within_scheme_boundary": false }, "geometry": { "type": "Polygon", "coordinates": [ [ [ 34.75343612340135, -0.276906545073003 ], [ 34.753429470489117, -0.227169786256846 ], [ 34.704024622707031, -0.227175738134785 ], [ 34.704031088390309, -0.276913800078219 ], [ 34.75343612340135, -0.276906545073003 ] ] ] } },
{ "type": "Feature", "properties": { "grid_cell_id": "cell_0078", "within_scheme_boundary": false }, "geometry": { "type": "Polygon", "coordinates": [ [ [ 34.753429470489117, -0.227169786256846 ], [ 34.753424130481072, -0.177433023844575 ], [ 34.704019432979656, -0.177437672603753 ], [ 34.704024622707031, -0.227175738134785 ], [ 34.753429470489117, -0.227169786256846 ] ] ] } },
{ "type": "Feature", "properties": { "grid_cell_id": "cell_0079", "within_scheme_boundary": false }, "geometry": { "type": "Polygon", "coordinates": [ [ [ 34.753424130481072, -0.177433023844575 ], [ 34.753420103357321, -0.127696258623515 ], [ 34.704015519188872, -0.127699604270585 ], [ 34.704019432979656, -0.177437672603753 ], [ 34.753424130481072, -0.177433023844575 ] ] ] } },
{ "type": "Feature", "properties": { "grid_cell_id": "cell_0080", "within_scheme_boundary": false }, "geometry": { "type": "Polygon", "coordinates": [ [ [ 34.753420103357321, -0.127696258623515 ], [ 34.7534173891029, -0.077959491381002 ], [ 34.704012881320097, -0.07796153392075 ], [ 34.704015519188872, -0.127699604270585 ], [ 34.753420103357321, -0.127696258623515 ] ] ] } },
{ "type": "Feature", "properties": { "grid_cell_id": "cell_0081", "within_scheme_boundary": false }, "geometry": { "type": "Polygon", "coordinates": [ [ [ 34.7534173891029, -0.077959491381002 ], [ 34.753415987707697, -0.028222722904375 ], [ 34.704011519363526, -0.028223462339723 ], [ 34.704012881320097, -0.07796153392075 ], [ 34.7534173891029, -0.077959491381002 ] ] ] } },
{ "type": "Feature", "properties": { "grid_cell_id": "cell_0082", "within_scheme_boundary": false }, "geometry": { "type": "Polygon", "coordinates": [ [ [ 34.753415987707697, -0.028222722904375 ], [ 34.753415899166491, 0.021514046019025 ], [ 34.704011433314086, 0.021514609687018 ], [ 34.704011519363526, -0.028223462339723 ], [ 34.753415987707697, -0.028222722904375 ] ] ] } },
{ "type": "Feature", "properties": { "grid_cell_id": "cell_0083", "within_scheme_boundary": false }, "geometry": { "type": "Polygon", "coordinates": [ [ [ 34.753415899166491, 0.021514046019025 ], [ 34.753417123478961, 0.071250814601852 ], [ 34.704012623171458, 0.071252681373994 ], [ 34.704011433314086, 0.021514609687018 ], [ 34.753415899166491, 0.021514046019025 ] ] ] } },
{ "type": "Feature", "properties": { "grid_cell_id": "cell_0084", "within_scheme_boundary": false }, "geometry": { "type": "Polygon", "coordinates": [ [ [ 34.753417123478961, 0.071250814601852 ], [ 34.753419660649662, 0.120987582056765 ], [ 34.704015088940068, 0.120990751935725 ], [ 34.704012623171458, 0.071252681373994 ], [ 34.753417123478961, 0.071250814601852 ] ] ] } },
{ "type": "Feature", "properties": { "grid_cell_id": "cell_0085", "within_scheme_boundary": false }, "geometry": { "type": "Polygon", "coordinates": [ [ [ 34.753419660649662, 0.120987582056765 ], [ 34.75342351068803, 0.170724347596422 ], [ 34.704018830629089, 0.170728820586737 ], [ 34.704015088940068, 0.120990751935725 ], [ 34.753419660649662, 0.120987582056765 ] ] ] } },
{ "type": "Feature", "properties": { "grid_cell_id": "cell_0086", "within_scheme_boundary": false }, "geometry": { "type": "Polygon", "coordinates": [ [ [ 34.75342351068803, 0.170724347596422 ], [ 34.753428673608404, 0.22046111043349 ], [ 34.704023848252461, 0.22046688654156 ], [ 34.704018830629089, 0.170728820586737 ], [ 34.75342351068803, 0.170724347596422 ] ] ] } },
{ "type": "Feature", "properties": { "grid_cell_id": "cell_0087", "within_scheme_boundary": false }, "geometry": { "type": "Polygon", "coordinates": [ [ [ 34.753428673608404, 0.22046111043349 ], [ 34.75343514942999, 0.27019786978064 ], [ 34.704030141828845, 0.270204949014729 ], [ 34.704023848252461, 0.22046688654156 ], [ 34.753428673608404, 0.22046111043349 ] ] ] } },
{ "type": "Feature", "properties": { "grid_cell_id": "cell_0088", "within_scheme_boundary": false }, "geometry": { "type": "Polygon", "coordinates": [ [ [ 34.75343514942999, 0.27019786978064 ], [ 34.753442938176903, 0.319934624850556 ], [ 34.704037711381673, 0.319943007220792 ], [ 34.704030141828845, 0.270204949014729 ], [ 34.75343514942999, 0.27019786978064 ] ] ] } },
{ "type": "Feature", "properties": { "grid_cell_id": "cell_0089", "within_scheme_boundary": false }, "geometry": { "type": "Polygon", "coordinates": [ [ [ 34.802925524802681, -0.625046845227468 ], [ 34.802909234759113, -0.575311474064527 ], [ 34.753503613591207, -0.575326978362762 ], [ 34.753519457799669, -0.625063689962064 ], [ 34.802925524802681, -0.625046845227468 ] ] ] } },
{ "type": "Feature", "properties": { "grid_cell_id": "cell_0090", "within_scheme_boundary": false }, "geometry": { "type": "Polygon", "coordinates": [ [ [ 34.802909234759113, -0.575311474064527 ], [ 34.802894294846823, -0.525576093772394 ], [ 34.753489082562872, -0.525590257656452 ], [ 34.753503613591207, -0.575326978362762 ], [ 34.802909234759113, -0.575311474064527 ] ] ] } },
{ "type": "Feature", "properties": { "grid_cell_id": "cell_0091", "within_scheme_boundary": false }, "geometry": { "type": "Polygon", "coordinates": [ [ [ 34.802894294846823, -0.525576093772394 ], [ 34.802880705010203, -0.475840705140201 ], [ 34.753475864660601, -0.475853528630347 ], [ 34.753489082562872, -0.525590257656452 ], [ 34.802894294846823, -0.525576093772394 ] ] ] } },
{ "type": "Feature", "properties": { "grid_cell_id": "cell_0092", "within_scheme_boundary": false }, "geometry": { "type": "Polygon", "coordinates": [ [ [ 34.802880705010203, -0.475840705140201 ], [ 34.802868465198678, -0.426105308957103 ], [ 34.753463959835166, -0.426116792071685 ], [ 34.753475864660601, -0.475853528630347 ], [ 34.802880705010203, -0.475840705140201 ] ] ] } },
{ "type": "Feature", "properties": { "grid_cell_id": "cell_0093", "within_scheme_boundary": false }, "geometry": { "type": "Polygon", "coordinates": [ [ [ 34.802868465198678, -0.426105308957103 ], [ 34.802857575366694, -0.376369906012273 ], [ 34.753453368042287, -0.376380048767721 ], [ 34.753463959835166, -0.426116792071685 ], [ 34.802868465198678, -0.426105308957103 ] ] ] } },
{ "type": "Feature", "properties": { "grid_cell_id": "cell_0094", "within_scheme_boundary": false }, "geometry": { "type": "Polygon", "coordinates": [ [ [ 34.802857575366694, -0.376369906012273 ], [ 34.802848035473723, -0.326634497094905 ], [ 34.753444089242521, -0.32664329950573 ], [ 34.753453368042287, -0.376380048767721 ], [ 34.802857575366694, -0.376369906012273 ] ] ] } },
{ "type": "Feature", "properties": { "grid_cell_id": "cell_0095", "within_scheme_boundary": false }, "geometry": { "type": "Polygon", "coordinates": [ [ [ 34.802848035473723, -0.326634497094905 ], [ 34.802839845484264, -0.276899082994208 ], [ 34.75343612340135, -0.276906545073003 ], [ 34.753444089242521, -0.32664329950573 ], [ 34.802848035473723, -0.326634497094905 ] ] ] } },
{ "type": "Feature", "properties": { "grid_cell_id": "cell_0096", "within_scheme_boundary": false }, "geometry": { "type": "Polygon", "coordinates": [ [ [ 34.802839845484264, -0.276899082994208 ], [ 34.802833005367837, -0.227163664499404 ], [ 34.753429470489117, -0.227169786256846 ], [ 34.75343612340135, -0.276906545073003 ], [ 34.802839845484264, -0.276899082994208 ] ] ] } },
{ "type": "Feature", "properties": { "grid_cell_id": "cell_0097", "within_scheme_boundary": false }, "geometry": { "type": "Polygon", "coordinates": [ [ [ 34.802833005367837, -0.227163664499404 ], [ 34.802827515098983, -0.177428242399728 ], [ 34.753424130481072, -0.177433023844575 ], [ 34.753429470489117, -0.227169786256846 ], [ 34.802833005367837, -0.227163664499404 ] ] ] } },
{ "type": "Feature", "properties": { "grid_cell_id": "cell_0098", "within_scheme_boundary": false }, "geometry": { "type": "Polygon", "coordinates": [ [ [ 34.802827515098983, -0.177428242399728 ], [ 34.802823374657272, -0.127692817484422 ], [ 34.753420103357321, -0.127696258623515 ], [ 34.753424130481072, -0.177433023844575 ], [ 34.802827515098983, -0.177428242399728 ] ] ] } },
{ "type": "Feature", "properties": { "grid_cell_id": "cell_0099", "within_scheme_boundary": false }, "geometry": { "type": "Polygon", "coordinates": [ [ [ 34.802823374657272, -0.127692817484422 ], [ 34.802820584027295, -0.07795739054274 ], [ 34.7534173891029, -0.077959491381002 ], [ 34.753420103357321, -0.127696258623515 ], [ 34.802823374657272, -0.127692817484422 ] ] ] } },
{ "type": "Feature", "properties": { "grid_cell_id": "cell_0100", "within_scheme_boundary": false }, "geometry": { "type": "Polygon", "coordinates": [ [ [ 34.802820584027295, -0.07795739054274 ], [ 34.802819143198676, -0.028221962363938 ], [ 34.753415987707697, -0.028222722904375 ], [ 34.7534173891029, -0.077959491381002 ], [ 34.802820584027295, -0.07795739054274 ] ] ] } },
{ "type": "Feature", "properties": { "grid_cell_id": "cell_0101", "within_scheme_boundary": false }, "geometry": { "type": "Polygon", "coordinates": [ [ [ 34.802819143198676, -0.028221962363938 ], [ 34.802819052166036, 0.021513466262724 ], [ 34.753415899166491, 0.021514046019025 ], [ 34.753415987707697, -0.028222722904375 ], [ 34.802819143198676, -0.028221962363938 ] ] ] } },
{ "type": "Feature", "properties": { "grid_cell_id": "cell_0102", "within_scheme_boundary": false }, "geometry": { "type": "Polygon", "coordinates": [ [ [ 34.802819052166036, 0.021513466262724 ], [ 34.80282031092905, 0.071248894547985 ], [ 34.753417123478961, 0.071250814601852 ], [ 34.753415899166491, 0.021514046019025 ], [ 34.802819052166036, 0.021513466262724 ] ] ] } },
{ "type": "Feature", "properties": { "grid_cell_id": "cell_0103", "within_scheme_boundary": false }, "geometry": { "type": "Polygon", "coordinates": [ [ [ 34.80282031092905, 0.071248894547985 ], [ 34.802822919492407, 0.120984321702584 ], [ 34.753419660649662, 0.120987582056765 ], [ 34.753417123478961, 0.071250814601852 ], [ 34.80282031092905, 0.071248894547985 ] ] ] } },
{ "type": "Feature", "properties": { "grid_cell_id": "cell_0104", "within_scheme_boundary": false }, "geometry": { "type": "Polygon", "coordinates": [ [ [ 34.802822919492407, 0.120984321702584 ], [ 34.80282687786579, 0.170719746937263 ], [ 34.75342351068803, 0.170724347596422 ], [ 34.753419660649662, 0.120987582056765 ], [ 34.802822919492407, 0.120984321702584 ] ] ] } },
{ "type": "Feature", "properties": { "grid_cell_id": "cell_0105", "within_scheme_boundary": false }, "geometry": { "type": "Polygon", "coordinates": [ [ [ 34.80282687786579, 0.170719746937263 ], [ 34.802832186063952, 0.220455169462771 ], [ 34.753428673608404, 0.22046111043349 ], [ 34.75342351068803, 0.170724347596422 ], [ 34.80282687786579, 0.170719746937263 ] ] ] } },
{ "type": "Feature", "properties": { "grid_cell_id": "cell_0106", "within_scheme_boundary": false }, "geometry": { "type": "Polygon", "coordinates": [ [ [ 34.802832186063952, 0.220455169462771 ], [ 34.802838844106638, 0.270190588489861 ], [ 34.75343514942999, 0.27019786978064 ], [ 34.753428673608404, 0.22046111043349 ], [ 34.802832186063952, 0.220455169462771 ] ] ] } },
{ "type": "Feature", "properties": { "grid_cell_id": "cell_0107", "within_scheme_boundary": false }, "geometry": { "type": "Polygon", "coordinates": [ [ [ 34.802838844106638, 0.270190588489861 ], [ 34.802846852018632, 0.319926003229299 ], [ 34.753442938176903, 0.319934624850556 ], [ 34.75343514942999, 0.27019786978064 ], [ 34.802838844106638, 0.270190588489861 ] ] ] } },
{ "type": "Feature", "properties": { "grid_cell_id": "cell_0108", "within_scheme_boundary": false }, "geometry": { "type": "Polygon", "coordinates": [ [ [ 34.852330241614624, -0.625029533112203 ], [ 34.852313505796587, -0.575295539577893 ], [ 34.802909234759113, -0.575311474064527 ], [ 34.802925524802681, -0.625046845227468 ], [ 34.852330241614624, -0.625029533112203 ] ] ] } },
{ "type": "Feature", "properties": { "grid_cell_id": "cell_0109", "within_scheme_boundary": false }, "geometry": { "type": "Polygon", "coordinates": [ [ [ 34.852313505796587, -0.575295539577893 ], [ 34.852298157055941, -0.525561536891594 ], [ 34.802894294846823, -0.525576093772394 ], [ 34.802909234759113, -0.575311474064527 ], [ 34.852313505796587, -0.575295539577893 ] ] ] } },
{ "type": "Feature", "properties": { "grid_cell_id": "cell_0110", "within_scheme_boundary": false }, "geometry": { "type": "Polygon", "coordinates": [ [ [ 34.852298157055941, -0.525561536891594 ], [ 34.852284195335557, -0.475827525844408 ], [ 34.802880705010203, -0.475840705140201 ], [ 34.802894294846823, -0.525576093772394 ], [ 34.852298157055941, -0.525561536891594 ] ] ] } },
{ "type": "Feature", "properties": { "grid_cell_id": "cell_0111", "within_scheme_boundary": false }, "geometry": { "type": "Polygon", "coordinates": [ [ [ 34.852284195335557, -0.475827525844408 ], [ 34.852271620583487, -0.426093507227462 ], [ 34.802868465198678, -0.426105308957103 ], [ 34.802880705010203, -0.475840705140201 ], [ 34.852284195335557, -0.475827525844408 ] ] ] } },
{ "type": "Feature", "properties": { "grid_cell_id": "cell_0112", "within_scheme_boundary": false }, "geometry": { "type": "Polygon", "coordinates": [ [ [ 34.852271620583487, -0.426093507227462 ], [ 34.852260432752935, -0.376359481831901 ], [ 34.802857575366694, -0.376369906012273 ], [ 34.802868465198678, -0.426105308957103 ], [ 34.852271620583487, -0.426093507227462 ] ] ] } },
{ "type": "Feature", "properties": { "grid_cell_id": "cell_0113", "within_scheme_boundary": false }, "geometry": { "type": "Polygon", "coordinates": [ [ [ 34.852260432752935, -0.376359481831901 ], [ 34.852250631802256, -0.326625450448888 ], [ 34.802848035473723, -0.326634497094905 ], [ 34.802857575366694, -0.376369906012273 ], [ 34.852260432752935, -0.376359481831901 ] ] ] } },
{ "type": "Feature", "properties": { "grid_cell_id": "cell_0114", "within_scheme_boundary": false }, "geometry": { "type": "Polygon", "coordinates": [ [ [ 34.852250631802256, -0.326625450448888 ], [ 34.852242217694993, -0.276891413869604 ], [ 34.802839845484264, -0.276899082994208 ], [ 34.802848035473723, -0.326634497094905 ], [ 34.852250631802256, -0.326625450448888 ] ] ] } },
{ "type": "Feature", "properties": { "grid_cell_id": "cell_0115", "within_scheme_boundary": false }, "geometry": { "type": "Polygon", "coordinates": [ [ [ 34.852242217694993, -0.276891413869604 ], [ 34.852235190399817, -0.227157372885242 ], [ 34.802833005367837, -0.227163664499404 ], [ 34.802839845484264, -0.276899082994208 ], [ 34.852242217694993, -0.276891413869604 ] ] ] } },
{ "type": "Feature", "properties": { "grid_cell_id": "cell_0116", "within_scheme_boundary": false }, "geometry": { "type": "Polygon", "coordinates": [ [ [ 34.852235190399817, -0.227157372885242 ], [ 34.852229549890595, -0.177423328287007 ], [ 34.802827515098983, -0.177428242399728 ], [ 34.802833005367837, -0.227163664499404 ], [ 34.852235190399817, -0.227157372885242 ] ] ] } },
{ "type": "Feature", "properties": { "grid_cell_id": "cell_0117", "within_scheme_boundary": false }, "geometry": { "type": "Polygon", "coordinates": [ [ [ 34.852229549890595, -0.177423328287007 ], [ 34.852225296146329, -0.127689280866113 ], [ 34.802823374657272, -0.127692817484422 ], [ 34.802827515098983, -0.177428242399728 ], [ 34.852229549890595, -0.177423328287007 ] ] ] } },
{ "type": "Feature", "properties": { "grid_cell_id": "cell_0118", "within_scheme_boundary": false }, "geometry": { "type": "Polygon", "coordinates": [ [ [ 34.852225296146329, -0.127689280866113 ], [ 34.852222429151183, -0.077955231413782 ], [ 34.802820584027295, -0.07795739054274 ], [ 34.802823374657272, -0.127692817484422 ], [ 34.852225296146329, -0.127689280866113 ] ] ] } },
{ "type": "Feature", "properties": { "grid_cell_id": "cell_0119", "within_scheme_boundary": false }, "geometry": { "type": "Polygon", "coordinates": [ [ [ 34.852222429151183, -0.077955231413782 ], [ 34.852220948894505, -0.028221180721243 ], [ 34.802819143198676, -0.028221962363938 ], [ 34.802820584027295, -0.07795739054274 ], [ 34.852222429151183, -0.077955231413782 ] ] ] } },
{ "type": "Feature", "properties": { "grid_cell_id": "cell_0120", "within_scheme_boundary": false }, "geometry": { "type": "Polygon", "coordinates": [ [ [ 34.852220948894505, -0.028221180721243 ], [ 34.852220855370774, 0.021512870420274 ], [ 34.802819052166036, 0.021513466262724 ], [ 34.802819143198676, -0.028221962363938 ], [ 34.852220948894505, -0.028221180721243 ] ] ] } },
{ "type": "Feature", "properties": { "grid_cell_id": "cell_0121", "within_scheme_boundary": false }, "geometry": { "type": "Polygon", "coordinates": [ [ [ 34.852220855370774, 0.021512870420274 ], [ 34.852222148579649, 0.071246921219538 ], [ 34.80282031092905, 0.071248894547985 ], [ 34.802819052166036, 0.021513466262724 ], [ 34.852220855370774, 0.021512870420274 ] ] ] } },
{ "type": "Feature", "properties": { "grid_cell_id": "cell_0122", "within_scheme_boundary": false }, "geometry": { "type": "Polygon", "coordinates": [ [ [ 34.852222148579649, 0.071246921219538 ], [ 34.852224828525934, 0.120980970885316 ], [ 34.802822919492407, 0.120984321702584 ], [ 34.80282031092905, 0.071248894547985 ], [ 34.852222148579649, 0.071246921219538 ] ] ] } },
{ "type": "Feature", "properties": { "grid_cell_id": "cell_0123", "within_scheme_boundary": false }, "geometry": { "type": "Polygon", "coordinates": [ [ [ 34.852224828525934, 0.120980970885316 ], [ 34.852228895219611, 0.170715018626382 ], [ 34.80282687786579, 0.170719746937263 ], [ 34.802822919492407, 0.120984321702584 ], [ 34.852224828525934, 0.120980970885316 ] ] ] } },
{ "type": "Feature", "properties": { "grid_cell_id": "cell_0124", "within_scheme_boundary": false }, "geometry": { "type": "Polygon", "coordinates": [ [ [ 34.852228895219611, 0.170715018626382 ], [ 34.852234348675807, 0.220449063651511 ], [ 34.802832186063952, 0.220455169462771 ], [ 34.80282687786579, 0.170719746937263 ], [ 34.852228895219611, 0.170715018626382 ] ] ] } },
{ "type": "Feature", "properties": { "grid_cell_id": "cell_0125", "within_scheme_boundary": false }, "geometry": { "type": "Polygon", "coordinates": [ [ [ 34.852234348675807, 0.220449063651511 ], [ 34.852241188914817, 0.270183105169489 ], [ 34.802838844106638, 0.270190588489861 ], [ 34.802832186063952, 0.220455169462771 ], [ 34.852234348675807, 0.220449063651511 ] ] ] } },
{ "type": "Feature", "properties": { "grid_cell_id": "cell_0126", "within_scheme_boundary": false }, "geometry": { "type": "Polygon", "coordinates": [ [ [ 34.852241188914817, 0.270183105169489 ], [ 34.852249415962099, 0.319917142389109 ], [ 34.802846852018632, 0.319926003229299 ], [ 34.802838844106638, 0.270190588489861 ], [ 34.852241188914817, 0.270183105169489 ] ] ] } },
{ "type": "Feature", "properties": { "grid_cell_id": "cell_0127", "within_scheme_boundary": false }, "geometry": { "type": "Polygon", "coordinates": [ [ [ 34.90173357128775, -0.625011753680697 ], [ 34.901716389757524, -0.575279174962161 ], [ 34.852313505796587, -0.575295539577893 ], [ 34.852330241614624, -0.625029533112203 ], [ 34.90173357128775, -0.625011753680697 ] ] ] } },
{ "type": "Feature", "properties": { "grid_cell_id": "cell_0128", "within_scheme_boundary": false }, "geometry": { "type": "Polygon", "coordinates": [ [ [ 34.901716389757524, -0.575279174962161 ], [ 34.901700632245642, -0.525546587068224 ], [ 34.852298157055941, -0.525561536891594 ], [ 34.852313505796587, -0.575295539577893 ], [ 34.901716389757524, -0.575279174962161 ] ] ] } },
{ "type": "Feature", "properties": { "grid_cell_id": "cell_0129", "within_scheme_boundary": false }, "geometry": { "type": "Polygon", "coordinates": [ [ [ 34.901700632245642, -0.525546587068224 ], [ 34.901686298693456, -0.475813990792014 ], [ 34.852284195335557, -0.475827525844408 ], [ 34.852298157055941, -0.525561536891594 ], [ 34.901700632245642, -0.525546587068224 ] ] ] } },
{ "type": "Feature", "properties": { "grid_cell_id": "cell_0130", "within_scheme_boundary": false }, "geometry": { "type": "Polygon", "coordinates": [ [ [ 34.901686298693456, -0.475813990792014 ], [ 34.901673389047644, -0.426081386926681 ], [ 34.852271620583487, -0.426093507227462 ], [ 34.852284195335557, -0.475827525844408 ], [ 34.901686298693456, -0.475813990792014 ] ] ] } },
{ "type": "Feature", "properties": { "grid_cell_id": "cell_0131", "within_scheme_boundary": false }, "geometry": { "type": "Polygon", "coordinates": [ [ [ 34.901673389047644, -0.426081386926681 ], [ 34.901661903260155, -0.376348776265395 ], [ 34.852260432752935, -0.376359481831901 ], [ 34.852271620583487, -0.426093507227462 ], [ 34.901673389047644, -0.426081386926681 ] ] ] } },
{ "type": "Feature", "properties": { "grid_cell_id": "cell_0132", "within_scheme_boundary": false }, "geometry": { "type": "Polygon", "coordinates": [ [ [ 34.901661903260155, -0.376348776265395 ], [ 34.901651841288242, -0.326616159601344 ], [ 34.852250631802256, -0.326625450448888 ], [ 34.852260432752935, -0.376359481831901 ], [ 34.901661903260155, -0.376348776265395 ] ] ] } },
{ "type": "Feature", "properties": { "grid_cell_id": "cell_0133", "within_scheme_boundary": false }, "geometry": { "type": "Polygon", "coordinates": [ [ [ 34.901651841288242, -0.326616159601344 ], [ 34.90164320309448, -0.27688353772773 ], [ 34.852242217694993, -0.276891413869604 ], [ 34.852250631802256, -0.326625450448888 ], [ 34.901651841288242, -0.326616159601344 ] ] ] } },
{ "type": "Feature", "properties": { "grid_cell_id": "cell_0134", "within_scheme_boundary": false }, "geometry": { "type": "Polygon", "coordinates": [ [ [ 34.90164320309448, -0.27688353772773 ], [ 34.901635988646717, -0.227150911437772 ], [ 34.852235190399817, -0.227157372885242 ], [ 34.852242217694993, -0.276891413869604 ], [ 34.90164320309448, -0.27688353772773 ] ] ] } },
{ "type": "Feature", "properties": { "grid_cell_id": "cell_0135", "within_scheme_boundary": false }, "geometry": { "type": "Polygon", "coordinates": [ [ [ 34.901635988646717, -0.227150911437772 ], [ 34.901630197918109, -0.177418281524698 ], [ 34.852229549890595, -0.177423328287007 ], [ 34.852235190399817, -0.227157372885242 ], [ 34.901635988646717, -0.227150911437772 ] ] ] } },
{ "type": "Feature", "properties": { "grid_cell_id": "cell_0136", "within_scheme_boundary": false }, "geometry": { "type": "Polygon", "coordinates": [ [ [ 34.901630197918109, -0.177418281524698 ], [ 34.901625830887113, -0.127685648781746 ], [ 34.852225296146329, -0.127689280866113 ], [ 34.852229549890595, -0.177423328287007 ], [ 34.901630197918109, -0.177418281524698 ] ] ] } },
{ "type": "Feature", "properties": { "grid_cell_id": "cell_0137", "within_scheme_boundary": false }, "geometry": { "type": "Polygon", "coordinates": [ [ [ 34.901625830887113, -0.127685648781746 ], [ 34.901622887537471, -0.077953014002163 ], [ 34.852222429151183, -0.077955231413782 ], [ 34.852225296146329, -0.127689280866113 ], [ 34.901625830887113, -0.127685648781746 ] ] ] } },
{ "type": "Feature", "properties": { "grid_cell_id": "cell_0138", "within_scheme_boundary": false }, "geometry": { "type": "Polygon", "coordinates": [ [ [ 34.901622887537471, -0.077953014002163 ], [ 34.90162136785824, -0.028220377979199 ], [ 34.852220948894505, -0.028221180721243 ], [ 34.852222429151183, -0.077955231413782 ], [ 34.901622887537471, -0.077953014002163 ] ] ] } },
{ "type": "Feature", "properties": { "grid_cell_id": "cell_0139", "within_scheme_boundary": false }, "geometry": { "type": "Polygon", "coordinates": [ [ [ 34.90162136785824, -0.028220377979199 ], [ 34.901621271843766, 0.021512258493892 ], [ 34.852220855370774, 0.021512870420274 ], [ 34.852220948894505, -0.028221180721243 ], [ 34.90162136785824, -0.028220377979199 ] ] ] } },
{ "type": "Feature", "properties": { "grid_cell_id": "cell_0140", "within_scheme_boundary": false }, "geometry": { "type": "Polygon", "coordinates": [ [ [ 34.901621271843766, 0.021512258493892 ], [ 34.901622599493685, 0.071244894623854 ], [ 34.852222148579649, 0.071246921219538 ], [ 34.852220855370774, 0.021512870420274 ], [ 34.901621271843766, 0.021512258493892 ] ] ] } },
{ "type": "Feature", "properties": { "grid_cell_id": "cell_0141", "within_scheme_boundary": false }, "geometry": { "type": "Polygon", "coordinates": [ [ [ 34.901622599493685, 0.071244894623854 ], [ 34.901625350812942, 0.120977529617431 ], [ 34.852224828525934, 0.120980970885316 ], [ 34.852222148579649, 0.071246921219538 ], [ 34.901622599493685, 0.071244894623854 ] ] ] } },
{ "type": "Feature", "properties": { "grid_cell_id": "cell_0142", "within_scheme_boundary": false }, "geometry": { "type": "Polygon", "coordinates": [ [ [ 34.901625350812942, 0.120977529617431 ], [ 34.901629525811771, 0.170710162681373 ], [ 34.852228895219611, 0.170715018626382 ], [ 34.852224828525934, 0.120980970885316 ], [ 34.901625350812942, 0.120977529617431 ] ] ] } },
{ "type": "Feature", "properties": { "grid_cell_id": "cell_0143", "within_scheme_boundary": false }, "geometry": { "type": "Polygon", "coordinates": [ [ [ 34.901629525811771, 0.170710162681373 ], [ 34.901635124505709, 0.220442793022433 ], [ 34.852234348675807, 0.220449063651511 ], [ 34.852228895219611, 0.170715018626382 ], [ 34.901629525811771, 0.170710162681373 ] ] ] } },
{ "type": "Feature", "properties": { "grid_cell_id": "cell_0144", "within_scheme_boundary": false }, "geometry": { "type": "Polygon", "coordinates": [ [ [ 34.901635124505709, 0.220442793022433 ], [ 34.901642146915584, 0.270175419847372 ], [ 34.852241188914817, 0.270183105169489 ], [ 34.852234348675807, 0.220449063651511 ], [ 34.901635124505709, 0.220442793022433 ] ] ] } },
{ "type": "Feature", "properties": { "grid_cell_id": "cell_0145", "within_scheme_boundary": false }, "geometry": { "type": "Polygon", "coordinates": [ [ [ 34.901642146915584, 0.270175419847372 ], [ 34.901650593067536, 0.319908042362958 ], [ 34.852249415962099, 0.319917142389109 ], [ 34.852241188914817, 0.270183105169489 ], [ 34.901642146915584, 0.270175419847372 ] ] ] } },
{ "type": "Feature", "properties": { "grid_cell_id": "cell_0146", "within_scheme_boundary": false }, "geometry": { "type": "Polygon", "coordinates": [ [ [ 34.901650593067536, 0.319908042362958 ], [ 34.901660462992986, 0.369640659775974 ], [ 34.852259029848256, 0.369651174519175 ], [ 34.852249415962099, 0.319917142389109 ], [ 34.901650593067536, 0.319908042362958 ] ] ] } },
{ "type": "Feature", "properties": { "grid_cell_id": "cell_0147", "within_scheme_boundary": false }, "geometry": { "type": "Polygon", "coordinates": [ [ [ 34.951135476879486, -0.624993506999111 ], [ 34.951117849701014, -0.575262380278225 ], [ 34.901716389757524, -0.575279174962161 ], [ 34.90173357128775, -0.625011753680697 ], [ 34.951135476879486, -0.624993506999111 ] ] ] } },
{ "type": "Feature", "properties": { "grid_cell_id": "cell_0148", "within_scheme_boundary": false }, "geometry": { "type": "Polygon", "coordinates": [ [ [ 34.951117849701014, -0.575262380278225 ], [ 34.95110168347653, -0.525531244357914 ], [ 34.901700632245642, -0.525546587068224 ], [ 34.901716389757524, -0.575279174962161 ], [ 34.951117849701014, -0.575262380278225 ] ] ] } },
{ "type": "Feature", "properties": { "grid_cell_id": "cell_0149", "within_scheme_boundary": false }, "geometry": { "type": "Polygon", "coordinates": [ [ [ 34.95110168347653, -0.525531244357914 ], [ 34.951086978145888, -0.475800100033384 ], [ 34.901686298693456, -0.475813990792014 ], [ 34.901700632245642, -0.525546587068224 ], [ 34.95110168347653, -0.525531244357914 ] ] ] } },
{ "type": "Feature", "properties": { "grid_cell_id": "cell_0150", "within_scheme_boundary": false }, "geometry": { "type": "Polygon", "coordinates": [ [ [ 34.951086978145888, -0.475800100033384 ], [ 34.951073733654354, -0.426068948099861 ], [ 34.901673389047644, -0.426081386926681 ], [ 34.901686298693456, -0.475813990792014 ], [ 34.951086978145888, -0.475800100033384 ] ] ] } },
{ "type": "Feature", "properties": { "grid_cell_id": "cell_0151", "within_scheme_boundary": false }, "geometry": { "type": "Polygon", "coordinates": [ [ [ 34.951073733654354, -0.426068948099861 ], [ 34.951061949952667, -0.376337789352593 ], [ 34.901661903260155, -0.376348776265395 ], [ 34.901673389047644, -0.426081386926681 ], [ 34.951073733654354, -0.426068948099861 ] ] ] } },
{ "type": "Feature", "properties": { "grid_cell_id": "cell_0152", "within_scheme_boundary": false }, "geometry": { "type": "Polygon", "coordinates": [ [ [ 34.951061949952667, -0.376337789352593 ], [ 34.951051626996964, -0.326606624586844 ], [ 34.901651841288242, -0.326616159601344 ], [ 34.901661903260155, -0.376348776265395 ], [ 34.951061949952667, -0.376337789352593 ] ] ] } },
{ "type": "Feature", "properties": { "grid_cell_id": "cell_0153", "within_scheme_boundary": false }, "geometry": { "type": "Polygon", "coordinates": [ [ [ 34.951051626996964, -0.326606624586844 ], [ 34.951042764748848, -0.276875454597894 ], [ 34.90164320309448, -0.27688353772773 ], [ 34.901651841288242, -0.326616159601344 ], [ 34.951051626996964, -0.326606624586844 ] ] ] } },
{ "type": "Feature", "properties": { "grid_cell_id": "cell_0154", "within_scheme_boundary": false }, "geometry": { "type": "Polygon", "coordinates": [ [ [ 34.951042764748848, -0.276875454597894 ], [ 34.951035363175336, -0.227144280181038 ], [ 34.901635988646717, -0.227150911437772 ], [ 34.90164320309448, -0.27688353772773 ], [ 34.951042764748848, -0.276875454597894 ] ] ] } },
{ "type": "Feature", "properties": { "grid_cell_id": "cell_0155", "within_scheme_boundary": false }, "geometry": { "type": "Polygon", "coordinates": [ [ [ 34.951035363175336, -0.227144280181038 ], [ 34.951029422248901, -0.177413102131582 ], [ 34.901630197918109, -0.177418281524698 ], [ 34.901635988646717, -0.227150911437772 ], [ 34.951035363175336, -0.227144280181038 ] ] ] } },
{ "type": "Feature", "properties": { "grid_cell_id": "cell_0156", "within_scheme_boundary": true }, "geometry": { "type": "Polygon", "coordinates": [ [ [ 34.951029422248901, -0.177413102131582 ], [ 34.951024941947416, -0.127681921244839 ], [ 34.901625830887113, -0.127685648781746 ], [ 34.901630197918109, -0.177418281524698 ], [ 34.951029422248901, -0.177413102131582 ] ] ] } },
{ "type": "Feature", "properties": { "grid_cell_id": "cell_0157", "within_scheme_boundary": true }, "geometry": { "type": "Polygon", "coordinates": [ [ [ 34.951024941947416, -0.127681921244839 ], [ 34.951021922254242, -0.077950738316133 ], [ 34.901622887537471, -0.077953014002163 ], [ 34.901625830887113, -0.127685648781746 ], [ 34.951024941947416, -0.127681921244839 ] ] ] } },
{ "type": "Feature", "properties": { "grid_cell_id": "cell_0158", "within_scheme_boundary": false }, "geometry": { "type": "Polygon", "coordinates": [ [ [ 34.951021922254242, -0.077950738316133 ], [ 34.951020363158115, -0.028219554140792 ], [ 34.90162136785824, -0.028220377979199 ], [ 34.901622887537471, -0.077953014002163 ], [ 34.951021922254242, -0.077950738316133 ] ] ] } },
{ "type": "Feature", "properties": { "grid_cell_id": "cell_0159", "within_scheme_boundary": false }, "geometry": { "type": "Polygon", "coordinates": [ [ [ 34.951020363158115, -0.028219554140792 ], [ 34.951020264653245, 0.021511630485855 ], [ 34.901621271843766, 0.021512258493892 ], [ 34.90162136785824, -0.028220377979199 ], [ 34.951020363158115, -0.028219554140792 ] ] ] } },
{ "type": "Feature", "properties": { "grid_cell_id": "cell_0160", "within_scheme_boundary": false }, "geometry": { "type": "Polygon", "coordinates": [ [ [ 34.951020264653245, 0.021511630485855 ], [ 34.951021626739269, 0.071242814768474 ], [ 34.901622599493685, 0.071244894623854 ], [ 34.901621271843766, 0.021512258493892 ], [ 34.951020264653245, 0.021511630485855 ] ] ] } },
{ "type": "Feature", "properties": { "grid_cell_id": "cell_0161", "within_scheme_boundary": false }, "geometry": { "type": "Polygon", "coordinates": [ [ [ 34.951021626739269, 0.071242814768474 ], [ 34.951024449421261, 0.120973997911734 ], [ 34.901625350812942, 0.120977529617431 ], [ 34.901622599493685, 0.071244894623854 ], [ 34.951021626739269, 0.071242814768474 ] ] ] } },
{ "type": "Feature", "properties": { "grid_cell_id": "cell_0162", "within_scheme_boundary": false }, "geometry": { "type": "Polygon", "coordinates": [ [ [ 34.951024449421261, 0.120973997911734 ], [ 34.951028732709709, 0.170705179120307 ], [ 34.901629525811771, 0.170710162681373 ], [ 34.901625350812942, 0.120977529617431 ], [ 34.951024449421261, 0.120973997911734 ] ] ] } },
{ "type": "Feature", "properties": { "grid_cell_id": "cell_0163", "within_scheme_boundary": false }, "geometry": { "type": "Polygon", "coordinates": [ [ [ 34.951028732709709, 0.170705179120307 ], [ 34.951034476620549, 0.22043635759887 ], [ 34.901635124505709, 0.220442793022433 ], [ 34.901629525811771, 0.170710162681373 ], [ 34.951028732709709, 0.170705179120307 ] ] ] } },
{ "type": "Feature", "properties": { "grid_cell_id": "cell_0164", "within_scheme_boundary": false }, "geometry": { "type": "Polygon", "coordinates": [ [ [ 34.951034476620549, 0.22043635759887 ], [ 34.95104168117517, 0.270167532552107 ], [ 34.901642146915584, 0.270175419847372 ], [ 34.901635124505709, 0.220442793022433 ], [ 34.951034476620549, 0.22043635759887 ] ] ] } },
{ "type": "Feature", "properties": { "grid_cell_id": "cell_0165", "within_scheme_boundary": false }, "geometry": { "type": "Polygon", "coordinates": [ [ [ 34.95104168117517, 0.270167532552107 ], [ 34.951050346400358, 0.31989870318471 ], [ 34.901650593067536, 0.319908042362958 ], [ 34.901642146915584, 0.270175419847372 ], [ 34.95104168117517, 0.270167532552107 ] ] ] } },
{ "type": "Feature", "properties": { "grid_cell_id": "cell_0166", "within_scheme_boundary": false }, "geometry": { "type": "Polygon", "coordinates": [ [ [ 34.951050346400358, 0.31989870318471 ], [ 34.951060472328372, 0.369629868701384 ], [ 34.901660462992986, 0.369640659775974 ], [ 34.901650593067536, 0.319908042362958 ], [ 34.951050346400358, 0.31989870318471 ] ] ] } },
{ "type": "Feature", "properties": { "grid_cell_id": "cell_0167", "within_scheme_boundary": false }, "geometry": { "type": "Polygon", "coordinates": [ [ [ 35.000535921452546, -0.624974793135343 ], [ 35.000517848691416, -0.57524515558858 ], [ 34.951117849701014, -0.575262380278225 ], [ 34.951135476879486, -0.624993506999111 ], [ 35.000535921452546, -0.624974793135343 ] ] ] } },
{ "type": "Feature", "properties": { "grid_cell_id": "cell_0168", "within_scheme_boundary": false }, "geometry": { "type": "Polygon", "coordinates": [ [ [ 35.000517848691416, -0.57524515558858 ], [ 35.000501273814486, -0.525515508817756 ], [ 34.95110168347653, -0.525531244357914 ], [ 34.951117849701014, -0.575262380278225 ], [ 35.000517848691416, -0.57524515558858 ] ] ] } },
{ "type": "Feature", "properties": { "grid_cell_id": "cell_0169", "within_scheme_boundary": false }, "geometry": { "type": "Polygon", "coordinates": [ [ [ 35.000501273814486, -0.525515508817756 ], [ 35.000486196760093, -0.475785853620205 ], [ 34.951086978145888, -0.475800100033384 ], [ 34.95110168347653, -0.525531244357914 ], [ 35.000501273814486, -0.525515508817756 ] ] ] } },
{ "type": "Feature", "properties": { "grid_cell_id": "cell_0170", "within_scheme_boundary": false }, "geometry": { "type": "Polygon", "coordinates": [ [ [ 35.000486196760093, -0.475785853620205 ], [ 35.000472617472134, -0.426056190793286 ], [ 34.951073733654354, -0.426068948099861 ], [ 34.951086978145888, -0.475800100033384 ], [ 35.000486196760093, -0.475785853620205 ] ] ] } },
{ "type": "Feature", "properties": { "grid_cell_id": "cell_0171", "within_scheme_boundary": false }, "geometry": { "type": "Polygon", "coordinates": [ [ [ 35.000472617472134, -0.426056190793286 ], [ 35.000460535900089, -0.376326521134375 ], [ 34.951061949952667, -0.376337789352593 ], [ 34.951073733654354, -0.426068948099861 ], [ 35.000472617472134, -0.426056190793286 ] ] ] } },
{ "type": "Feature", "properties": { "grid_cell_id": "cell_0172", "within_scheme_boundary": false }, "geometry": { "type": "Polygon", "coordinates": [ [ [ 35.000460535900089, -0.376326521134375 ], [ 35.000449951999016, -0.326596845440867 ], [ 34.951051626996964, -0.326606624586844 ], [ 34.951061949952667, -0.376337789352593 ], [ 35.000460535900089, -0.376326521134375 ] ] ] } },
{ "type": "Feature", "properties": { "grid_cell_id": "cell_0173", "within_scheme_boundary": false }, "geometry": { "type": "Polygon", "coordinates": [ [ [ 35.000449951999016, -0.326596845440867 ], [ 35.000440865729516, -0.276867164510172 ], [ 34.951042764748848, -0.276875454597894 ], [ 34.951051626996964, -0.326606624586844 ], [ 35.000449951999016, -0.326596845440867 ] ] ] } },
{ "type": "Feature", "properties": { "grid_cell_id": "cell_0174", "within_scheme_boundary": false }, "geometry": { "type": "Polygon", "coordinates": [ [ [ 35.000440865729516, -0.276867164510172 ], [ 35.000433277057802, -0.227137479139714 ], [ 34.951035363175336, -0.227144280181038 ], [ 34.951042764748848, -0.276875454597894 ], [ 35.000440865729516, -0.276867164510172 ] ] ] } },
{ "type": "Feature", "properties": { "grid_cell_id": "cell_0175", "within_scheme_boundary": false }, "geometry": { "type": "Polygon", "coordinates": [ [ [ 35.000433277057802, -0.227137479139714 ], [ 35.00042718595563, -0.177407790126929 ], [ 34.951029422248901, -0.177413102131582 ], [ 34.951035363175336, -0.227144280181038 ], [ 35.000433277057802, -0.227137479139714 ] ] ] } },
{ "type": "Feature", "properties": { "grid_cell_id": "cell_0176", "within_scheme_boundary": true }, "geometry": { "type": "Polygon", "coordinates": [ [ [ 35.00042718595563, -0.177407790126929 ], [ 35.000422592400341, -0.12767809826926 ], [ 34.951024941947416, -0.127681921244839 ], [ 34.951029422248901, -0.177413102131582 ], [ 35.00042718595563, -0.177407790126929 ] ] ] } },
{ "type": "Feature", "properties": { "grid_cell_id": "cell_0177", "within_scheme_boundary": true }, "geometry": { "type": "Polygon", "coordinates": [ [ [ 35.000422592400341, -0.12767809826926 ], [ 35.000419496374846, -0.077948404364161 ], [ 34.951021922254242, -0.077950738316133 ], [ 34.951024941947416, -0.127681921244839 ], [ 35.000422592400341, -0.12767809826926 ] ] ] } },
{ "type": "Feature", "properties": { "grid_cell_id": "cell_0178", "within_scheme_boundary": false }, "geometry": { "type": "Polygon", "coordinates": [ [ [ 35.000419496374846, -0.077948404364161 ], [ 35.000417897867628, -0.028218709209088 ], [ 34.951020363158115, -0.028219554140792 ], [ 34.951021922254242, -0.077950738316133 ], [ 35.000419496374846, -0.077948404364161 ] ] ] } },
{ "type": "Feature", "properties": { "grid_cell_id": "cell_0179", "within_scheme_boundary": false }, "geometry": { "type": "Polygon", "coordinates": [ [ [ 35.000417897867628, -0.028218709209088 ], [ 35.000417796872739, 0.021510986398499 ], [ 34.951020264653245, 0.021511630485855 ], [ 34.951020363158115, -0.028219554140792 ], [ 35.000417897867628, -0.028218709209088 ] ] ] } },
{ "type": "Feature", "properties": { "grid_cell_id": "cell_0180", "within_scheme_boundary": false }, "geometry": { "type": "Polygon", "coordinates": [ [ [ 35.000417796872739, 0.021510986398499 ], [ 35.000419193389803, 0.071240681661136 ], [ 34.951021626739269, 0.071242814768474 ], [ 34.951020264653245, 0.021511630485855 ], [ 35.000417796872739, 0.021510986398499 ] ] ] } },
{ "type": "Feature", "properties": { "grid_cell_id": "cell_0181", "within_scheme_boundary": false }, "geometry": { "type": "Polygon", "coordinates": [ [ [ 35.000419193389803, 0.071240681661136 ], [ 35.00042208742402, 0.120970375781365 ], [ 34.951024449421261, 0.120973997911734 ], [ 34.951021626739269, 0.071242814768474 ], [ 35.000419193389803, 0.071240681661136 ] ] ] } },
{ "type": "Feature", "properties": { "grid_cell_id": "cell_0182", "within_scheme_boundary": false }, "geometry": { "type": "Polygon", "coordinates": [ [ [ 35.00042208742402, 0.120970375781365 ], [ 35.000426478986149, 0.170700067961725 ], [ 34.951028732709709, 0.170705179120307 ], [ 34.951024449421261, 0.120973997911734 ], [ 35.00042208742402, 0.120970375781365 ] ] ] } },
{ "type": "Feature", "properties": { "grid_cell_id": "cell_0183", "within_scheme_boundary": false }, "geometry": { "type": "Polygon", "coordinates": [ [ [ 35.000426478986149, 0.170700067961725 ], [ 35.000432368092532, 0.220429757404766 ], [ 34.951034476620549, 0.22043635759887 ], [ 34.951028732709709, 0.170705179120307 ], [ 35.000426478986149, 0.170700067961725 ] ] ] } },
{ "type": "Feature", "properties": { "grid_cell_id": "cell_0184", "within_scheme_boundary": false }, "geometry": { "type": "Polygon", "coordinates": [ [ [ 35.000432368092532, 0.220429757404766 ], [ 35.000439754765083, 0.270159443313041 ], [ 34.95104168117517, 0.270167532552107 ], [ 34.951034476620549, 0.22043635759887 ], [ 35.000432368092532, 0.220429757404766 ] ] ] } },
{ "type": "Feature", "properties": { "grid_cell_id": "cell_0185", "within_scheme_boundary": false }, "geometry": { "type": "Polygon", "coordinates": [ [ [ 35.000439754765083, 0.270159443313041 ], [ 35.000448639031269, 0.319889124889113 ], [ 34.951050346400358, 0.31989870318471 ], [ 34.95104168117517, 0.270167532552107 ], [ 35.000439754765083, 0.270159443313041 ] ] ] } },
{ "type": "Feature", "properties": { "grid_cell_id": "cell_0186", "within_scheme_boundary": false }, "geometry": { "type": "Polygon", "coordinates": [ [ [ 35.000448639031269, 0.319889124889113 ], [ 35.000459020924168, 0.369618801335558 ], [ 34.951060472328372, 0.369629868701384 ], [ 34.951050346400358, 0.31989870318471 ], [ 35.000448639031269, 0.319889124889113 ] ] ] } },
{ "type": "Feature", "properties": { "grid_cell_id": "cell_0187", "within_scheme_boundary": false }, "geometry": { "type": "Polygon", "coordinates": [ [ [ 35.049934868075077, -0.62495561215902 ], [ 35.049916349798536, -0.575227500957313 ], [ 35.000517848691416, -0.57524515558858 ], [ 35.000535921452546, -0.624974793135343 ], [ 35.049934868075077, -0.62495561215902 ] ] ] } },
{ "type": "Feature", "properties": { "grid_cell_id": "cell_0188", "within_scheme_boundary": false }, "geometry": { "type": "Polygon", "coordinates": [ [ [ 35.049916349798536, -0.575227500957313 ], [ 35.049899366330841, -0.525499380506294 ], [ 35.000501273814486, -0.525515508817756 ], [ 35.000517848691416, -0.57524515558858 ], [ 35.049916349798536, -0.575227500957313 ] ] ] } },
{ "type": "Feature", "properties": { "grid_cell_id": "cell_0189", "within_scheme_boundary": false }, "geometry": { "type": "Polygon", "coordinates": [ [ [ 35.049899366330841, -0.525499380506294 ], [ 35.049883917608796, -0.475771251605483 ], [ 35.000486196760093, -0.475785853620205 ], [ 35.000501273814486, -0.525515508817756 ], [ 35.049899366330841, -0.525499380506294 ] ] ] } },
{ "type": "Feature", "properties": { "grid_cell_id": "cell_0190", "within_scheme_boundary": false }, "geometry": { "type": "Polygon", "coordinates": [ [ [ 35.049883917608796, -0.475771251605483 ], [ 35.049870003574931, -0.42604311505442 ], [ 35.000472617472134, -0.426056190793286 ], [ 35.000486196760093, -0.475785853620205 ], [ 35.049883917608796, -0.475771251605483 ] ] ] } },
{ "type": "Feature", "properties": { "grid_cell_id": "cell_0191", "within_scheme_boundary": false }, "geometry": { "type": "Polygon", "coordinates": [ [ [ 35.049870003574931, -0.42604311505442 ], [ 35.049857624177491, -0.376314971652665 ], [ 35.000460535900089, -0.376326521134375 ], [ 35.000472617472134, -0.426056190793286 ], [ 35.049870003574931, -0.42604311505442 ] ] ] } },
{ "type": "Feature", "properties": { "grid_cell_id": "cell_0192", "within_scheme_boundary": false }, "geometry": { "type": "Polygon", "coordinates": [ [ [ 35.049857624177491, -0.376314971652665 ], [ 35.049846779370405, -0.326586822199797 ], [ 35.000449951999016, -0.326596845440867 ], [ 35.000460535900089, -0.376326521134375 ], [ 35.049857624177491, -0.376314971652665 ] ] ] } },
{ "type": "Feature", "properties": { "grid_cell_id": "cell_0193", "within_scheme_boundary": false }, "geometry": { "type": "Polygon", "coordinates": [ [ [ 35.049846779370405, -0.326586822199797 ], [ 35.049837469113328, -0.276858667495407 ], [ 35.000440865729516, -0.276867164510172 ], [ 35.000449951999016, -0.326596845440867 ], [ 35.049846779370405, -0.326586822199797 ] ] ] } },
{ "type": "Feature", "properties": { "grid_cell_id": "cell_0194", "within_scheme_boundary": false }, "geometry": { "type": "Polygon", "coordinates": [ [ [ 35.049837469113328, -0.276858667495407 ], [ 35.049829693371642, -0.227130508339103 ], [ 35.000433277057802, -0.227137479139714 ], [ 35.000440865729516, -0.276867164510172 ], [ 35.049837469113328, -0.276858667495407 ] ] ] } },
{ "type": "Feature", "properties": { "grid_cell_id": "cell_0195", "within_scheme_boundary": false }, "geometry": { "type": "Polygon", "coordinates": [ [ [ 35.049829693371642, -0.227130508339103 ], [ 35.049823452116399, -0.177402345530502 ], [ 35.00042718595563, -0.177407790126929 ], [ 35.000433277057802, -0.227137479139714 ], [ 35.049829693371642, -0.227130508339103 ] ] ] } },
{ "type": "Feature", "properties": { "grid_cell_id": "cell_0196", "within_scheme_boundary": false }, "geometry": { "type": "Polygon", "coordinates": [ [ [ 35.049823452116399, -0.177402345530502 ], [ 35.049818745324394, -0.127674179869233 ], [ 35.000422592400341, -0.12767809826926 ], [ 35.00042718595563, -0.177407790126929 ], [ 35.049823452116399, -0.177402345530502 ] ] ] } },
{ "type": "Feature", "properties": { "grid_cell_id": "cell_0197", "within_scheme_boundary": false }, "geometry": { "type": "Polygon", "coordinates": [ [ [ 35.049818745324394, -0.127674179869233 ], [ 35.049815572978105, -0.077946012154929 ], [ 35.000419496374846, -0.077948404364161 ], [ 35.000422592400341, -0.12767809826926 ], [ 35.049818745324394, -0.127674179869233 ] ] ] } },
{ "type": "Feature", "properties": { "grid_cell_id": "cell_0198", "within_scheme_boundary": false }, "geometry": { "type": "Polygon", "coordinates": [ [ [ 35.049815572978105, -0.077946012154929 ], [ 35.049813935065742, -0.02821784318723 ], [ 35.000417897867628, -0.028218709209088 ], [ 35.000419496374846, -0.077948404364161 ], [ 35.049815572978105, -0.077946012154929 ] ] ] } },
{ "type": "Feature", "properties": { "grid_cell_id": "cell_0199", "within_scheme_boundary": false }, "geometry": { "type": "Polygon", "coordinates": [ [ [ 35.049813935065742, -0.02821784318723 ], [ 35.049813831581204, 0.02151032623422 ], [ 35.000417796872739, 0.021510986398499 ], [ 35.000417897867628, -0.028218709209088 ], [ 35.049813935065742, -0.02821784318723 ] ] ] } },
{ "type": "Feature", "properties": { "grid_cell_id": "cell_0200", "within_scheme_boundary": false }, "geometry": { "type": "Polygon", "coordinates": [ [ [ 35.049813831581204, 0.02151032623422 ], [ 35.04981526252412, 0.071238495309778 ], [ 35.000419193389803, 0.071240681661136 ], [ 35.000417796872739, 0.021510986398499 ], [ 35.049813831581204, 0.02151032623422 ] ] ] } },
{ "type": "Feature", "properties": { "grid_cell_id": "cell_0201", "within_scheme_boundary": false }, "geometry": { "type": "Polygon", "coordinates": [ [ [ 35.04981526252412, 0.071238495309778 ], [ 35.049818227899792, 0.1209666632398 ], [ 35.00042208742402, 0.120970375781365 ], [ 35.000419193389803, 0.071240681661136 ], [ 35.04981526252412, 0.071238495309778 ] ] ] } },
{ "type": "Feature", "properties": { "grid_cell_id": "cell_0202", "within_scheme_boundary": false }, "geometry": { "type": "Polygon", "coordinates": [ [ [ 35.049818227899792, 0.1209666632398 ], [ 35.049822727719267, 0.170694829224645 ], [ 35.000426478986149, 0.170700067961725 ], [ 35.00042208742402, 0.120970375781365 ], [ 35.049818227899792, 0.1209666632398 ] ] ] } },
{ "type": "Feature", "properties": { "grid_cell_id": "cell_0203", "within_scheme_boundary": false }, "geometry": { "type": "Polygon", "coordinates": [ [ [ 35.049822727719267, 0.170694829224645 ], [ 35.049828761999279, 0.220422992464678 ], [ 35.000432368092532, 0.220429757404766 ], [ 35.000426478986149, 0.170700067961725 ], [ 35.049822727719267, 0.170694829224645 ] ] ] } },
{ "type": "Feature", "properties": { "grid_cell_id": "cell_0204", "within_scheme_boundary": false }, "geometry": { "type": "Polygon", "coordinates": [ [ [ 35.049828761999279, 0.220422992464678 ], [ 35.049836330762275, 0.270151152160271 ], [ 35.000439754765083, 0.270159443313041 ], [ 35.000432368092532, 0.220429757404766 ], [ 35.049828761999279, 0.220422992464678 ] ] ] } },
{ "type": "Feature", "properties": { "grid_cell_id": "cell_0205", "within_scheme_boundary": false }, "geometry": { "type": "Polygon", "coordinates": [ [ [ 35.049836330762275, 0.270151152160271 ], [ 35.049845434036413, 0.319879307511805 ], [ 35.000448639031269, 0.319889124889113 ], [ 35.000439754765083, 0.270159443313041 ], [ 35.049836330762275, 0.270151152160271 ] ] ] } },
{ "type": "Feature", "properties": { "grid_cell_id": "cell_0206", "within_scheme_boundary": false }, "geometry": { "type": "Polygon", "coordinates": [ [ [ 35.049845434036413, 0.319879307511805 ], [ 35.049856071855565, 0.369607457719671 ], [ 35.000459020924168, 0.369618801335558 ], [ 35.000448639031269, 0.319889124889113 ], [ 35.049845434036413, 0.319879307511805 ] ] ] } },
{ "type": "Feature", "properties": { "grid_cell_id": "cell_0207", "within_scheme_boundary": false }, "geometry": { "type": "Polygon", "coordinates": [ [ [ 35.099332279820821, -0.624935964141507 ], [ 35.099313316097764, -0.575209416450107 ], [ 35.049916349798536, -0.575227500957313 ], [ 35.049934868075077, -0.62495561215902 ], [ 35.099332279820821, -0.624935964141507 ] ] ] } },
{ "type": "Feature", "properties": { "grid_cell_id": "cell_0208", "within_scheme_boundary": false }, "geometry": { "type": "Polygon", "coordinates": [ [ [ 35.099313316097764, -0.575209416450107 ], [ 35.099295924102485, -0.525482859483534 ], [ 35.049899366330841, -0.525499380506294 ], [ 35.049916349798536, -0.575227500957313 ], [ 35.099313316097764, -0.575209416450107 ] ] ] } },
{ "type": "Feature", "properties": { "grid_cell_id": "cell_0209", "within_scheme_boundary": false }, "geometry": { "type": "Polygon", "coordinates": [ [ [ 35.099295924102485, -0.525482859483534 ], [ 35.099280103770269, -0.475756294043543 ], [ 35.049883917608796, -0.475771251605483 ], [ 35.049899366330841, -0.525499380506294 ], [ 35.099295924102485, -0.525482859483534 ] ] ] } },
{ "type": "Feature", "properties": { "grid_cell_id": "cell_0210", "within_scheme_boundary": false }, "geometry": { "type": "Polygon", "coordinates": [ [ [ 35.099280103770269, -0.475756294043543 ], [ 35.099265855042269, -0.42602972093191 ], [ 35.049870003574931, -0.42604311505442 ], [ 35.049883917608796, -0.475771251605483 ], [ 35.099280103770269, -0.475756294043543 ] ] ] } },
{ "type": "Feature", "properties": { "grid_cell_id": "cell_0211", "within_scheme_boundary": false }, "geometry": { "type": "Polygon", "coordinates": [ [ [ 35.099265855042269, -0.42602972093191 ], [ 35.099253177865478, -0.376303140950432 ], [ 35.049857624177491, -0.376314971652665 ], [ 35.049870003574931, -0.42604311505442 ], [ 35.099265855042269, -0.42602972093191 ] ] ] } },
{ "type": "Feature", "properties": { "grid_cell_id": "cell_0212", "within_scheme_boundary": false }, "geometry": { "type": "Polygon", "coordinates": [ [ [ 35.099253177865478, -0.376303140950432 ], [ 35.09924207219273, -0.326576554900923 ], [ 35.049846779370405, -0.326586822199797 ], [ 35.049857624177491, -0.376314971652665 ], [ 35.099253177865478, -0.376303140950432 ] ] ] } },
{ "type": "Feature", "properties": { "grid_cell_id": "cell_0213", "within_scheme_boundary": false }, "geometry": { "type": "Polygon", "coordinates": [ [ [ 35.09924207219273, -0.326576554900923 ], [ 35.099232537982722, -0.27684996358521 ], [ 35.049837469113328, -0.276858667495407 ], [ 35.049846779370405, -0.326586822199797 ], [ 35.09924207219273, -0.326576554900923 ] ] ] } },
{ "type": "Feature", "properties": { "grid_cell_id": "cell_0214", "within_scheme_boundary": false }, "geometry": { "type": "Polygon", "coordinates": [ [ [ 35.099232537982722, -0.27684996358521 ], [ 35.099224575199983, -0.227123367805138 ], [ 35.049829693371642, -0.227130508339103 ], [ 35.049837469113328, -0.276858667495407 ], [ 35.099232537982722, -0.27684996358521 ] ] ] } },
{ "type": "Feature", "properties": { "grid_cell_id": "cell_0215", "within_scheme_boundary": false }, "geometry": { "type": "Polygon", "coordinates": [ [ [ 35.099224575199983, -0.227123367805138 ], [ 35.099218183814891, -0.177396768362558 ], [ 35.049823452116399, -0.177402345530502 ], [ 35.049829693371642, -0.227130508339103 ], [ 35.099224575199983, -0.227123367805138 ] ] ] } },
{ "type": "Feature", "properties": { "grid_cell_id": "cell_0216", "within_scheme_boundary": false }, "geometry": { "type": "Polygon", "coordinates": [ [ [ 35.099218183814891, -0.177396768362558 ], [ 35.099213363803671, -0.127670166059334 ], [ 35.049818745324394, -0.127674179869233 ], [ 35.049823452116399, -0.177402345530502 ], [ 35.099218183814891, -0.177396768362558 ] ] ] } },
{ "type": "Feature", "properties": { "grid_cell_id": "cell_0217", "within_scheme_boundary": false }, "geometry": { "type": "Polygon", "coordinates": [ [ [ 35.099213363803671, -0.127670166059334 ], [ 35.099210115148402, -0.077943561697336 ], [ 35.049815572978105, -0.077946012154929 ], [ 35.049818745324394, -0.127674179869233 ], [ 35.099213363803671, -0.127670166059334 ] ] ] } },
{ "type": "Feature", "properties": { "grid_cell_id": "cell_0218", "within_scheme_boundary": false }, "geometry": { "type": "Polygon", "coordinates": [ [ [ 35.099210115148402, -0.077943561697336 ], [ 35.099208437836978, -0.02821695607844 ], [ 35.049813935065742, -0.02821784318723 ], [ 35.049815572978105, -0.077946012154929 ], [ 35.099210115148402, -0.077943561697336 ] ] ] } },
{ "type": "Feature", "properties": { "grid_cell_id": "cell_0219", "within_scheme_boundary": false }, "geometry": { "type": "Polygon", "coordinates": [ [ [ 35.099208437836978, -0.02821695607844 ], [ 35.099208331863188, 0.021509649995476 ], [ 35.049813831581204, 0.02151032623422 ], [ 35.049813935065742, -0.02821784318723 ], [ 35.099208437836978, -0.02821695607844 ] ] ] } },
{ "type": "Feature", "properties": { "grid_cell_id": "cell_0220", "within_scheme_boundary": false }, "geometry": { "type": "Polygon", "coordinates": [ [ [ 35.099208331863188, 0.021509649995476 ], [ 35.099209797226614, 0.071236255722533 ], [ 35.04981526252412, 0.071238495309778 ], [ 35.049813831581204, 0.02151032623422 ], [ 35.099208331863188, 0.021509649995476 ] ] ] } },
{ "type": "Feature", "properties": { "grid_cell_id": "cell_0221", "within_scheme_boundary": false }, "geometry": { "type": "Polygon", "coordinates": [ [ [ 35.099209797226614, 0.071236255722533 ], [ 35.099212833932718, 0.120962860300851 ], [ 35.049818227899792, 0.1209666632398 ], [ 35.04981526252412, 0.071238495309778 ], [ 35.099209797226614, 0.071236255722533 ] ] ] } },
{ "type": "Feature", "properties": { "grid_cell_id": "cell_0222", "within_scheme_boundary": false }, "geometry": { "type": "Polygon", "coordinates": [ [ [ 35.099212833932718, 0.120962860300851 ], [ 35.099217441992799, 0.170689462928555 ], [ 35.049822727719267, 0.170694829224645 ], [ 35.049818227899792, 0.1209666632398 ], [ 35.099212833932718, 0.120962860300851 ] ] ] } },
{ "type": "Feature", "properties": { "grid_cell_id": "cell_0223", "within_scheme_boundary": false }, "geometry": { "type": "Polygon", "coordinates": [ [ [ 35.099217441992799, 0.170689462928555 ], [ 35.099223621423988, 0.220416062803773 ], [ 35.049828761999279, 0.220422992464678 ], [ 35.049822727719267, 0.170694829224645 ], [ 35.099217441992799, 0.170689462928555 ] ] ] } },
{ "type": "Feature", "properties": { "grid_cell_id": "cell_0224", "within_scheme_boundary": false }, "geometry": { "type": "Polygon", "coordinates": [ [ [ 35.099223621423988, 0.220416062803773 ], [ 35.099231372249278, 0.270142659124643 ], [ 35.049836330762275, 0.270151152160271 ], [ 35.049828761999279, 0.220422992464678 ], [ 35.099223621423988, 0.220416062803773 ] ] ] } },
{ "type": "Feature", "properties": { "grid_cell_id": "cell_0225", "within_scheme_boundary": false }, "geometry": { "type": "Polygon", "coordinates": [ [ [ 35.099231372249278, 0.270142659124643 ], [ 35.099240694497503, 0.319869251089308 ], [ 35.049845434036413, 0.319879307511805 ], [ 35.049836330762275, 0.270151152160271 ], [ 35.099231372249278, 0.270142659124643 ] ] ] } },
{ "type": "Feature", "properties": { "grid_cell_id": "cell_0226", "within_scheme_boundary": false }, "geometry": { "type": "Polygon", "coordinates": [ [ [ 35.148728119769217, -0.624915849155897 ], [ 35.148708710670206, -0.57519090213424 ], [ 35.099313316097764, -0.575209416450107 ], [ 35.099332279820821, -0.624935964141507 ], [ 35.148728119769217, -0.624915849155897 ] ] ] } },
{ "type": "Feature", "properties": { "grid_cell_id": "cell_0227", "within_scheme_boundary": false }, "geometry": { "type": "Polygon", "coordinates": [ [ [ 35.148708710670206, -0.57519090213424 ], [ 35.148690910212032, -0.525465945810935 ], [ 35.099295924102485, -0.525482859483534 ], [ 35.099313316097764, -0.575209416450107 ], [ 35.148708710670206, -0.57519090213424 ] ] ] } },
{ "type": "Feature", "properties": { "grid_cell_id": "cell_0228", "within_scheme_boundary": false }, "geometry": { "type": "Polygon", "coordinates": [ [ [ 35.148690910212032, -0.525465945810935 ], [ 35.148674718328508, -0.475740980990028 ], [ 35.099280103770269, -0.475756294043543 ], [ 35.099295924102485, -0.525482859483534 ], [ 35.148690910212032, -0.525465945810935 ] ] ] } },
{ "type": "Feature", "properties": { "grid_cell_id": "cell_0229", "within_scheme_boundary": false }, "geometry": { "type": "Polygon", "coordinates": [ [ [ 35.148674718328508, -0.475740980990028 ], [ 35.148660134959364, -0.426016008475583 ], [ 35.099265855042269, -0.42602972093191 ], [ 35.099280103770269, -0.475756294043543 ], [ 35.148674718328508, -0.475740980990028 ] ] ] } },
{ "type": "Feature", "properties": { "grid_cell_id": "cell_0230", "within_scheme_boundary": false }, "geometry": { "type": "Polygon", "coordinates": [ [ [ 35.148660134959364, -0.426016008475583 ], [ 35.148647160050388, -0.376291029071686 ], [ 35.099253177865478, -0.376303140950432 ], [ 35.099265855042269, -0.42602972093191 ], [ 35.148660134959364, -0.426016008475583 ] ] ] } },
{ "type": "Feature", "properties": { "grid_cell_id": "cell_0231", "within_scheme_boundary": false }, "geometry": { "type": "Polygon", "coordinates": [ [ [ 35.148647160050388, -0.376291029071686 ], [ 35.148635793553296, -0.326566043582439 ], [ 35.09924207219273, -0.326576554900923 ], [ 35.099253177865478, -0.376303140950432 ], [ 35.148647160050388, -0.376291029071686 ] ] ] } },
{ "type": "Feature", "properties": { "grid_cell_id": "cell_0232", "within_scheme_boundary": false }, "geometry": { "type": "Polygon", "coordinates": [ [ [ 35.148635793553296, -0.326566043582439 ], [ 35.148626035425821, -0.276841052811961 ], [ 35.099232537982722, -0.27684996358521 ], [ 35.09924207219273, -0.326576554900923 ], [ 35.148635793553296, -0.326566043582439 ] ] ] } },
{ "type": "Feature", "properties": { "grid_cell_id": "cell_0233", "within_scheme_boundary": false }, "geometry": { "type": "Polygon", "coordinates": [ [ [ 35.148626035425821, -0.276841052811961 ], [ 35.148617885631651, -0.227116057564381 ], [ 35.099224575199983, -0.227123367805138 ], [ 35.099232537982722, -0.27684996358521 ], [ 35.148626035425821, -0.276841052811961 ] ] ] } },
{ "type": "Feature", "properties": { "grid_cell_id": "cell_0234", "within_scheme_boundary": false }, "geometry": { "type": "Polygon", "coordinates": [ [ [ 35.148617885631651, -0.227116057564381 ], [ 35.148611344140491, -0.177391058643842 ], [ 35.099218183814891, -0.177396768362558 ], [ 35.099224575199983, -0.227123367805138 ], [ 35.148617885631651, -0.227116057564381 ] ] ] } },
{ "type": "Feature", "properties": { "grid_cell_id": "cell_0235", "within_scheme_boundary": false }, "geometry": { "type": "Polygon", "coordinates": [ [ [ 35.148611344140491, -0.177391058643842 ], [ 35.148606410927989, -0.127666056854496 ], [ 35.099213363803671, -0.127670166059334 ], [ 35.099218183814891, -0.177396768362558 ], [ 35.148611344140491, -0.177391058643842 ] ] ] } },
{ "type": "Feature", "properties": { "grid_cell_id": "cell_0236", "within_scheme_boundary": false }, "geometry": { "type": "Polygon", "coordinates": [ [ [ 35.148606410927989, -0.127666056854496 ], [ 35.148603085975807, -0.0779410530005 ], [ 35.099210115148402, -0.077943561697336 ], [ 35.099213363803671, -0.127670166059334 ], [ 35.148606410927989, -0.127666056854496 ] ] ] } },
{ "type": "Feature", "properties": { "grid_cell_id": "cell_0237", "within_scheme_boundary": false }, "geometry": { "type": "Polygon", "coordinates": [ [ [ 35.148603085975807, -0.0779410530005 ], [ 35.148601369271574, -0.028216047886019 ], [ 35.099208437836978, -0.02821695607844 ], [ 35.099210115148402, -0.077943561697336 ], [ 35.148603085975807, -0.0779410530005 ] ] ] } },
{ "type": "Feature", "properties": { "grid_cell_id": "cell_0238", "within_scheme_boundary": false }, "geometry": { "type": "Polygon", "coordinates": [ [ [ 35.148601369271574, -0.028216047886019 ], [ 35.14860126080891, 0.021508957684781 ], [ 35.099208331863188, 0.021509649995476 ], [ 35.099208437836978, -0.02821695607844 ], [ 35.148601369271574, -0.028216047886019 ] ] ] } },
{ "type": "Feature", "properties": { "grid_cell_id": "cell_0239", "within_scheme_boundary": false }, "geometry": { "type": "Polygon", "coordinates": [ [ [ 35.14860126080891, 0.021508957684781 ], [ 35.148602760587409, 0.071233962907731 ], [ 35.099209797226614, 0.071236255722533 ], [ 35.099208331863188, 0.021509649995476 ], [ 35.14860126080891, 0.021508957684781 ] ] ] } },
{ "type": "Feature", "properties": { "grid_cell_id": "cell_0240", "within_scheme_boundary": false }, "geometry": { "type": "Polygon", "coordinates": [ [ [ 35.148602760587409, 0.071233962907731 ], [ 35.148605868612648, 0.120958966978665 ], [ 35.099212833932718, 0.120962860300851 ], [ 35.099209797226614, 0.071236255722533 ], [ 35.148602760587409, 0.071233962907731 ] ] ] } },
{ "type": "Feature", "properties": { "grid_cell_id": "cell_0241", "within_scheme_boundary": false }, "geometry": { "type": "Polygon", "coordinates": [ [ [ 35.148605868612648, 0.120958966978665 ], [ 35.14861058489619, 0.170683969093417 ], [ 35.099217441992799, 0.170689462928555 ], [ 35.099212833932718, 0.120962860300851 ], [ 35.148605868612648, 0.120958966978665 ] ] ] } },
{ "type": "Feature", "properties": { "grid_cell_id": "cell_0242", "within_scheme_boundary": false }, "geometry": { "type": "Polygon", "coordinates": [ [ [ 35.14861058489619, 0.170683969093417 ], [ 35.148616909455569, 0.22040896844783 ], [ 35.099223621423988, 0.220416062803773 ], [ 35.099217441992799, 0.170689462928555 ], [ 35.14861058489619, 0.170683969093417 ] ] ] } },
{ "type": "Feature", "properties": { "grid_cell_id": "cell_0243", "within_scheme_boundary": false }, "geometry": { "type": "Polygon", "coordinates": [ [ [ 35.148616909455569, 0.22040896844783 ], [ 35.148624842314327, 0.27013396423775 ], [ 35.099231372249278, 0.270142659124643 ], [ 35.099223621423988, 0.220416062803773 ], [ 35.148616909455569, 0.22040896844783 ] ] ] } },
{ "type": "Feature", "properties": { "grid_cell_id": "cell_0244", "within_scheme_boundary": false }, "geometry": { "type": "Polygon", "coordinates": [ [ [ 35.148624842314327, 0.27013396423775 ], [ 35.14863438350195, 0.319858955659033 ], [ 35.099240694497503, 0.319869251089308 ], [ 35.099231372249278, 0.270142659124643 ], [ 35.148624842314327, 0.27013396423775 ] ] ] } },
{ "type": "Feature", "properties": { "grid_cell_id": "cell_0245", "within_scheme_boundary": false }, "geometry": { "type": "Polygon", "coordinates": [ [ [ 35.198102496602786, -0.575171958078583 ], [ 35.198084287747953, -0.525448639551415 ], [ 35.148690910212032, -0.525465945810935 ], [ 35.148708710670206, -0.57519090213424 ], [ 35.198102496602786, -0.575171958078583 ] ] ] } },
{ "type": "Feature", "properties": { "grid_cell_id": "cell_0246", "within_scheme_boundary": false }, "geometry": { "type": "Polygon", "coordinates": [ [ [ 35.198084287747953, -0.525448639551415 ], [ 35.198067724373331, -0.4757253125019 ], [ 35.148674718328508, -0.475740980990028 ], [ 35.148690910212032, -0.525465945810935 ], [ 35.198084287747953, -0.525448639551415 ] ] ] } },
{ "type": "Feature", "properties": { "grid_cell_id": "cell_0247", "within_scheme_boundary": false }, "geometry": { "type": "Polygon", "coordinates": [ [ [ 35.198067724373331, -0.4757253125019 ], [ 35.198052806417309, -0.426001977736446 ], [ 35.148660134959364, -0.426016008475583 ], [ 35.148674718328508, -0.475740980990028 ], [ 35.198067724373331, -0.4757253125019 ] ] ] } },
{ "type": "Feature", "properties": { "grid_cell_id": "cell_0248", "within_scheme_boundary": false }, "geometry": { "type": "Polygon", "coordinates": [ [ [ 35.198052806417309, -0.426001977736446 ], [ 35.198039533824414, -0.37627863606148 ], [ 35.148647160050388, -0.376291029071686 ], [ 35.148660134959364, -0.426016008475583 ], [ 35.198052806417309, -0.426001977736446 ] ] ] } },
{ "type": "Feature", "properties": { "grid_cell_id": "cell_0249", "within_scheme_boundary": false }, "geometry": { "type": "Polygon", "coordinates": [ [ [ 35.198039533824414, -0.37627863606148 ], [ 35.198027906545256, -0.326555288283446 ], [ 35.148635793553296, -0.326566043582439 ], [ 35.148647160050388, -0.376291029071686 ], [ 35.198039533824414, -0.37627863606148 ] ] ] } },
{ "type": "Feature", "properties": { "grid_cell_id": "cell_0250", "within_scheme_boundary": false }, "geometry": { "type": "Polygon", "coordinates": [ [ [ 35.198027906545256, -0.326555288283446 ], [ 35.1980179245366, -0.276831935208804 ], [ 35.148626035425821, -0.276841052811961 ], [ 35.148635793553296, -0.326566043582439 ], [ 35.198027906545256, -0.326555288283446 ] ] ] } },
{ "type": "Feature", "properties": { "grid_cell_id": "cell_0251", "within_scheme_boundary": false }, "geometry": { "type": "Polygon", "coordinates": [ [ [ 35.1980179245366, -0.276831935208804 ], [ 35.198009587761312, -0.227108577644025 ], [ 35.148617885631651, -0.227116057564381 ], [ 35.148626035425821, -0.276841052811961 ], [ 35.1980179245366, -0.276831935208804 ] ] ] } },
{ "type": "Feature", "properties": { "grid_cell_id": "cell_0252", "within_scheme_boundary": false }, "geometry": { "type": "Polygon", "coordinates": [ [ [ 35.198009587761312, -0.227108577644025 ], [ 35.198002896188406, -0.177385216395594 ], [ 35.148611344140491, -0.177391058643842 ], [ 35.148617885631651, -0.227116057564381 ], [ 35.198009587761312, -0.227108577644025 ] ] ] } },
{ "type": "Feature", "properties": { "grid_cell_id": "cell_0253", "within_scheme_boundary": false }, "geometry": { "type": "Polygon", "coordinates": [ [ [ 35.198002896188406, -0.177385216395594 ], [ 35.197997849792976, -0.127661852270002 ], [ 35.148606410927989, -0.127666056854496 ], [ 35.148611344140491, -0.177391058643842 ], [ 35.198002896188406, -0.177385216395594 ] ] ] } },
{ "type": "Feature", "properties": { "grid_cell_id": "cell_0254", "within_scheme_boundary": false }, "geometry": { "type": "Polygon", "coordinates": [ [ [ 35.197997849792976, -0.127661852270002 ], [ 35.197994448556258, -0.077938486073751 ], [ 35.148603085975807, -0.0779410530005 ], [ 35.148606410927989, -0.127666056854496 ], [ 35.197997849792976, -0.127661852270002 ] ] ] } },
{ "type": "Feature", "properties": { "grid_cell_id": "cell_0255", "within_scheme_boundary": false }, "geometry": { "type": "Polygon", "coordinates": [ [ [ 35.197994448556258, -0.077938486073751 ], [ 35.197992692465597, -0.028215118613344 ], [ 35.148601369271574, -0.028216047886019 ], [ 35.148603085975807, -0.0779410530005 ], [ 35.197994448556258, -0.077938486073751 ] ] ] } },
{ "type": "Feature", "properties": { "grid_cell_id": "cell_0256", "within_scheme_boundary": false }, "geometry": { "type": "Polygon", "coordinates": [ [ [ 35.197992692465597, -0.028215118613344 ], [ 35.197992581514477, 0.02150824930471 ], [ 35.14860126080891, 0.021508957684781 ], [ 35.148601369271574, -0.028216047886019 ], [ 35.197992692465597, -0.028215118613344 ] ] ] } },
{ "type": "Feature", "properties": { "grid_cell_id": "cell_0257", "within_scheme_boundary": false }, "geometry": { "type": "Polygon", "coordinates": [ [ [ 35.197992581514477, 0.02150824930471 ], [ 35.197994115702457, 0.071231616873902 ], [ 35.148602760587409, 0.071233962907731 ], [ 35.14860126080891, 0.021508957684781 ], [ 35.197992581514477, 0.02150824930471 ] ] ] } },
{ "type": "Feature", "properties": { "grid_cell_id": "cell_0258", "within_scheme_boundary": false }, "geometry": { "type": "Polygon", "coordinates": [ [ [ 35.197994115702457, 0.071231616873902 ], [ 35.197997295035272, 0.120954983287723 ], [ 35.148605868612648, 0.120958966978665 ], [ 35.148602760587409, 0.071233962907731 ], [ 35.197994115702457, 0.071231616873902 ] ] ] } },
{ "type": "Feature", "properties": { "grid_cell_id": "cell_0259", "within_scheme_boundary": false }, "geometry": { "type": "Polygon", "coordinates": [ [ [ 35.197997295035272, 0.120954983287723 ], [ 35.19800211952473, 0.170678347739668 ], [ 35.14861058489619, 0.170683969093417 ], [ 35.148605868612648, 0.120958966978665 ], [ 35.197997295035272, 0.120954983287723 ] ] ] } },
{ "type": "Feature", "properties": { "grid_cell_id": "cell_0260", "within_scheme_boundary": false }, "geometry": { "type": "Polygon", "coordinates": [ [ [ 35.19800211952473, 0.170678347739668 ], [ 35.198008589188781, 0.220401709423236 ], [ 35.148616909455569, 0.22040896844783 ], [ 35.14861058489619, 0.170683969093417 ], [ 35.19800211952473, 0.170678347739668 ] ] ] } },
{ "type": "Feature", "properties": { "grid_cell_id": "cell_0261", "within_scheme_boundary": false }, "geometry": { "type": "Polygon", "coordinates": [ [ [ 35.198008589188781, 0.220401709423236 ], [ 35.19801670405149, 0.270125067531934 ], [ 35.148624842314327, 0.27013396423775 ], [ 35.148616909455569, 0.22040896844783 ], [ 35.198008589188781, 0.220401709423236 ] ] ] } },
{ "type": "Feature", "properties": { "grid_cell_id": "cell_0262", "within_scheme_boundary": false }, "geometry": { "type": "Polygon", "coordinates": [ [ [ 35.19801670405149, 0.270125067531934 ], [ 35.198026464143034, 0.319848421259276 ], [ 35.14863438350195, 0.319858955659033 ], [ 35.148624842314327, 0.27013396423775 ], [ 35.19801670405149, 0.270125067531934 ] ] ] } },
{ "type": "Feature", "properties": { "grid_cell_id": "cell_0263", "within_scheme_boundary": false }, "geometry": { "type": "Polygon", "coordinates": [ [ [ 35.247494636988449, -0.575152584353599 ], [ 35.247476019804679, -0.525430940769343 ], [ 35.198084287747953, -0.525448639551415 ], [ 35.198102496602786, -0.575171958078583 ], [ 35.247494636988449, -0.575152584353599 ] ] ] } },
{ "type": "Feature", "properties": { "grid_cell_id": "cell_0264", "within_scheme_boundary": false }, "geometry": { "type": "Polygon", "coordinates": [ [ [ 35.247476019804679, -0.525430940769343 ], [ 35.247459085000585, -0.475709288637438 ], [ 35.198067724373331, -0.4757253125019 ], [ 35.198084287747953, -0.525448639551415 ], [ 35.247476019804679, -0.525430940769343 ] ] ] } },
{ "type": "Feature", "properties": { "grid_cell_id": "cell_0265", "within_scheme_boundary": false }, "geometry": { "type": "Polygon", "coordinates": [ [ [ 35.247459085000585, -0.475709288637438 ], [ 35.247443832513163, -0.425987628766686 ], [ 35.198052806417309, -0.426001977736446 ], [ 35.198067724373331, -0.4757253125019 ], [ 35.247459085000585, -0.475709288637438 ] ] ] } },
{ "type": "Feature", "properties": { "grid_cell_id": "cell_0266", "within_scheme_boundary": false }, "geometry": { "type": "Polygon", "coordinates": [ [ [ 35.247443832513163, -0.425987628766686 ], [ 35.247430262285697, -0.37626596196591 ], [ 35.198039533824414, -0.37627863606148 ], [ 35.198052806417309, -0.426001977736446 ], [ 35.247443832513163, -0.425987628766686 ] ] ] } },
{ "type": "Feature", "properties": { "grid_cell_id": "cell_0267", "within_scheme_boundary": false }, "geometry": { "type": "Polygon", "coordinates": [ [ [ 35.247430262285697, -0.37626596196591 ], [ 35.247418374267724, -0.326544289043947 ], [ 35.198027906545256, -0.326555288283446 ], [ 35.198039533824414, -0.37627863606148 ], [ 35.247430262285697, -0.37626596196591 ] ] ] } },
{ "type": "Feature", "properties": { "grid_cell_id": "cell_0268", "within_scheme_boundary": false }, "geometry": { "type": "Polygon", "coordinates": [ [ [ 35.247418374267724, -0.326544289043947 ], [ 35.247408168415021, -0.276822610809652 ], [ 35.1980179245366, -0.276831935208804 ], [ 35.198027906545256, -0.326555288283446 ], [ 35.247418374267724, -0.326544289043947 ] ] ] } },
{ "type": "Feature", "properties": { "grid_cell_id": "cell_0269", "within_scheme_boundary": false }, "geometry": { "type": "Polygon", "coordinates": [ [ [ 35.247408168415021, -0.276822610809652 ], [ 35.247399644689636, -0.227100928071891 ], [ 35.198009587761312, -0.227108577644025 ], [ 35.1980179245366, -0.276831935208804 ], [ 35.247408168415021, -0.276822610809652 ] ] ] } },
{ "type": "Feature", "properties": { "grid_cell_id": "cell_0270", "within_scheme_boundary": false }, "geometry": { "type": "Polygon", "coordinates": [ [ [ 35.247399644689636, -0.227100928071891 ], [ 35.247392803059867, -0.177379241639542 ], [ 35.198002896188406, -0.177385216395594 ], [ 35.198009587761312, -0.227108577644025 ], [ 35.247399644689636, -0.227100928071891 ] ] ] } },
{ "type": "Feature", "properties": { "grid_cell_id": "cell_0271", "within_scheme_boundary": false }, "geometry": { "type": "Polygon", "coordinates": [ [ [ 35.247392803059867, -0.177379241639542 ], [ 35.247387643500275, -0.127657552321492 ], [ 35.197997849792976, -0.127661852270002 ], [ 35.198002896188406, -0.177385216395594 ], [ 35.247392803059867, -0.177379241639542 ] ] ] } },
{ "type": "Feature", "properties": { "grid_cell_id": "cell_0272", "within_scheme_boundary": false }, "geometry": { "type": "Polygon", "coordinates": [ [ [ 35.247387643500275, -0.127657552321492 ], [ 35.247384165991669, -0.077935860926636 ], [ 35.197994448556258, -0.077938486073751 ], [ 35.197997849792976, -0.127661852270002 ], [ 35.247387643500275, -0.127657552321492 ] ] ] } },
{ "type": "Feature", "properties": { "grid_cell_id": "cell_0273", "within_scheme_boundary": false }, "geometry": { "type": "Polygon", "coordinates": [ [ [ 35.247384165991669, -0.077935860926636 ], [ 35.247382370521116, -0.028214168263871 ], [ 35.197992692465597, -0.028215118613344 ], [ 35.197994448556258, -0.077938486073751 ], [ 35.247384165991669, -0.077935860926636 ] ] ] } },
{ "type": "Feature", "properties": { "grid_cell_id": "cell_0274", "within_scheme_boundary": false }, "geometry": { "type": "Polygon", "coordinates": [ [ [ 35.247382370521116, -0.028214168263871 ], [ 35.247382257081931, 0.021507524857899 ], [ 35.197992581514477, 0.02150824930471 ], [ 35.197992692465597, -0.028215118613344 ], [ 35.247382370521116, -0.028214168263871 ] ] ] } },
{ "type": "Feature", "properties": { "grid_cell_id": "cell_0275", "within_scheme_boundary": false }, "geometry": { "type": "Polygon", "coordinates": [ [ [ 35.247382257081931, 0.021507524857899 ], [ 35.247383825673701, 0.071229217629771 ], [ 35.197994115702457, 0.071231616873902 ], [ 35.197992581514477, 0.02150824930471 ], [ 35.247382257081931, 0.021507524857899 ] ] ] } },
{ "type": "Feature", "properties": { "grid_cell_id": "cell_0276", "within_scheme_boundary": false }, "geometry": { "type": "Polygon", "coordinates": [ [ [ 35.247383825673701, 0.071229217629771 ], [ 35.247387076302267, 0.120950909242843 ], [ 35.197997295035272, 0.120954983287723 ], [ 35.197994115702457, 0.071231616873902 ], [ 35.247383825673701, 0.071229217629771 ] ] ] } },
{ "type": "Feature", "properties": { "grid_cell_id": "cell_0277", "within_scheme_boundary": false }, "geometry": { "type": "Polygon", "coordinates": [ [ [ 35.247387076302267, 0.120950909242843 ], [ 35.247392008979709, 0.170672598888215 ], [ 35.19800211952473, 0.170678347739668 ], [ 35.197997295035272, 0.120954983287723 ], [ 35.247387076302267, 0.120950909242843 ] ] ] } },
{ "type": "Feature", "properties": { "grid_cell_id": "cell_0278", "within_scheme_boundary": false }, "geometry": { "type": "Polygon", "coordinates": [ [ [ 35.247392008979709, 0.170672598888215 ], [ 35.247398623724358, 0.220394285756992 ], [ 35.198008589188781, 0.220401709423236 ], [ 35.19800211952473, 0.170678347739668 ], [ 35.247392008979709, 0.170672598888215 ] ] ] } },
{ "type": "Feature", "properties": { "grid_cell_id": "cell_0279", "within_scheme_boundary": false }, "geometry": { "type": "Polygon", "coordinates": [ [ [ 35.247398623724358, 0.220394285756992 ], [ 35.247406920560842, 0.270115969040287 ], [ 35.19801670405149, 0.270125067531934 ], [ 35.198008589188781, 0.220401709423236 ], [ 35.247398623724358, 0.220394285756992 ] ] ] } },
{ "type": "Feature", "properties": { "grid_cell_id": "cell_0280", "within_scheme_boundary": false }, "geometry": { "type": "Polygon", "coordinates": [ [ [ 35.296866069482782, -0.525412849530547 ], [ 35.296848763312184, -0.475692909456239 ], [ 35.247459085000585, -0.475709288637438 ], [ 35.247476019804679, -0.525430940769343 ], [ 35.296866069482782, -0.525412849530547 ] ] ] } },
{ "type": "Feature", "properties": { "grid_cell_id": "cell_0281", "within_scheme_boundary": false }, "geometry": { "type": "Polygon", "coordinates": [ [ [ 35.296848763312184, -0.475692909456239 ], [ 35.296833176350098, -0.425972961619671 ], [ 35.247443832513163, -0.425987628766686 ], [ 35.247459085000585, -0.475709288637438 ], [ 35.296848763312184, -0.475692909456239 ] ] ] } },
{ "type": "Feature", "properties": { "grid_cell_id": "cell_0282", "within_scheme_boundary": false }, "geometry": { "type": "Polygon", "coordinates": [ [ [ 35.296833176350098, -0.425972961619671 ], [ 35.296819308538545, -0.376253006832112 ], [ 35.247430262285697, -0.37626596196591 ], [ 35.247443832513163, -0.425987628766686 ], [ 35.296833176350098, -0.425972961619671 ] ] ] } },
{ "type": "Feature", "properties": { "grid_cell_id": "cell_0283", "within_scheme_boundary": false }, "geometry": { "type": "Polygon", "coordinates": [ [ [ 35.296819308538545, -0.376253006832112 ], [ 35.296807159825967, -0.326533045904849 ], [ 35.247418374267724, -0.326544289043947 ], [ 35.247430262285697, -0.37626596196591 ], [ 35.296819308538545, -0.376253006832112 ] ] ] } },
{ "type": "Feature", "properties": { "grid_cell_id": "cell_0284", "within_scheme_boundary": false }, "geometry": { "type": "Polygon", "coordinates": [ [ [ 35.296807159825967, -0.326533045904849 ], [ 35.296796730167173, -0.276813079649183 ], [ 35.247408168415021, -0.276822610809652 ], [ 35.247418374267724, -0.326544289043947 ], [ 35.296807159825967, -0.326533045904849 ] ] ] } },
{ "type": "Feature", "properties": { "grid_cell_id": "cell_0285", "within_scheme_boundary": false }, "geometry": { "type": "Polygon", "coordinates": [ [ [ 35.296796730167173, -0.276813079649183 ], [ 35.296788019523376, -0.227093108876428 ], [ 35.247399644689636, -0.227100928071891 ], [ 35.247408168415021, -0.276822610809652 ], [ 35.296796730167173, -0.276813079649183 ] ] ] } },
{ "type": "Feature", "properties": { "grid_cell_id": "cell_0286", "within_scheme_boundary": false }, "geometry": { "type": "Polygon", "coordinates": [ [ [ 35.296788019523376, -0.227093108876428 ], [ 35.296781027862203, -0.177373134397908 ], [ 35.247392803059867, -0.177379241639542 ], [ 35.247399644689636, -0.227100928071891 ], [ 35.296788019523376, -0.227093108876428 ] ] ] } },
{ "type": "Feature", "properties": { "grid_cell_id": "cell_0287", "within_scheme_boundary": false }, "geometry": { "type": "Polygon", "coordinates": [ [ [ 35.296781027862203, -0.177373134397908 ], [ 35.296775755157633, -0.127653157024958 ], [ 35.247387643500275, -0.127657552321492 ], [ 35.247392803059867, -0.177379241639542 ], [ 35.296781027862203, -0.177373134397908 ] ] ] } },
{ "type": "Feature", "properties": { "grid_cell_id": "cell_0288", "within_scheme_boundary": false }, "geometry": { "type": "Polygon", "coordinates": [ [ [ 35.296775755157633, -0.127653157024958 ], [ 35.296772201390063, -0.077933177568919 ], [ 35.247384165991669, -0.077935860926636 ], [ 35.247387643500275, -0.127657552321492 ], [ 35.296775755157633, -0.127653157024958 ] ] ] } },
{ "type": "Feature", "properties": { "grid_cell_id": "cell_0289", "within_scheme_boundary": false }, "geometry": { "type": "Polygon", "coordinates": [ [ [ 35.296772201390063, -0.077933177568919 ], [ 35.296770366546298, -0.028213196841136 ], [ 35.247382370521116, -0.028214168263871 ], [ 35.247384165991669, -0.077935860926636 ], [ 35.296772201390063, -0.077933177568919 ] ] ] } },
{ "type": "Feature", "properties": { "grid_cell_id": "cell_0290", "within_scheme_boundary": false }, "geometry": { "type": "Polygon", "coordinates": [ [ [ 35.296770366546298, -0.028213196841136 ], [ 35.296770250619481, 0.021506784347041 ], [ 35.247382257081931, 0.021507524857899 ], [ 35.247382370521116, -0.028214168263871 ], [ 35.296770366546298, -0.028213196841136 ] ] ] } },
{ "type": "Feature", "properties": { "grid_cell_id": "cell_0291", "within_scheme_boundary": false }, "geometry": { "type": "Polygon", "coordinates": [ [ [ 35.296770250619481, 0.021506784347041 ], [ 35.296771853609208, 0.071226765184261 ], [ 35.247383825673701, 0.071229217629771 ], [ 35.247382257081931, 0.021507524857899 ], [ 35.296770250619481, 0.021506784347041 ] ] ] } },
{ "type": "Feature", "properties": { "grid_cell_id": "cell_0292", "within_scheme_boundary": false }, "geometry": { "type": "Polygon", "coordinates": [ [ [ 35.296771853609208, 0.071226765184261 ], [ 35.296775175521432, 0.120946744859176 ], [ 35.247387076302267, 0.120950909242843 ], [ 35.247383825673701, 0.071229217629771 ], [ 35.296771853609208, 0.071226765184261 ] ] ] } },
{ "type": "Feature", "properties": { "grid_cell_id": "cell_0293", "within_scheme_boundary": false }, "geometry": { "type": "Polygon", "coordinates": [ [ [ 35.296775175521432, 0.120946744859176 ], [ 35.296780216368496, 0.170666722560439 ], [ 35.247392008979709, 0.170672598888215 ], [ 35.247387076302267, 0.120950909242843 ], [ 35.296775175521432, 0.120946744859176 ] ] ] } },
{ "type": "Feature", "properties": { "grid_cell_id": "cell_0294", "within_scheme_boundary": false }, "geometry": { "type": "Polygon", "coordinates": [ [ [ 35.296780216368496, 0.170666722560439 ], [ 35.296786976169166, 0.220386697476707 ], [ 35.247398623724358, 0.220394285756992 ], [ 35.247392008979709, 0.170672598888215 ], [ 35.296780216368496, 0.170666722560439 ] ] ] } },
{ "type": "Feature", "properties": { "grid_cell_id": "cell_0295", "within_scheme_boundary": false }, "geometry": { "type": "Polygon", "coordinates": [ [ [ 35.296786976169166, 0.220386697476707 ], [ 35.296795454948558, 0.270106668796647 ], [ 35.247406920560842, 0.270115969040287 ], [ 35.247398623724358, 0.220394285756992 ], [ 35.296786976169166, 0.220386697476707 ] ] ] } },
{ "type": "Feature", "properties": { "grid_cell_id": "cell_0296", "within_scheme_boundary": false }, "geometry": { "type": "Polygon", "coordinates": [ [ [ 35.346236722416357, -0.475676175019215 ], [ 35.34622080103756, -0.425957976349944 ], [ 35.296833176350098, -0.425972961619671 ], [ 35.296848763312184, -0.475692909456239 ], [ 35.346236722416357, -0.475676175019215 ] ] ] } },
{ "type": "Feature", "properties": { "grid_cell_id": "cell_0297", "within_scheme_boundary": false }, "geometry": { "type": "Polygon", "coordinates": [ [ [ 35.34622080103756, -0.425957976349944 ], [ 35.346206635693498, -0.376239770708265 ], [ 35.296819308538545, -0.376253006832112 ], [ 35.296833176350098, -0.425972961619671 ], [ 35.34622080103756, -0.425957976349944 ] ] ] } },
{ "type": "Feature", "properties": { "grid_cell_id": "cell_0298", "within_scheme_boundary": false }, "geometry": { "type": "Polygon", "coordinates": [ [ [ 35.346206635693498, -0.376239770708265 ], [ 35.346194226331484, -0.326521558907964 ], [ 35.296807159825967, -0.326533045904849 ], [ 35.296819308538545, -0.376253006832112 ], [ 35.346206635693498, -0.376239770708265 ] ] ] } },
{ "type": "Feature", "properties": { "grid_cell_id": "cell_0299", "within_scheme_boundary": false }, "geometry": { "type": "Polygon", "coordinates": [ [ [ 35.346194226331484, -0.326521558907964 ], [ 35.346183572905382, -0.276803341762843 ], [ 35.296796730167173, -0.276813079649183 ], [ 35.296807159825967, -0.326533045904849 ], [ 35.346194226331484, -0.326521558907964 ] ] ] } },
{ "type": "Feature", "properties": { "grid_cell_id": "cell_0300", "within_scheme_boundary": false }, "geometry": { "type": "Polygon", "coordinates": [ [ [ 35.346183572905382, -0.276803341762843 ], [ 35.346174675375579, -0.227085120086714 ], [ 35.296788019523376, -0.227093108876428 ], [ 35.296796730167173, -0.276813079649183 ], [ 35.346183572905382, -0.276803341762843 ] ] ] } },
{ "type": "Feature", "properties": { "grid_cell_id": "cell_0301", "within_scheme_boundary": false }, "geometry": { "type": "Polygon", "coordinates": [ [ [ 35.346174675375579, -0.227085120086714 ], [ 35.346167533708986, -0.177366894693403 ], [ 35.296781027862203, -0.177373134397908 ], [ 35.296788019523376, -0.227093108876428 ], [ 35.346174675375579, -0.227085120086714 ] ] ] } },
{ "type": "Feature", "properties": { "grid_cell_id": "cell_0302", "within_scheme_boundary": false }, "geometry": { "type": "Polygon", "coordinates": [ [ [ 35.346167533708986, -0.177366894693403 ], [ 35.346162147879049, -0.127648666396744 ], [ 35.296775755157633, -0.127653157024958 ], [ 35.296781027862203, -0.177373134397908 ], [ 35.346167533708986, -0.177366894693403 ] ] ] } },
{ "type": "Feature", "properties": { "grid_cell_id": "cell_0303", "within_scheme_boundary": false }, "geometry": { "type": "Polygon", "coordinates": [ [ [ 35.346162147879049, -0.127648666396744 ], [ 35.346158517865746, -0.077930436010578 ], [ 35.296772201390063, -0.077933177568919 ], [ 35.296775755157633, -0.127653157024958 ], [ 35.346162147879049, -0.127648666396744 ] ] ] } },
{ "type": "Feature", "properties": { "grid_cell_id": "cell_0304", "within_scheme_boundary": false }, "geometry": { "type": "Polygon", "coordinates": [ [ [ 35.346158517865746, -0.077930436010578 ], [ 35.346156643655576, -0.02821220434875 ], [ 35.296770366546298, -0.028213196841136 ], [ 35.296772201390063, -0.077933177568919 ], [ 35.346158517865746, -0.077930436010578 ] ] ] } },
{ "type": "Feature", "properties": { "grid_cell_id": "cell_0305", "within_scheme_boundary": false }, "geometry": { "type": "Polygon", "coordinates": [ [ [ 35.346156643655576, -0.02821220434875 ], [ 35.346156525241561, 0.02150602777489 ], [ 35.296770250619481, 0.021506784347041 ], [ 35.296770366546298, -0.028213196841136 ], [ 35.346156643655576, -0.02821220434875 ] ] ] } },
{ "type": "Feature", "properties": { "grid_cell_id": "cell_0306", "within_scheme_boundary": false }, "geometry": { "type": "Polygon", "coordinates": [ [ [ 35.346156525241561, 0.02150602777489 ], [ 35.346158162623283, 0.071224259546493 ], [ 35.296771853609208, 0.071226765184261 ], [ 35.296770250619481, 0.021506784347041 ], [ 35.346156525241561, 0.02150602777489 ] ] ] } },
{ "type": "Feature", "properties": { "grid_cell_id": "cell_0307", "within_scheme_boundary": false }, "geometry": { "type": "Polygon", "coordinates": [ [ [ 35.346158162623283, 0.071224259546493 ], [ 35.346161555806809, 0.120942490152209 ], [ 35.296775175521432, 0.120946744859176 ], [ 35.296771853609208, 0.071226765184261 ], [ 35.346158162623283, 0.071224259546493 ] ] ] } },
{ "type": "Feature", "properties": { "grid_cell_id": "cell_0308", "within_scheme_boundary": false }, "geometry": { "type": "Polygon", "coordinates": [ [ [ 35.346161555806809, 0.120942490152209 ], [ 35.346166704804766, 0.170660718778192 ], [ 35.296780216368496, 0.170666722560439 ], [ 35.296775175521432, 0.120946744859176 ], [ 35.346161555806809, 0.120942490152209 ] ] ] } },
{ "type": "Feature", "properties": { "grid_cell_id": "cell_0309", "within_scheme_boundary": false }, "geometry": { "type": "Polygon", "coordinates": [ [ [ 35.346166704804766, 0.170660718778192 ], [ 35.346173609636296, 0.2203789446106 ], [ 35.296786976169166, 0.220386697476707 ], [ 35.296780216368496, 0.170666722560439 ], [ 35.346166704804766, 0.170660718778192 ] ] ] } },
{ "type": "Feature", "properties": { "grid_cell_id": "cell_0310", "within_scheme_boundary": false }, "geometry": { "type": "Polygon", "coordinates": [ [ [ 35.395606669691382, -0.425942673013232 ], [ 35.395592206867477, -0.376226253643589 ], [ 35.346206635693498, -0.376239770708265 ], [ 35.34622080103756, -0.425957976349944 ], [ 35.395606669691382, -0.425942673013232 ] ] ] } },
{ "type": "Feature", "properties": { "grid_cell_id": "cell_0311", "within_scheme_boundary": false }, "geometry": { "type": "Polygon", "coordinates": [ [ [ 35.395592206867477, -0.376226253643589 ], [ 35.395579536902176, -0.326509828096008 ], [ 35.346194226331484, -0.326521558907964 ], [ 35.346206635693498, -0.376239770708265 ], [ 35.395592206867477, -0.376226253643589 ] ] ] } },
{ "type": "Feature", "properties": { "grid_cell_id": "cell_0312", "within_scheme_boundary": false }, "geometry": { "type": "Polygon", "coordinates": [ [ [ 35.395579536902176, -0.326509828096008 ], [ 35.395568659748385, -0.276793397186841 ], [ 35.346183572905382, -0.276803341762843 ], [ 35.346194226331484, -0.326521558907964 ], [ 35.395579536902176, -0.326509828096008 ] ] ] } },
{ "type": "Feature", "properties": { "grid_cell_id": "cell_0313", "within_scheme_boundary": false }, "geometry": { "type": "Polygon", "coordinates": [ [ [ 35.395568659748385, -0.276793397186841 ], [ 35.395559575365652, -0.227076961732455 ], [ 35.346174675375579, -0.227085120086714 ], [ 35.346183572905382, -0.276803341762843 ], [ 35.395568659748385, -0.276793397186841 ] ] ] } },
{ "type": "Feature", "properties": { "grid_cell_id": "cell_0314", "within_scheme_boundary": false }, "geometry": { "type": "Polygon", "coordinates": [ [ [ 35.395559575365652, -0.227076961732455 ], [ 35.395552283720207, -0.177360522549229 ], [ 35.346167533708986, -0.177366894693403 ], [ 35.346174675375579, -0.227085120086714 ], [ 35.395559575365652, -0.227076961732455 ] ] ] } },
{ "type": "Feature", "properties": { "grid_cell_id": "cell_0315", "within_scheme_boundary": false }, "geometry": { "type": "Polygon", "coordinates": [ [ [ 35.395552283720207, -0.177360522549229 ], [ 35.395546784784926, -0.127644080453549 ], [ 35.346162147879049, -0.127648666396744 ], [ 35.346167533708986, -0.177366894693403 ], [ 35.395552283720207, -0.177360522549229 ] ] ] } },
{ "type": "Feature", "properties": { "grid_cell_id": "cell_0316", "within_scheme_boundary": false }, "geometry": { "type": "Polygon", "coordinates": [ [ [ 35.395546784784926, -0.127644080453549 ], [ 35.395543078539383, -0.077927636261808 ], [ 35.346158517865746, -0.077930436010578 ], [ 35.346162147879049, -0.127648666396744 ], [ 35.395546784784926, -0.127644080453549 ] ] ] } },
{ "type": "Feature", "properties": { "grid_cell_id": "cell_0317", "within_scheme_boundary": false }, "geometry": { "type": "Polygon", "coordinates": [ [ [ 35.395543078539383, -0.077927636261808 ], [ 35.395541164969778, -0.028211190790405 ], [ 35.346156643655576, -0.02821220434875 ], [ 35.346158517865746, -0.077930436010578 ], [ 35.395543078539383, -0.077927636261808 ] ] ] } },
{ "type": "Feature", "properties": { "grid_cell_id": "cell_0318", "within_scheme_boundary": false }, "geometry": { "type": "Polygon", "coordinates": [ [ [ 35.395541164969778, -0.028211190790405 ], [ 35.395541044069013, 0.02150525514426 ], [ 35.346156525241561, 0.02150602777489 ], [ 35.346156643655576, -0.02821220434875 ], [ 35.395541164969778, -0.028211190790405 ] ] ] } },
{ "type": "Feature", "properties": { "grid_cell_id": "cell_0319", "within_scheme_boundary": false }, "geometry": { "type": "Polygon", "coordinates": [ [ [ 35.395541044069013, 0.02150525514426 ], [ 35.395542715836633, 0.071221700725783 ], [ 35.346158162623283, 0.071224259546493 ], [ 35.346156525241561, 0.02150602777489 ], [ 35.395541044069013, 0.02150525514426 ] ] ] } },
{ "type": "Feature", "properties": { "grid_cell_id": "cell_0320", "within_scheme_boundary": false }, "geometry": { "type": "Polygon", "coordinates": [ [ [ 35.395542715836633, 0.071221700725783 ], [ 35.395546180278849, 0.120938145137762 ], [ 35.346161555806809, 0.120942490152209 ], [ 35.346158162623283, 0.071224259546493 ], [ 35.395542715836633, 0.071221700725783 ] ] ] } },
{ "type": "Feature", "properties": { "grid_cell_id": "cell_0321", "within_scheme_boundary": false }, "geometry": { "type": "Polygon", "coordinates": [ [ [ 35.444963054662487, -0.326497853512596 ], [ 35.444951953821445, -0.276783245958153 ], [ 35.395568659748385, -0.276793397186841 ], [ 35.395579536902176, -0.326509828096008 ], [ 35.444963054662487, -0.326497853512596 ] ] ] } },
{ "type": "Feature", "properties": { "grid_cell_id": "cell_0322", "within_scheme_boundary": false }, "geometry": { "type": "Polygon", "coordinates": [ [ [ 35.444951953821445, -0.276783245958153 ], [ 35.444942682619555, -0.227068633843987 ], [ 35.395559575365652, -0.227076961732455 ], [ 35.395568659748385, -0.276793397186841 ], [ 35.444951953821445, -0.276783245958153 ] ] ] } },
{ "type": "Feature", "properties": { "grid_cell_id": "cell_0323", "within_scheme_boundary": false }, "geometry": { "type": "Polygon", "coordinates": [ [ [ 35.444942682619555, -0.227068633843987 ], [ 35.444935241022357, -0.17735401798908 ], [ 35.395552283720207, -0.177360522549229 ], [ 35.395559575365652, -0.227076961732455 ], [ 35.444942682619555, -0.227068633843987 ] ] ] } },
{ "type": "Feature", "properties": { "grid_cell_id": "cell_0324", "within_scheme_boundary": false }, "geometry": { "type": "Polygon", "coordinates": [ [ [ 35.444935241022357, -0.17735401798908 ], [ 35.444929629002189, -0.127639399212424 ], [ 35.395546784784926, -0.127644080453549 ], [ 35.395552283720207, -0.177360522549229 ], [ 35.444935241022357, -0.17735401798908 ] ] ] } },
{ "type": "Feature", "properties": { "grid_cell_id": "cell_0325", "within_scheme_boundary": false }, "geometry": { "type": "Polygon", "coordinates": [ [ [ 35.444929629002189, -0.127639399212424 ], [ 35.444925846538176, -0.077924778333019 ], [ 35.395543078539383, -0.077927636261808 ], [ 35.395546784784926, -0.127644080453549 ], [ 35.444929629002189, -0.127639399212424 ] ] ] } },
{ "type": "Feature", "properties": { "grid_cell_id": "cell_0326", "within_scheme_boundary": false }, "geometry": { "type": "Polygon", "coordinates": [ [ [ 35.444925846538176, -0.077924778333019 ], [ 35.444923893616263, -0.028210156169868 ], [ 35.395541164969778, -0.028211190790405 ], [ 35.395543078539383, -0.077927636261808 ], [ 35.444925846538176, -0.077924778333019 ] ] ] } },
{ "type": "Feature", "properties": { "grid_cell_id": "cell_0327", "within_scheme_boundary": false }, "geometry": { "type": "Polygon", "coordinates": [ [ [ 35.444923893616263, -0.028210156169868 ], [ 35.444923770229188, 0.021504466458023 ], [ 35.395541044069013, 0.02150525514426 ], [ 35.395541164969778, -0.028211190790405 ], [ 35.444923893616263, -0.028210156169868 ] ] ] } }
]
}
