key,scientificName,decimalLatitude,decimalLongitude,eventDate,year,month,day,basisOfRecord,datasetKey
46821091,"Ceratitis anonae Graham, 1908",0.266667,34.8833,2000-01-25,2000,1,25.0,PRESERVED_SPECIMEN,b276cb50-d3ea-11dc-ab69-b8a03c50a862
46821092,"Ceratitis anonae Graham, 1908",0.266667,34.8833,2000-01-25,2000,1,25.0,PRESERVED_SPECIMEN,b276cb50-d3ea-11dc-ab69-b8a03c50a862
46821093,"Ceratitis anonae Graham, 1908",0.266667,34.8833,2000-01-26,2000,1,26.0,PRESERVED_SPECIMEN,b276cb50-d3ea-11dc-ab69-b8a03c50a862
46821094,"Ceratitis anonae Graham, 1908",0.266667,34.8833,2000-01-25,2000,1,25.0,PRESERVED_SPECIMEN,b276cb50-d3ea-11dc-ab69-b8a03c50a862
46821095,"Ceratitis anonae Graham, 1908",0.266667,34.8833,2000-01-26,2000,1,26.0,PRESERVED_SPECIMEN,b276cb50-d3ea-11dc-ab69-b8a03c50a862
46821117,"Ceratitis anonae Graham, 1908",0.266667,34.8833,2000-01-25,2000,1,25.0,PRESERVED_SPECIMEN,b276cb50-d3ea-11dc-ab69-b8a03c50a862
46821118,"Ceratitis anonae Graham, 1908",0.266667,34.8833,2000-01-26,2000,1,26.0,PRESERVED_SPECIMEN,b276cb50-d3ea-11dc-ab69-b8a03c50a862
46821124,"Ceratitis anonae Graham, 1908",0.266667,34.8833,2000-01-25,2000,1,25.0,PRESERVED_SPECIMEN,b276cb50-d3ea-11dc-ab69-b8a03c50a862
46821125,"Ceratitis anonae Graham, 1908",0.266667,34.8833,2000-01-25,2000,1,25.0,PRESERVED_SPECIMEN,b276cb50-d3ea-11dc-ab69-b8a03c50a862
46821126,"Ceratitis anonae Graham, 1908",0.266667,34.8833,2000-01-26,2000,1,26.0,PRESERVED_SPECIMEN,b276cb50-d3ea-11dc-ab69-b8a03c50a862
46822592,"Ceratitis capitata (Wiedemann, 1824)",-0.183333,35.2667,2000-01-27,2000,1,27.0,PRESERVED_SPECIMEN,b276cb50-d3ea-11dc-ab69-b8a03c50a862
46822598,"Ceratitis capitata (Wiedemann, 1824)",0.266667,34.8833,2000-01-26,2000,1,26.0,PRESERVED_SPECIMEN,b276cb50-d3ea-11dc-ab69-b8a03c50a862
46825137,"Ceratitis hamata Meyer, 1996",0.266667,34.8833,2000-01-25,2000,1,25.0,PRESERVED_SPECIMEN,b276cb50-d3ea-11dc-ab69-b8a03c50a862
46821036,"Ceratitis anonae Graham, 1908",0.266667,34.8833,2000-02-25,2000,2,25.0,PRESERVED_SPECIMEN,b276cb50-d3ea-11dc-ab69-b8a03c50a862
46821080,"Ceratitis anonae Graham, 1908",0.266667,34.8833,2000-02-26,2000,2,26.0,PRESERVED_SPECIMEN,b276cb50-d3ea-11dc-ab69-b8a03c50a862
46821119,"Ceratitis anonae Graham, 1908",0.266667,34.8833,2000-02-25,2000,2,25.0,PRESERVED_SPECIMEN,b276cb50-d3ea-11dc-ab69-b8a03c50a862
46823483,"Ceratitis connexa (Bezzi, 1926)",0.266667,34.8833,2000-02-26,2000,2,26.0,PRESERVED_SPECIMEN,b276cb50-d3ea-11dc-ab69-b8a03c50a862
46824115,"Ceratitis ditissima (Munro, 1938)",0.266667,34.8833,2000-02-25,2000,2,25.0,PRESERVED_SPECIMEN,b276cb50-d3ea-11dc-ab69-b8a03c50a862
46824119,"Ceratitis ditissima (Munro, 1938)",0.266667,34.8833,2000-02-25,2000,2,25.0,PRESERVED_SPECIMEN,b276cb50-d3ea-11dc-ab69-b8a03c50a862
46824124,"Ceratitis ditissima (Munro, 1938)",0.266667,34.8833,2000-02-25,2000,2,25.0,PRESERVED_SPECIMEN,b276cb50-d3ea-11dc-ab69-b8a03c50a862
46825138,"Ceratitis hamata Meyer, 1996",0.266667,34.8833,2000-02-25,2000,2,25.0,PRESERVED_SPECIMEN,b276cb50-d3ea-11dc-ab69-b8a03c50a862
46825141,"Ceratitis hamata Meyer, 1996",0.266667,34.8833,2000-02-25,2000,2,25.0,PRESERVED_SPECIMEN,b276cb50-d3ea-11dc-ab69-b8a03c50a862
46826142,"Ceratitis fasciventris (Bezzi, 1920)",0.266667,34.8833,2000-02-26,2000,2,26.0,PRESERVED_SPECIMEN,b276cb50-d3ea-11dc-ab69-b8a03c50a862
46826166,"Ceratitis fasciventris (Bezzi, 1920)",0.266667,34.8833,2000-02-25,2000,2,25.0,PRESERVED_SPECIMEN,b276cb50-d3ea-11dc-ab69-b8a03c50a862
46829277,"Ceratitis copelandi Meyer & Freidberg, 2006",0.266667,34.8833,2000-02-26,2000,2,26.0,PRESERVED_SPECIMEN,b276cb50-d3ea-11dc-ab69-b8a03c50a862
46829280,"Ceratitis copelandi Meyer & Freidberg, 2006",0.266667,34.8833,2000-02-26,2000,2,26.0,PRESERVED_SPECIMEN,b276cb50-d3ea-11dc-ab69-b8a03c50a862
46821052,"Ceratitis anonae Graham, 1908",0.266667,34.8833,2000-03-30,2000,3,30.0,PRESERVED_SPECIMEN,b276cb50-d3ea-11dc-ab69-b8a03c50a862
46821053,"Ceratitis anonae Graham, 1908",0.266667,34.8833,2000-03-30,2000,3,30.0,PRESERVED_SPECIMEN,b276cb50-d3ea-11dc-ab69-b8a03c50a862
46821054,"Ceratitis anonae Graham, 1908",0.266667,34.8833,2000-03-29,2000,3,29.0,PRESERVED_SPECIMEN,b276cb50-d3ea-11dc-ab69-b8a03c50a862
46821089,"Ceratitis anonae Graham, 1908",0.266667,34.8833,2000-03-30,2000,3,30.0,PRESERVED_SPECIMEN,b276cb50-d3ea-11dc-ab69-b8a03c50a862
46821096,"Ceratitis anonae Graham, 1908",0.266667,34.8833,2000-03-29,2000,3,29.0,PRESERVED_SPECIMEN,b276cb50-d3ea-11dc-ab69-b8a03c50a862
46821097,"Ceratitis anonae Graham, 1908",0.266667,34.8833,2000-03-30,2000,3,30.0,PRESERVED_SPECIMEN,b276cb50-d3ea-11dc-ab69-b8a03c50a862
46821098,"Ceratitis anonae Graham, 1908",0.266667,34.8833,2000-03-30,2000,3,30.0,PRESERVED_SPECIMEN,b276cb50-d3ea-11dc-ab69-b8a03c50a862
46821120,"Ceratitis anonae Graham, 1908",0.266667,34.8833,2000-03-29,2000,3,29.0,PRESERVED_SPECIMEN,b276cb50-d3ea-11dc-ab69-b8a03c50a862
46821121,"Ceratitis anonae Graham, 1908",0.266667,34.8833,2000-03-30,2000,3,30.0,PRESERVED_SPECIMEN,b276cb50-d3ea-11dc-ab69-b8a03c50a862
46824116,"Ceratitis ditissima (Munro, 1938)",0.266667,34.8833,2000-03-29,2000,3,29.0,PRESERVED_SPECIMEN,b276cb50-d3ea-11dc-ab69-b8a03c50a862
46824117,"Ceratitis ditissima (Munro, 1938)",0.266667,34.8833,2000-03-29,2000,3,29.0,PRESERVED_SPECIMEN,b276cb50-d3ea-11dc-ab69-b8a03c50a862
46824118,"Ceratitis ditissima (Munro, 1938)",0.266667,34.8833,2000-03-29,2000,3,29.0,PRESERVED_SPECIMEN,b276cb50-d3ea-11dc-ab69-b8a03c50a862
46824121,"Ceratitis ditissima (Munro, 1938)",0.266667,34.8833,2000-03-29,2000,3,29.0,PRESERVED_SPECIMEN,b276cb50-d3ea-11dc-ab69-b8a03c50a862
43769716,"Hirundo rustica Linnaeus, 1758",0.33,34.48,2000-04-29T00:00,2000,4,29.0,OCCURRENCE,84c58b60-f762-11e1-a439-00145eb45e9a
46821072,"Ceratitis anonae Graham, 1908",0.266667,34.8833,2000-04-30,2000,4,30.0,PRESERVED_SPECIMEN,b276cb50-d3ea-11dc-ab69-b8a03c50a862
46821099,"Ceratitis anonae Graham, 1908",0.266667,34.8833,2000-04-30,2000,4,30.0,PRESERVED_SPECIMEN,b276cb50-d3ea-11dc-ab69-b8a03c50a862
46821101,"Ceratitis anonae Graham, 1908",0.266667,34.8833,2000-04-30,2000,4,30.0,PRESERVED_SPECIMEN,b276cb50-d3ea-11dc-ab69-b8a03c50a862
46821115,"Ceratitis anonae Graham, 1908",0.266667,34.8833,2000-04-30,2000,4,30.0,PRESERVED_SPECIMEN,b276cb50-d3ea-11dc-ab69-b8a03c50a862
46821116,"Ceratitis anonae Graham, 1908",0.266667,34.8833,2000-04-30,2000,4,30.0,PRESERVED_SPECIMEN,b276cb50-d3ea-11dc-ab69-b8a03c50a862
46821127,"Ceratitis anonae Graham, 1908",0.266667,34.8833,2000-04-30,2000,4,30.0,PRESERVED_SPECIMEN,b276cb50-d3ea-11dc-ab69-b8a03c50a862
46821948,"Ceratitis caetrata Munro, 1949",-0.166667,35.0667,2000-04-09,2000,4,9.0,PRESERVED_SPECIMEN,b276cb50-d3ea-11dc-ab69-b8a03c50a862
46826123,"Ceratitis fasciventris (Bezzi, 1920)",0.266667,34.8833,2000-04-30,2000,4,30.0,PRESERVED_SPECIMEN,b276cb50-d3ea-11dc-ab69-b8a03c50a862
46826162,"Ceratitis fasciventris (Bezzi, 1920)",0.266667,34.8833,2000-04-30,2000,4,30.0,PRESERVED_SPECIMEN,b276cb50-d3ea-11dc-ab69-b8a03c50a862
142741898,"Bactrocera amplexa (Munro, 1984)",0.266667,34.8833,2000-04-30,2000,4,30.0,PRESERVED_SPECIMEN,b276cb50-d3ea-11dc-ab69-b8a03c50a862
813239850,"Ceratitoides nigromaculata Hendel, 1928",0.266667,34.8833,2000-04-23/2000-04-30,2000,4,,PRESERVED_SPECIMEN,b276cb50-d3ea-11dc-ab69-b8a03c50a862
1024655504,"Bactrocera amplexa (Munro, 1984)",0.266667,34.8833,2000-04-30,2000,4,30.0,PRESERVED_SPECIMEN,b276cb50-d3ea-11dc-ab69-b8a03c50a862
46820855,"Ceratitis argenteobrunnea Munro, 1935",-0.183333,35.2667,2000-05-03,2000,5,3.0,PRESERVED_SPECIMEN,b276cb50-d3ea-11dc-ab69-b8a03c50a862
46820859,"Ceratitis argenteobrunnea Munro, 1935",-0.183333,35.2667,2000-05-03,2000,5,3.0,PRESERVED_SPECIMEN,b276cb50-d3ea-11dc-ab69-b8a03c50a862
46821044,"Ceratitis anonae Graham, 1908",0.266667,34.8833,2000-05-28,2000,5,28.0,PRESERVED_SPECIMEN,b276cb50-d3ea-11dc-ab69-b8a03c50a862
46821056,"Ceratitis anonae Graham, 1908",0.266667,34.8833,2000-05-01,2000,5,1.0,PRESERVED_SPECIMEN,b276cb50-d3ea-11dc-ab69-b8a03c50a862
46821057,"Ceratitis anonae Graham, 1908",0.266667,34.8833,2000-05-28,2000,5,28.0,PRESERVED_SPECIMEN,b276cb50-d3ea-11dc-ab69-b8a03c50a862
46821100,"Ceratitis anonae Graham, 1908",0.266667,34.8833,2000-05-01,2000,5,1.0,PRESERVED_SPECIMEN,b276cb50-d3ea-11dc-ab69-b8a03c50a862
46821102,"Ceratitis anonae Graham, 1908",0.266667,34.8833,2000-05-28,2000,5,28.0,PRESERVED_SPECIMEN,b276cb50-d3ea-11dc-ab69-b8a03c50a862
46821106,"Ceratitis anonae Graham, 1908",0.266667,34.8833,2000-05-01,2000,5,1.0,PRESERVED_SPECIMEN,b276cb50-d3ea-11dc-ab69-b8a03c50a862
46823404,"Ceratitis bremii Guérin-Méneville, 1843",0.266667,34.8833,2000-05-01,2000,5,1.0,PRESERVED_SPECIMEN,b276cb50-d3ea-11dc-ab69-b8a03c50a862
46824127,"Ceratitis ditissima (Munro, 1938)",0.266667,34.8833,2000-05-01,2000,5,1.0,PRESERVED_SPECIMEN,b276cb50-d3ea-11dc-ab69-b8a03c50a862
46824687,"Ceratitis discussa Munro, 1935",-0.183333,35.2667,2000-05-03,2000,5,3.0,PRESERVED_SPECIMEN,b276cb50-d3ea-11dc-ab69-b8a03c50a862
46824690,"Ceratitis discussa Munro, 1935",-0.183333,35.2667,2000-05-03,2000,5,3.0,PRESERVED_SPECIMEN,b276cb50-d3ea-11dc-ab69-b8a03c50a862
46824693,"Ceratitis discussa Munro, 1935",-0.183333,35.2667,2000-05-03,2000,5,3.0,PRESERVED_SPECIMEN,b276cb50-d3ea-11dc-ab69-b8a03c50a862
46821081,"Ceratitis anonae Graham, 1908",0.266667,34.8833,2000-06-02,2000,6,2.0,PRESERVED_SPECIMEN,b276cb50-d3ea-11dc-ab69-b8a03c50a862
46821082,"Ceratitis anonae Graham, 1908",0.266667,34.8833,2000-06-02,2000,6,2.0,PRESERVED_SPECIMEN,b276cb50-d3ea-11dc-ab69-b8a03c50a862
46821103,"Ceratitis anonae Graham, 1908",0.266667,34.8833,2000-06-02,2000,6,2.0,PRESERVED_SPECIMEN,b276cb50-d3ea-11dc-ab69-b8a03c50a862
46821123,"Ceratitis anonae Graham, 1908",0.266667,34.8833,2000-06-02,2000,6,2.0,PRESERVED_SPECIMEN,b276cb50-d3ea-11dc-ab69-b8a03c50a862
46825989,"Ceratitis fasciventris (Bezzi, 1920)",-0.166667,35.0667,2000-06-09,2000,6,9.0,PRESERVED_SPECIMEN,b276cb50-d3ea-11dc-ab69-b8a03c50a862
46826018,"Ceratitis fasciventris (Bezzi, 1920)",0.266667,34.8833,2000-06-02,2000,6,2.0,PRESERVED_SPECIMEN,b276cb50-d3ea-11dc-ab69-b8a03c50a862
46826147,"Ceratitis fasciventris (Bezzi, 1920)",-0.183333,35.2667,2000-06-04,2000,6,4.0,PRESERVED_SPECIMEN,b276cb50-d3ea-11dc-ab69-b8a03c50a862
46826171,"Ceratitis fasciventris (Bezzi, 1920)",0.266667,34.8833,2000-06-02,2000,6,2.0,PRESERVED_SPECIMEN,b276cb50-d3ea-11dc-ab69-b8a03c50a862
46827520,"Ceratitis stictica Bezzi, 1909",0.266667,34.8833,2000-06-03,2000,6,3.0,PRESERVED_SPECIMEN,b276cb50-d3ea-11dc-ab69-b8a03c50a862
46827523,"Ceratitis stictica Bezzi, 1909",0.266667,34.8833,2000-06-03,2000,6,3.0,PRESERVED_SPECIMEN,b276cb50-d3ea-11dc-ab69-b8a03c50a862
46828534,"Ceratitis rubivora Coquillett, 1901",0.266667,34.8833,2000-06-02,2000,6,2.0,PRESERVED_SPECIMEN,b276cb50-d3ea-11dc-ab69-b8a03c50a862
46829935,"Trirhithrum fraternum Munro, 1934",-0.183333,35.2667,2000-06-04,2000,6,4.0,PRESERVED_SPECIMEN,b276cb50-d3ea-11dc-ab69-b8a03c50a862
46829936,"Trirhithrum fraternum Munro, 1934",0.266667,34.8833,2000-06-03,2000,6,3.0,PRESERVED_SPECIMEN,b276cb50-d3ea-11dc-ab69-b8a03c50a862
46821063,"Ceratitis anonae Graham, 1908",0.266667,34.8833,2000-07-13,2000,7,13.0,PRESERVED_SPECIMEN,b276cb50-d3ea-11dc-ab69-b8a03c50a862
46821104,"Ceratitis anonae Graham, 1908",0.266667,34.8833,2000-07-13,2000,7,13.0,PRESERVED_SPECIMEN,b276cb50-d3ea-11dc-ab69-b8a03c50a862
46821122,"Ceratitis anonae Graham, 1908",0.266667,34.8833,2000-07-13,2000,7,13.0,PRESERVED_SPECIMEN,b276cb50-d3ea-11dc-ab69-b8a03c50a862
46821128,"Ceratitis anonae Graham, 1908",0.266667,34.8833,2000-07-13,2000,7,13.0,PRESERVED_SPECIMEN,b276cb50-d3ea-11dc-ab69-b8a03c50a862
46824688,"Ceratitis discussa Munro, 1935",-0.183333,35.2667,2000-07-15,2000,7,15.0,PRESERVED_SPECIMEN,b276cb50-d3ea-11dc-ab69-b8a03c50a862
46824691,"Ceratitis discussa Munro, 1935",-0.183333,35.2667,2000-07-15,2000,7,15.0,PRESERVED_SPECIMEN,b276cb50-d3ea-11dc-ab69-b8a03c50a862
46824694,"Ceratitis discussa Munro, 1935",-0.183333,35.2667,2000-07-15,2000,7,15.0,PRESERVED_SPECIMEN,b276cb50-d3ea-11dc-ab69-b8a03c50a862
46826061,"Ceratitis fasciventris (Bezzi, 1920)",0.266667,34.8833,2000-07-13,2000,7,13.0,PRESERVED_SPECIMEN,b276cb50-d3ea-11dc-ab69-b8a03c50a862
46826190,"Ceratitis fasciventris (Bezzi, 1920)",-0.183333,35.2667,2000-07-15,2000,7,15.0,PRESERVED_SPECIMEN,b276cb50-d3ea-11dc-ab69-b8a03c50a862
46827521,"Ceratitis stictica Bezzi, 1909",0.266667,34.8833,2000-07-13,2000,7,13.0,PRESERVED_SPECIMEN,b276cb50-d3ea-11dc-ab69-b8a03c50a862
46827524,"Ceratitis stictica Bezzi, 1909",0.266667,34.8833,2000-07-13,2000,7,13.0,PRESERVED_SPECIMEN,b276cb50-d3ea-11dc-ab69-b8a03c50a862
46828578,"Ceratitis rubivora Coquillett, 1901",0.266667,34.8833,2000-07-13,2000,7,13.0,PRESERVED_SPECIMEN,b276cb50-d3ea-11dc-ab69-b8a03c50a862
46829934,"Trirhithrum fraternum Munro, 1934",0.266667,34.8833,2000-07-13,2000,7,13.0,PRESERVED_SPECIMEN,b276cb50-d3ea-11dc-ab69-b8a03c50a862
46821064,"Ceratitis anonae Graham, 1908",0.266667,34.8833,2000-08-15,2000,8,15.0,PRESERVED_SPECIMEN,b276cb50-d3ea-11dc-ab69-b8a03c50a862
46821065,"Ceratitis anonae Graham, 1908",0.266667,34.8833,2000-08-16,2000,8,16.0,PRESERVED_SPECIMEN,b276cb50-d3ea-11dc-ab69-b8a03c50a862
46821105,"Ceratitis anonae Graham, 1908",0.266667,34.8833,2000-08-15,2000,8,15.0,PRESERVED_SPECIMEN,b276cb50-d3ea-11dc-ab69-b8a03c50a862
46821129,"Ceratitis anonae Graham, 1908",0.266667,34.8833,2000-08-16,2000,8,16.0,PRESERVED_SPECIMEN,b276cb50-d3ea-11dc-ab69-b8a03c50a862
46821130,"Ceratitis anonae Graham, 1908",0.266667,34.8833,2000-08-15,2000,8,15.0,PRESERVED_SPECIMEN,b276cb50-d3ea-11dc-ab69-b8a03c50a862
46824836,"Ceratitis cristata (Bezzi, 1920)",0.266667,34.8833,2000-08-15,2000,8,15.0,PRESERVED_SPECIMEN,b276cb50-d3ea-11dc-ab69-b8a03c50a862
46824841,"Ceratitis cristata (Bezzi, 1920)",0.266667,34.8833,2000-08-15,2000,8,15.0,PRESERVED_SPECIMEN,b276cb50-d3ea-11dc-ab69-b8a03c50a862
46824846,"Ceratitis cristata (Bezzi, 1920)",0.266667,34.8833,2000-08-15,2000,8,15.0,PRESERVED_SPECIMEN,b276cb50-d3ea-11dc-ab69-b8a03c50a862
46826100,"Ceratitis fasciventris (Bezzi, 1920)",-0.183333,35.2667,2000-08-17,2000,8,17.0,PRESERVED_SPECIMEN,b276cb50-d3ea-11dc-ab69-b8a03c50a862
46826196,"Ceratitis fasciventris (Bezzi, 1920)",-0.183333,35.2667,2000-08-17,2000,8,17.0,PRESERVED_SPECIMEN,b276cb50-d3ea-11dc-ab69-b8a03c50a862
46826198,"Ceratitis fasciventris (Bezzi, 1920)",0.266667,34.8833,2000-08-17,2000,8,17.0,PRESERVED_SPECIMEN,b276cb50-d3ea-11dc-ab69-b8a03c50a862
142741894,"Bactrocera munroi White, 2004",0.266667,34.8833,2000-08-14,2000,8,14.0,PRESERVED_SPECIMEN,b276cb50-d3ea-11dc-ab69-b8a03c50a862
142741897,"Bactrocera munroi White, 2004",0.266667,34.8833,2000-08-15,2000,8,15.0,PRESERVED_SPECIMEN,b276cb50-d3ea-11dc-ab69-b8a03c50a862
46820858,"Ceratitis argenteobrunnea Munro, 1935",0.266667,34.8833,2000-09-20,2000,9,20.0,PRESERVED_SPECIMEN,b276cb50-d3ea-11dc-ab69-b8a03c50a862
46821066,"Ceratitis anonae Graham, 1908",0.266667,34.8833,2000-09-20,2000,9,20.0,PRESERVED_SPECIMEN,b276cb50-d3ea-11dc-ab69-b8a03c50a862
46821067,"Ceratitis anonae Graham, 1908",0.266667,34.8833,2000-09-12,2000,9,12.0,PRESERVED_SPECIMEN,b276cb50-d3ea-11dc-ab69-b8a03c50a862
46821070,"Ceratitis anonae Graham, 1908",0.266667,34.8833,2000-09-20,2000,9,20.0,PRESERVED_SPECIMEN,b276cb50-d3ea-11dc-ab69-b8a03c50a862
46821075,"Ceratitis anonae Graham, 1908",0.266667,34.8833,2000-09-12,2000,9,12.0,PRESERVED_SPECIMEN,b276cb50-d3ea-11dc-ab69-b8a03c50a862
46821107,"Ceratitis anonae Graham, 1908",0.266667,34.8833,2000-09-20,2000,9,20.0,PRESERVED_SPECIMEN,b276cb50-d3ea-11dc-ab69-b8a03c50a862
46821131,"Ceratitis anonae Graham, 1908",0.266667,34.8833,2000-09-20,2000,9,20.0,PRESERVED_SPECIMEN,b276cb50-d3ea-11dc-ab69-b8a03c50a862
46821132,"Ceratitis anonae Graham, 1908",0.266667,34.8833,2000-09-12,2000,9,12.0,PRESERVED_SPECIMEN,b276cb50-d3ea-11dc-ab69-b8a03c50a862
46821962,"Ceratitis caetrata Munro, 1949",0.266667,34.8833,2000-09-20,2000,9,20.0,PRESERVED_SPECIMEN,b276cb50-d3ea-11dc-ab69-b8a03c50a862
46821971,"Ceratitis caetrata Munro, 1949",0.266667,34.8833,2000-09-20,2000,9,20.0,PRESERVED_SPECIMEN,b276cb50-d3ea-11dc-ab69-b8a03c50a862
46821980,"Ceratitis caetrata Munro, 1949",0.266667,34.8833,2000-09-20,2000,9,20.0,PRESERVED_SPECIMEN,b276cb50-d3ea-11dc-ab69-b8a03c50a862
46821982,"Ceratitis caetrata Munro, 1949",0.266667,34.8833,2000-09-21,2000,9,21.0,PRESERVED_SPECIMEN,b276cb50-d3ea-11dc-ab69-b8a03c50a862
46824842,"Ceratitis cristata (Bezzi, 1920)",0.266667,34.8833,2000-09-20,2000,9,20.0,PRESERVED_SPECIMEN,b276cb50-d3ea-11dc-ab69-b8a03c50a862
46821035,"Ceratitis anonae Graham, 1908",0.266667,34.8833,2000-10-11,2000,10,11.0,PRESERVED_SPECIMEN,b276cb50-d3ea-11dc-ab69-b8a03c50a862
46821977,"Ceratitis caetrata Munro, 1949",0.266667,34.8833,2000-10-11,2000,10,11.0,PRESERVED_SPECIMEN,b276cb50-d3ea-11dc-ab69-b8a03c50a862
46822570,"Ceratitis capitata (Wiedemann, 1824)",0.266667,34.8833,2000-10-11,2000,10,11.0,PRESERVED_SPECIMEN,b276cb50-d3ea-11dc-ab69-b8a03c50a862
46824837,"Ceratitis cristata (Bezzi, 1920)",0.266667,34.8833,2000-10-11,2000,10,11.0,PRESERVED_SPECIMEN,b276cb50-d3ea-11dc-ab69-b8a03c50a862
46824838,"Ceratitis cristata (Bezzi, 1920)",0.266667,34.8833,2000-10-11,2000,10,11.0,PRESERVED_SPECIMEN,b276cb50-d3ea-11dc-ab69-b8a03c50a862
142745593,"Dacus limbipennis Macquart, 1844",-0.183333,35.2667,2000-10-12,2000,10,12.0,PRESERVED_SPECIMEN,b276cb50-d3ea-11dc-ab69-b8a03c50a862
1416039862,BOLD:ABV8065,0.236,34.864,2000-10-11,2000,10,11.0,MATERIAL_SAMPLE,040c5662-da76-4782-a48e-cdea1892d14c
1792825247,"Treron calvus (Temminck, 1811)",0.238735,34.86586,2000-10-07,2000,10,7.0,HUMAN_OBSERVATION,4fa7b334-ce0d-4e88-aaae-2e0c138d049e
1792825266,"Merops muelleri (Cassin, 1857)",0.238735,34.86586,2000-10-07,2000,10,7.0,HUMAN_OBSERVATION,4fa7b334-ce0d-4e88-aaae-2e0c138d049e
1792825526,"Motacilla aguimp Temminck, 1820",0.238735,34.86586,2000-10-07,2000,10,7.0,HUMAN_OBSERVATION,4fa7b334-ce0d-4e88-aaae-2e0c138d049e
1792825551,"Zosterops senegalensis Bonaparte, 1850",0.238735,34.86586,2000-10-07,2000,10,7.0,HUMAN_OBSERVATION,4fa7b334-ce0d-4e88-aaae-2e0c138d049e
1792825575,"Bycanistes subcylindricus (P.L.Sclater, 1871)",0.238735,34.86586,2000-10-07,2000,10,7.0,HUMAN_OBSERVATION,4fa7b334-ce0d-4e88-aaae-2e0c138d049e
1792825608,"Oriolus larvatus Lichtenstein, 1823",0.238735,34.86586,2000-10-07,2000,10,7.0,HUMAN_OBSERVATION,4fa7b334-ce0d-4e88-aaae-2e0c138d049e
912289412,Bothriocline fusca (S.Moore) M.G.Gilbert,0.037222,35.266667,2000-11-09T00:00,2000,11,9.0,PRESERVED_SPECIMEN,cd6e21c8-9e8a-493a-8a76-fbf7862069e5
2790686367,"Trachylaemus purpuratus (J.Verreaux & E.Verreaux, 1851)",0.2702,34.883,2000-11-02,2000,11,2.0,HUMAN_OBSERVATION,4fa7b334-ce0d-4e88-aaae-2e0c138d049e
2799901262,"Nigrita fusconotus Fraser, 1843",0.2702,34.883,2000-11-01,2000,11,1.0,HUMAN_OBSERVATION,4fa7b334-ce0d-4e88-aaae-2e0c138d049e
5296674045,"Motacilla aguimp Temminck, 1820",0.22692,34.884655,2000-11-01,2000,11,1.0,HUMAN_OBSERVATION,4fa7b334-ce0d-4e88-aaae-2e0c138d049e
5297393691,"Tringa stagnatilis (Bechstein, 1803)",-0.171318,34.910065,2000-11-03,2000,11,3.0,HUMAN_OBSERVATION,4fa7b334-ce0d-4e88-aaae-2e0c138d049e
5303312232,"Merops oreobates (Sharpe, 1892)",0.22692,34.884655,2000-11-01,2000,11,1.0,HUMAN_OBSERVATION,4fa7b334-ce0d-4e88-aaae-2e0c138d049e
5305581840,"Hieraaetus ayresii (Gurney, 1862)",0.22692,34.884655,2000-11-02,2000,11,2.0,HUMAN_OBSERVATION,4fa7b334-ce0d-4e88-aaae-2e0c138d049e
5306903068,"Poeoptera stuhlmanni (Reichenow, 1893)",0.212681,34.92315,2000-11-02,2000,11,2.0,HUMAN_OBSERVATION,4fa7b334-ce0d-4e88-aaae-2e0c138d049e
5308382783,"Platysteira cyanea (Statius Muller, 1776)",0.212681,34.92315,2000-11-02,2000,11,2.0,HUMAN_OBSERVATION,4fa7b334-ce0d-4e88-aaae-2e0c138d049e
5312248335,"Ardea alba Linnaeus, 1758",-0.171318,34.910065,2000-11-03,2000,11,3.0,HUMAN_OBSERVATION,4fa7b334-ce0d-4e88-aaae-2e0c138d049e
5315862690,"Ardea brachyrhyncha (Brehm, 1854)",-0.171318,34.910065,2000-11-03,2000,11,3.0,HUMAN_OBSERVATION,4fa7b334-ce0d-4e88-aaae-2e0c138d049e
5316271537,"Laniarius luehderi Reichenow, 1874",0.22692,34.884655,2000-11-01,2000,11,1.0,HUMAN_OBSERVATION,4fa7b334-ce0d-4e88-aaae-2e0c138d049e
5316271659,"Crithagra striolata (Rüppell, 1840)",-0.369144,35.296364,2000-11-03,2000,11,3.0,HUMAN_OBSERVATION,4fa7b334-ce0d-4e88-aaae-2e0c138d049e
1411177207,"Tauraco schuettii (Cabanis, 1879)",0.230541,34.880775,2001-01-01,2001,1,1.0,HUMAN_OBSERVATION,4fa7b334-ce0d-4e88-aaae-2e0c138d049e
2250975523,BOLD:AAB6024,0.278,34.883,2001-01-01,2001,1,1.0,MATERIAL_SAMPLE,040c5662-da76-4782-a48e-cdea1892d14c
2250975765,BOLD:AAF1242,0.278,34.883,2001-01-01,2001,1,1.0,MATERIAL_SAMPLE,040c5662-da76-4782-a48e-cdea1892d14c
2250975986,BOLD:AAB6024,0.278,34.883,2001-01-01,2001,1,1.0,MATERIAL_SAMPLE,040c5662-da76-4782-a48e-cdea1892d14c
5841958046,"Cheiracanthium shilabira Lotz, 2015",0.21667,34.9,2001-01-03,2001,1,3.0,PRESERVED_SPECIMEN,8da1b266-12b0-4606-a6a4-664f09d28376
5841993286,"Zelotes Gistel, 1848",0.21667,34.9,2001-01-03,2001,1,3.0,PRESERVED_SPECIMEN,8da1b266-12b0-4606-a6a4-664f09d28376
5841993287,"Trochosa Koch, 1847",0.21667,34.9,2001-01-03,2001,1,3.0,PRESERVED_SPECIMEN,8da1b266-12b0-4606-a6a4-664f09d28376
5842015413,Salticidae,0.21667,34.9,2001-01-03,2001,1,3.0,PRESERVED_SPECIMEN,8da1b266-12b0-4606-a6a4-664f09d28376
5842031033,"Copa flavoplumosa Simon, 1886",0.21667,34.9,2001-01-03,2001,1,3.0,PRESERVED_SPECIMEN,8da1b266-12b0-4606-a6a4-664f09d28376
46820853,"Ceratitis argenteobrunnea Munro, 1935",-0.269722,35.1614,2001-02-21,2001,2,21.0,PRESERVED_SPECIMEN,b276cb50-d3ea-11dc-ab69-b8a03c50a862
46821026,"Ceratitis anonae Graham, 1908",0.266667,34.8833,2001-02-18,2001,2,18.0,PRESERVED_SPECIMEN,b276cb50-d3ea-11dc-ab69-b8a03c50a862
46821027,"Ceratitis anonae Graham, 1908",0.266667,34.8833,2001-02-19,2001,2,19.0,PRESERVED_SPECIMEN,b276cb50-d3ea-11dc-ab69-b8a03c50a862
46821030,"Ceratitis anonae Graham, 1908",-0.183333,35.2667,2001-02-21,2001,2,21.0,PRESERVED_SPECIMEN,b276cb50-d3ea-11dc-ab69-b8a03c50a862
46821058,"Ceratitis anonae Graham, 1908",0.266667,34.8833,2001-02-19,2001,2,19.0,PRESERVED_SPECIMEN,b276cb50-d3ea-11dc-ab69-b8a03c50a862
46821108,"Ceratitis anonae Graham, 1908",0.266667,34.8833,2001-02-19,2001,2,19.0,PRESERVED_SPECIMEN,b276cb50-d3ea-11dc-ab69-b8a03c50a862
46822353,"Ceratitis capitata (Wiedemann, 1824)",-0.183333,35.2667,2001-02-21,2001,2,21.0,PRESERVED_SPECIMEN,b276cb50-d3ea-11dc-ab69-b8a03c50a862
46822400,"Ceratitis capitata (Wiedemann, 1824)",-0.183333,35.2667,2001-02-21,2001,2,21.0,PRESERVED_SPECIMEN,b276cb50-d3ea-11dc-ab69-b8a03c50a862
46822655,"Ceratitis capitata (Wiedemann, 1824)",-0.183333,35.2667,2001-02-21,2001,2,21.0,PRESERVED_SPECIMEN,b276cb50-d3ea-11dc-ab69-b8a03c50a862
46822657,"Ceratitis capitata (Wiedemann, 1824)",-0.269722,35.1614,2001-02-21,2001,2,21.0,PRESERVED_SPECIMEN,b276cb50-d3ea-11dc-ab69-b8a03c50a862
46825708,"Ceratitis flexuosa (Walker, 1853)",0.266667,34.8833,2001-02-18,2001,2,18.0,PRESERVED_SPECIMEN,b276cb50-d3ea-11dc-ab69-b8a03c50a862
46825709,"Ceratitis flexuosa (Walker, 1853)",0.266667,34.8833,2001-02-19,2001,2,19.0,PRESERVED_SPECIMEN,b276cb50-d3ea-11dc-ab69-b8a03c50a862
46825717,"Ceratitis flexuosa (Walker, 1853)",0.266667,34.8833,2001-02-19,2001,2,19.0,PRESERVED_SPECIMEN,b276cb50-d3ea-11dc-ab69-b8a03c50a862
3417843140,Formicidae,0.34,34.87,2001-03-15,2001,3,15.0,PRESERVED_SPECIMEN,0ec927cf-325a-4d63-9499-d721c734463a
46821028,"Ceratitis anonae Graham, 1908",0.266667,34.8833,2001-04-26,2001,4,26.0,PRESERVED_SPECIMEN,b276cb50-d3ea-11dc-ab69-b8a03c50a862
46827095,"Ceratitis podocarpi (Bezzi, 1924)",-0.183333,35.2667,2001-04-28,2001,4,28.0,PRESERVED_SPECIMEN,b276cb50-d3ea-11dc-ab69-b8a03c50a862
46830471,"Trirhithrum inscriptum (Graham, 1910)",0.266667,34.8833,2001-04-26,2001,4,26.0,PRESERVED_SPECIMEN,b276cb50-d3ea-11dc-ab69-b8a03c50a862
46830998,"Trirhithrum nigrum (Graham, 1910)",0.266667,34.8833,2001-04-26,2001,4,26.0,PRESERVED_SPECIMEN,b276cb50-d3ea-11dc-ab69-b8a03c50a862
865162022,"Strumigenys korahyla Bolton, 1983",0.33,34.87,2001-04-24,2001,4,24.0,PRESERVED_SPECIMEN,13b70480-bd69-11dd-b15f-b8a03c50a862
865162131,"Tetraponera mocquerysi (Andre, 1890)",0.24,34.86,2001-04-19,2001,4,19.0,PRESERVED_SPECIMEN,13b70480-bd69-11dd-b15f-b8a03c50a862
865162553,"Lioponera Mayr, 1879",0.24,34.86,2001-04-20,2001,4,20.0,PRESERVED_SPECIMEN,13b70480-bd69-11dd-b15f-b8a03c50a862
865162584,"Lioponera Mayr, 1879",0.24,34.86,2001-04-20,2001,4,20.0,PRESERVED_SPECIMEN,13b70480-bd69-11dd-b15f-b8a03c50a862
865162638,Formicidae,0.33,34.87,2001-04-24,2001,4,24.0,PRESERVED_SPECIMEN,13b70480-bd69-11dd-b15f-b8a03c50a862
865162778,"Odontomachus assiniensis Emery, 1892",0.24,34.86,2001-04-20,2001,4,20.0,PRESERVED_SPECIMEN,13b70480-bd69-11dd-b15f-b8a03c50a862
865162812,"Strumigenys Smith, 1860",0.2,34.88,2001-04-25,2001,4,25.0,PRESERVED_SPECIMEN,13b70480-bd69-11dd-b15f-b8a03c50a862
865162829,"Strumigenys Smith, 1860",0.2,34.88,2001-04-25,2001,4,25.0,PRESERVED_SPECIMEN,13b70480-bd69-11dd-b15f-b8a03c50a862
865162887,"Strumigenys Smith, 1860",0.24,34.86,2001-04-26,2001,4,26.0,PRESERVED_SPECIMEN,13b70480-bd69-11dd-b15f-b8a03c50a862
865162050,"Technomyrmex andrei Emery, 1899",0.24,34.86,2001-05-15,2001,5,15.0,PRESERVED_SPECIMEN,13b70480-bd69-11dd-b15f-b8a03c50a862
865162067,"Tetramorium brevispinosum (Stitz, 1910)",0.24,34.86,2001-05-02,2001,5,2.0,PRESERVED_SPECIMEN,13b70480-bd69-11dd-b15f-b8a03c50a862
865162213,"Tetramorium nodiferum (Emery, 1901)",0.24,34.86,2001-05-04,2001,5,4.0,PRESERVED_SPECIMEN,13b70480-bd69-11dd-b15f-b8a03c50a862
865162235,"Tetramorium nodiferum (Emery, 1901)",0.24,34.86,2001-05-04,2001,5,4.0,PRESERVED_SPECIMEN,13b70480-bd69-11dd-b15f-b8a03c50a862
865162775,"Strumigenys ludovici Forel, 1904",0.25,34.85,2001-05-04,2001,5,4.0,PRESERVED_SPECIMEN,13b70480-bd69-11dd-b15f-b8a03c50a862
865162794,"Strumigenys ludovici Forel, 1904",0.25,34.85,2001-05-04,2001,5,4.0,PRESERVED_SPECIMEN,13b70480-bd69-11dd-b15f-b8a03c50a862
865162864,"Strumigenys Smith, 1860",0.24,34.86,2001-05-15,2001,5,15.0,PRESERVED_SPECIMEN,13b70480-bd69-11dd-b15f-b8a03c50a862
865162947,"Strumigenys Smith, 1860",0.25,34.85,2001-05-04,2001,5,4.0,PRESERVED_SPECIMEN,13b70480-bd69-11dd-b15f-b8a03c50a862
865162969,"Strumigenys Smith, 1860",0.25,34.85,2001-05-04,2001,5,4.0,PRESERVED_SPECIMEN,13b70480-bd69-11dd-b15f-b8a03c50a862
865162991,"Tetramorium pinnipilum Bolton, 1980",0.24,34.86,2001-05-11,2001,5,11.0,PRESERVED_SPECIMEN,13b70480-bd69-11dd-b15f-b8a03c50a862
865163030,"Technomyrmex Mayr, 1872",0.24,34.85,2001-05-07,2001,5,7.0,PRESERVED_SPECIMEN,13b70480-bd69-11dd-b15f-b8a03c50a862
865181957,"Technomyrmex Mayr, 1872",0.24,34.85,2001-05-07,2001,5,7.0,PRESERVED_SPECIMEN,13b70480-bd69-11dd-b15f-b8a03c50a862
865182454,Paraparatrechina weissi,0.24,34.86,2001-05-15,2001,5,15.0,PRESERVED_SPECIMEN,13b70480-bd69-11dd-b15f-b8a03c50a862
46821042,"Ceratitis anonae Graham, 1908",0.266667,34.8833,2001-06-06,2001,6,6.0,PRESERVED_SPECIMEN,b276cb50-d3ea-11dc-ab69-b8a03c50a862
46821062,"Ceratitis anonae Graham, 1908",0.266667,34.8833,2001-06-06,2001,6,6.0,PRESERVED_SPECIMEN,b276cb50-d3ea-11dc-ab69-b8a03c50a862
46821109,"Ceratitis anonae Graham, 1908",0.266667,34.8833,2001-06-06,2001,6,6.0,PRESERVED_SPECIMEN,b276cb50-d3ea-11dc-ab69-b8a03c50a862
46821955,"Ceratitis caetrata Munro, 1949",-0.269722,35.1614,2001-06-08,2001,6,8.0,PRESERVED_SPECIMEN,b276cb50-d3ea-11dc-ab69-b8a03c50a862
46822354,"Ceratitis capitata (Wiedemann, 1824)",-0.269722,35.1614,2001-06-08,2001,6,8.0,PRESERVED_SPECIMEN,b276cb50-d3ea-11dc-ab69-b8a03c50a862
46824120,"Ceratitis ditissima (Munro, 1938)",0.266667,34.8833,2001-06-07,2001,6,7.0,PRESERVED_SPECIMEN,b276cb50-d3ea-11dc-ab69-b8a03c50a862
46824122,"Ceratitis ditissima (Munro, 1938)",0.266667,34.8833,2001-06-07,2001,6,7.0,PRESERVED_SPECIMEN,b276cb50-d3ea-11dc-ab69-b8a03c50a862
46825715,"Ceratitis flexuosa (Walker, 1853)",0.266667,34.8833,2001-06-06,2001,6,6.0,PRESERVED_SPECIMEN,b276cb50-d3ea-11dc-ab69-b8a03c50a862
46829908,"Trirhithrum demeyeri White & Hancock, 2003",0.266667,34.8833,2001-06-07,2001,6,7.0,PRESERVED_SPECIMEN,b276cb50-d3ea-11dc-ab69-b8a03c50a862
46829917,"Trirhithrum demeyeri White & Hancock, 2003",0.266667,34.8833,2001-06-07,2001,6,7.0,PRESERVED_SPECIMEN,b276cb50-d3ea-11dc-ab69-b8a03c50a862
46830473,"Trirhithrum inscriptum (Graham, 1910)",0.266667,34.8833,2001-06-06,2001,6,6.0,PRESERVED_SPECIMEN,b276cb50-d3ea-11dc-ab69-b8a03c50a862
46831000,"Trirhithrum nigrum (Graham, 1910)",0.266667,34.8833,2001-06-06,2001,6,6.0,PRESERVED_SPECIMEN,b276cb50-d3ea-11dc-ab69-b8a03c50a862
142742629,"Dacus bivittatus (Bigot, 1858)",0.266667,34.8833,2001-06-06,2001,6,6.0,PRESERVED_SPECIMEN,b276cb50-d3ea-11dc-ab69-b8a03c50a862
46821957,"Ceratitis caetrata Munro, 1949",0.266667,34.8833,2001-07-30,2001,7,30.0,PRESERVED_SPECIMEN,b276cb50-d3ea-11dc-ab69-b8a03c50a862
46822373,"Ceratitis capitata (Wiedemann, 1824)",-0.269722,35.1614,2001-07-30,2001,7,30.0,PRESERVED_SPECIMEN,b276cb50-d3ea-11dc-ab69-b8a03c50a862
46822375,"Ceratitis capitata (Wiedemann, 1824)",-0.269722,35.1614,2001-07-30,2001,7,30.0,PRESERVED_SPECIMEN,b276cb50-d3ea-11dc-ab69-b8a03c50a862
46826053,"Ceratitis fasciventris (Bezzi, 1920)",0.266667,34.8833,2001-07-30,2001,7,30.0,PRESERVED_SPECIMEN,b276cb50-d3ea-11dc-ab69-b8a03c50a862
46827522,"Ceratitis stictica Bezzi, 1909",0.266667,34.8833,2001-07-31,2001,7,31.0,PRESERVED_SPECIMEN,b276cb50-d3ea-11dc-ab69-b8a03c50a862
46827525,"Ceratitis stictica Bezzi, 1909",0.266667,34.8833,2001-07-31,2001,7,31.0,PRESERVED_SPECIMEN,b276cb50-d3ea-11dc-ab69-b8a03c50a862
142745604,"Dacus limbipennis Macquart, 1844",0.266667,34.8833,2001-07-30,2001,7,30.0,PRESERVED_SPECIMEN,b276cb50-d3ea-11dc-ab69-b8a03c50a862
657592277,Staphylinidae,0.25,34.85,2001-07-20,2001,7,20.0,PRESERVED_SPECIMEN,aae308f4-9f9c-4cdd-b4ef-c026f48be551
657592502,Staphylinidae,0.25,34.85,2001-07-03,2001,7,3.0,PRESERVED_SPECIMEN,aae308f4-9f9c-4cdd-b4ef-c026f48be551
657597871,Formicidae,0.25,34.85,2001-07-03,2001,7,3.0,PRESERVED_SPECIMEN,aae308f4-9f9c-4cdd-b4ef-c026f48be551
657598486,Staphylinidae,0.25,34.85,2001-07-03,2001,7,3.0,PRESERVED_SPECIMEN,aae308f4-9f9c-4cdd-b4ef-c026f48be551
657600864,Pselaphidae,0.25,34.85,2001-07-19,2001,7,19.0,PRESERVED_SPECIMEN,aae308f4-9f9c-4cdd-b4ef-c026f48be551
657614899,Staphylinidae,0.25,34.85,2001-07-19,2001,7,19.0,PRESERVED_SPECIMEN,aae308f4-9f9c-4cdd-b4ef-c026f48be551
46821050,"Ceratitis anonae Graham, 1908",-0.183333,35.2667,2001-08-02,2001,8,2.0,PRESERVED_SPECIMEN,b276cb50-d3ea-11dc-ab69-b8a03c50a862
46826068,"Ceratitis fasciventris (Bezzi, 1920)",-0.183333,35.2667,2001-08-02,2001,8,2.0,PRESERVED_SPECIMEN,b276cb50-d3ea-11dc-ab69-b8a03c50a862
142741190,"Carpophthoromyia vittata (Fabricius, 1794)",0.266667,34.8833,2001-08-01,2001,8,1.0,PRESERVED_SPECIMEN,b276cb50-d3ea-11dc-ab69-b8a03c50a862
142742655,"Bactrocera cucurbitae (Coquillett, 1899)",0.016667,35.1833,2001-08-01,2001,8,1.0,PRESERVED_SPECIMEN,b276cb50-d3ea-11dc-ab69-b8a03c50a862
142745595,"Dacus limbipennis Macquart, 1844",-0.183333,35.2667,2001-08-01,2001,8,1.0,PRESERVED_SPECIMEN,b276cb50-d3ea-11dc-ab69-b8a03c50a862
142745633,"Dacus limbipennis Macquart, 1844",0.016667,35.1833,2001-08-01,2001,8,1.0,PRESERVED_SPECIMEN,b276cb50-d3ea-11dc-ab69-b8a03c50a862
657590086,Staphylinidae,0.25,34.85,2001-08-05,2001,8,5.0,PRESERVED_SPECIMEN,aae308f4-9f9c-4cdd-b4ef-c026f48be551
657590552,Pselaphidae,0.25,34.85,2001-08-24,2001,8,24.0,PRESERVED_SPECIMEN,aae308f4-9f9c-4cdd-b4ef-c026f48be551
657591278,Staphylinidae,0.25,34.85,2001-08-31,2001,8,31.0,PRESERVED_SPECIMEN,aae308f4-9f9c-4cdd-b4ef-c026f48be551
657596794,Staphylinidae,0.25,34.85,2001-08-31,2001,8,31.0,PRESERVED_SPECIMEN,aae308f4-9f9c-4cdd-b4ef-c026f48be551
657597448,Staphylinidae,0.25,34.85,2001-08-24,2001,8,24.0,PRESERVED_SPECIMEN,aae308f4-9f9c-4cdd-b4ef-c026f48be551
657598688,Scydmaenidae,0.25,34.85,2001-08-24,2001,8,24.0,PRESERVED_SPECIMEN,aae308f4-9f9c-4cdd-b4ef-c026f48be551
657600126,Staphylinidae,0.25,34.85,2001-08-31,2001,8,31.0,PRESERVED_SPECIMEN,aae308f4-9f9c-4cdd-b4ef-c026f48be551
657590162,Scydmaenidae,0.25,34.85,2001-09-07,2001,9,7.0,PRESERVED_SPECIMEN,aae308f4-9f9c-4cdd-b4ef-c026f48be551
657600861,Staphylinidae,0.25,34.85,2001-09-07,2001,9,7.0,PRESERVED_SPECIMEN,aae308f4-9f9c-4cdd-b4ef-c026f48be551
657601446,Staphylinidae,0.25,34.85,2001-09-07,2001,9,7.0,PRESERVED_SPECIMEN,aae308f4-9f9c-4cdd-b4ef-c026f48be551
657609045,Carabidae,0.25,34.85,2001-09-07,2001,9,7.0,PRESERVED_SPECIMEN,aae308f4-9f9c-4cdd-b4ef-c026f48be551
657610471,Staphylinidae,0.25,34.85,2001-09-07,2001,9,7.0,PRESERVED_SPECIMEN,aae308f4-9f9c-4cdd-b4ef-c026f48be551
657612282,Staphylinidae,0.25,34.85,2001-09-07,2001,9,7.0,PRESERVED_SPECIMEN,aae308f4-9f9c-4cdd-b4ef-c026f48be551
657626391,Staphylinidae,0.25,34.85,2001-09-07,2001,9,7.0,PRESERVED_SPECIMEN,aae308f4-9f9c-4cdd-b4ef-c026f48be551
657634962,Pselaphidae,0.25,34.85,2001-09-07,2001,9,7.0,PRESERVED_SPECIMEN,aae308f4-9f9c-4cdd-b4ef-c026f48be551
657636393,Staphylinidae,0.25,34.85,2001-09-07,2001,9,7.0,PRESERVED_SPECIMEN,aae308f4-9f9c-4cdd-b4ef-c026f48be551
657640501,Pselaphidae,0.25,34.85,2001-09-07,2001,9,7.0,PRESERVED_SPECIMEN,aae308f4-9f9c-4cdd-b4ef-c026f48be551
657645184,"Diatrechus Bernhauer, 1911",0.25,34.85,2001-09-07,2001,9,7.0,PRESERVED_SPECIMEN,aae308f4-9f9c-4cdd-b4ef-c026f48be551
657654994,Staphylinidae,0.25,34.85,2001-09-07,2001,9,7.0,PRESERVED_SPECIMEN,aae308f4-9f9c-4cdd-b4ef-c026f48be551
657665997,Staphylinidae,0.25,34.85,2001-09-07,2001,9,7.0,PRESERVED_SPECIMEN,aae308f4-9f9c-4cdd-b4ef-c026f48be551
46821051,"Ceratitis anonae Graham, 1908",0.266667,34.8833,2001-10-31,2001,10,31.0,PRESERVED_SPECIMEN,b276cb50-d3ea-11dc-ab69-b8a03c50a862
46821949,"Ceratitis caetrata Munro, 1949",0.266667,34.8833,2001-10-31,2001,10,31.0,PRESERVED_SPECIMEN,b276cb50-d3ea-11dc-ab69-b8a03c50a862
46821950,"Ceratitis caetrata Munro, 1949",0.266667,34.8833,2001-10-31,2001,10,31.0,PRESERVED_SPECIMEN,b276cb50-d3ea-11dc-ab69-b8a03c50a862
46828562,"Ceratitis rubivora Coquillett, 1901",0.266667,34.8833,2001-10-31,2001,10,31.0,PRESERVED_SPECIMEN,b276cb50-d3ea-11dc-ab69-b8a03c50a862
46828572,"Ceratitis rubivora Coquillett, 1901",0.266667,34.8833,2001-10-31,2001,10,31.0,PRESERVED_SPECIMEN,b276cb50-d3ea-11dc-ab69-b8a03c50a862
46831398,"Trirhithrum overlaeti Munro, 1934",0.266667,34.8833,2001-10-31,2001,10,31.0,PRESERVED_SPECIMEN,b276cb50-d3ea-11dc-ab69-b8a03c50a862
142746465,"Dacus punctatifrons Karsch, 1887",0.266667,34.8833,2001-10-31,2001,10,31.0,PRESERVED_SPECIMEN,b276cb50-d3ea-11dc-ab69-b8a03c50a862
865161977,"Technomyrmex moerens Santschi, 1913",0.1,34.52,2001-10-01,2001,10,1.0,PRESERVED_SPECIMEN,13b70480-bd69-11dd-b15f-b8a03c50a862
865161999,"Technomyrmex moerens Santschi, 1913",0.1,34.52,2001-10-01,2001,10,1.0,PRESERVED_SPECIMEN,13b70480-bd69-11dd-b15f-b8a03c50a862
865162282,"Tetramorium viticola Weber, 1943",0.1,34.52,2001-10-01,2001,10,1.0,PRESERVED_SPECIMEN,13b70480-bd69-11dd-b15f-b8a03c50a862
865162286,"Cataulacus lujae Forel, 1911",0.1,34.52,2001-10-01,2001,10,1.0,PRESERVED_SPECIMEN,13b70480-bd69-11dd-b15f-b8a03c50a862
865162303,"Cataulacus striativentris Santschi, 1924",0.1,34.52,2001-10-01,2001,10,1.0,PRESERVED_SPECIMEN,13b70480-bd69-11dd-b15f-b8a03c50a862
865162334,"Cataulacus striativentris Santschi, 1924",0.1,34.52,2001-10-01,2001,10,1.0,PRESERVED_SPECIMEN,13b70480-bd69-11dd-b15f-b8a03c50a862
46821060,"Ceratitis anonae Graham, 1908",0.266667,34.8833,2001-11-01,2001,11,1.0,PRESERVED_SPECIMEN,b276cb50-d3ea-11dc-ab69-b8a03c50a862
46821083,"Ceratitis anonae Graham, 1908",0.266667,34.8833,2001-11-01,2001,11,1.0,PRESERVED_SPECIMEN,b276cb50-d3ea-11dc-ab69-b8a03c50a862
46821110,"Ceratitis anonae Graham, 1908",0.266667,34.8833,2001-11-01,2001,11,1.0,PRESERVED_SPECIMEN,b276cb50-d3ea-11dc-ab69-b8a03c50a862
46821113,"Ceratitis anonae Graham, 1908",0.266667,34.8833,2001-11-01,2001,11,1.0,PRESERVED_SPECIMEN,b276cb50-d3ea-11dc-ab69-b8a03c50a862
46826098,"Ceratitis fasciventris (Bezzi, 1920)",0.266667,34.8833,2001-11-01,2001,11,1.0,PRESERVED_SPECIMEN,b276cb50-d3ea-11dc-ab69-b8a03c50a862
46826154,"Ceratitis fasciventris (Bezzi, 1920)",0.266667,34.8833,2001-11-01,2001,11,1.0,PRESERVED_SPECIMEN,b276cb50-d3ea-11dc-ab69-b8a03c50a862
142742630,"Dacus bivittatus (Bigot, 1858)",0.266667,34.8833,2001-11-01,2001,11,1.0,PRESERVED_SPECIMEN,b276cb50-d3ea-11dc-ab69-b8a03c50a862
575634076,"Acrocephalus gracilirostris (Hartlaub, 1864)",-0.125407,34.742504,2001-11-23,2001,11,23.0,HUMAN_OBSERVATION,4fa7b334-ce0d-4e88-aaae-2e0c138d049e
575634901,"Actophilornis africanus (J.F.Gmelin, 1789)",-0.125407,34.742504,2001-11-23,2001,11,23.0,HUMAN_OBSERVATION,4fa7b334-ce0d-4e88-aaae-2e0c138d049e
575637773,"Alopochen aegyptiaca (Linnaeus, 1766)",-0.125407,34.742504,2001-11-23,2001,11,23.0,HUMAN_OBSERVATION,4fa7b334-ce0d-4e88-aaae-2e0c138d049e
575639065,"Anastomus lamelligerus Temminck, 1823",-0.125407,34.742504,2001-11-23,2001,11,23.0,HUMAN_OBSERVATION,4fa7b334-ce0d-4e88-aaae-2e0c138d049e
575647930,"Ardea melanocephala Children & Vigors, 1826",-0.125407,34.742504,2001-11-23,2001,11,23.0,HUMAN_OBSERVATION,4fa7b334-ce0d-4e88-aaae-2e0c138d049e
575651305,"Ardea alba Linnaeus, 1758",-0.125407,34.742504,2001-11-23,2001,11,23.0,HUMAN_OBSERVATION,4fa7b334-ce0d-4e88-aaae-2e0c138d049e
328201900,Pavetta oliveriana Hiern,0.18333,34.86667,2001-12-27,2001,12,27.0,PRESERVED_SPECIMEN,c1a13bf0-0c71-11dd-84d4-b8a03c50a862
328257436,Psychotria bagshawei E.M.A.Petit,0.18333,34.86667,2001-12-25,2001,12,25.0,PRESERVED_SPECIMEN,c1a13bf0-0c71-11dd-84d4-b8a03c50a862
328257639,Psychotria peduncularis (Salisb.) Steyerm.,0.18333,34.86667,2001-12-25,2001,12,25.0,PRESERVED_SPECIMEN,c1a13bf0-0c71-11dd-84d4-b8a03c50a862
351830879,Coffea eugenioides S.Moore,0.18333,34.86667,2001-12-27,2001,12,27.0,PRESERVED_SPECIMEN,c1a13bf0-0c71-11dd-84d4-b8a03c50a862
352000353,Heinsenia diervilleoides K.Schum.,0.18333,34.86667,2001-12-25,2001,12,25.0,PRESERVED_SPECIMEN,c1a13bf0-0c71-11dd-84d4-b8a03c50a862
979598415,"Buteo augur (Ruppell, 1836)",-0.031405,34.938595,2001-12-25,2001,12,25.0,HUMAN_OBSERVATION,4fa7b334-ce0d-4e88-aaae-2e0c138d049e
979623483,"Cuculus solitarius Stephens, 1815",0.24726,34.87463,2001-12-27,2001,12,27.0,HUMAN_OBSERVATION,4fa7b334-ce0d-4e88-aaae-2e0c138d049e
979626525,"Merops muelleri (Cassin, 1857)",0.24726,34.87463,2001-12-26,2001,12,26.0,HUMAN_OBSERVATION,4fa7b334-ce0d-4e88-aaae-2e0c138d049e
979626722,"Illadopsis fulvescens (Cassin, 1859)",0.24726,34.87463,2001-12-26,2001,12,26.0,HUMAN_OBSERVATION,4fa7b334-ce0d-4e88-aaae-2e0c138d049e
979631935,"Platysteira cyanea (Statius Muller, 1776)",0.24726,34.87463,2001-12-26,2001,12,26.0,HUMAN_OBSERVATION,4fa7b334-ce0d-4e88-aaae-2e0c138d049e
979632226,"Apalis rufogularis (Fraser, 1843)",0.24726,34.87463,2001-12-26,2001,12,26.0,HUMAN_OBSERVATION,4fa7b334-ce0d-4e88-aaae-2e0c138d049e
979632507,"Dyaphorophyia castanea Fraser, 1843",0.24726,34.87463,2001-12-26,2001,12,26.0,HUMAN_OBSERVATION,4fa7b334-ce0d-4e88-aaae-2e0c138d049e
979632672,"Guttera verreauxi (D.G.Elliot, 1870)",0.24726,34.87463,2001-12-26,2001,12,26.0,HUMAN_OBSERVATION,4fa7b334-ce0d-4e88-aaae-2e0c138d049e
576971039,"Apalis porphyrolaema Reichenow & Neumann, 1895",-0.379649,35.37572,2011-01-21,2011,1,21.0,HUMAN_OBSERVATION,4fa7b334-ce0d-4e88-aaae-2e0c138d049e
576984034,"Apalis cinerea (Sharpe, 1891)",-0.379649,35.37572,2011-01-21,2011,1,21.0,HUMAN_OBSERVATION,4fa7b334-ce0d-4e88-aaae-2e0c138d049e
576984068,"Anas sparsa Eyton, 1838",-0.379649,35.37572,2011-01-21,2011,1,21.0,HUMAN_OBSERVATION,4fa7b334-ce0d-4e88-aaae-2e0c138d049e
576985851,"Oreolais pulcher (Sharpe, 1891)",-0.379649,35.37572,2011-01-21,2011,1,21.0,HUMAN_OBSERVATION,4fa7b334-ce0d-4e88-aaae-2e0c138d049e
577003614,"Arizelocichla kikuyuensis (Sharpe, 1891)",-0.379649,35.37572,2011-01-22,2011,1,22.0,HUMAN_OBSERVATION,4fa7b334-ce0d-4e88-aaae-2e0c138d049e
577013260,"Apalis jacksoni Sharpe, 1891",-0.379649,35.37572,2011-01-21,2011,1,21.0,HUMAN_OBSERVATION,4fa7b334-ce0d-4e88-aaae-2e0c138d049e
577013261,"Apalis jacksoni Sharpe, 1891",-0.379649,35.37572,2011-01-22,2011,1,22.0,HUMAN_OBSERVATION,4fa7b334-ce0d-4e88-aaae-2e0c138d049e
577014409,"Apalis cinerea (Sharpe, 1891)",-0.379649,35.37572,2011-01-22,2011,1,22.0,HUMAN_OBSERVATION,4fa7b334-ce0d-4e88-aaae-2e0c138d049e
577017111,"Arizelocichla masukuensis (Shelley, 1897)",-0.379649,35.37572,2011-01-21,2011,1,21.0,HUMAN_OBSERVATION,4fa7b334-ce0d-4e88-aaae-2e0c138d049e
577020488,"Bathmocercus rufus Reichenow, 1895",-0.379649,35.37572,2011-01-21,2011,1,21.0,HUMAN_OBSERVATION,4fa7b334-ce0d-4e88-aaae-2e0c138d049e
577269698,"Anaplectes rubriceps (Sundevall, 1850)",-0.031405,34.938595,2011-01-20,2011,1,20.0,HUMAN_OBSERVATION,4fa7b334-ce0d-4e88-aaae-2e0c138d049e
577866489,"Apus affinis (J.E.Gray, 1830)",-0.051124,34.921116,2011-01-20,2011,1,20.0,HUMAN_OBSERVATION,4fa7b334-ce0d-4e88-aaae-2e0c138d049e
577872221,"Apus apus (Linnaeus, 1758)",-0.051124,34.921116,2011-01-20,2011,1,20.0,HUMAN_OBSERVATION,4fa7b334-ce0d-4e88-aaae-2e0c138d049e
857823464,"Sarcophaga preussi Zumpt, 1951",0.227,34.8805,2011-02-07,2011,2,7.0,PRESERVED_SPECIMEN,e0459621-92c2-40ac-9934-72b3b1384dc3
857826919,"Sarcophaga momba Curran, 1934",0.227,34.8805,2011-02-08,2011,2,8.0,PRESERVED_SPECIMEN,e0459621-92c2-40ac-9934-72b3b1384dc3
857832132,"Sarcophaga furcoides Zumpt, 1967",0.227,34.8805,2011-02-07,2011,2,7.0,PRESERVED_SPECIMEN,e0459621-92c2-40ac-9934-72b3b1384dc3
857832454,"Sarcophaga dewulfi Zumpt, 1967",0.227,34.8805,2011-02-07,2011,2,7.0,PRESERVED_SPECIMEN,e0459621-92c2-40ac-9934-72b3b1384dc3
857832704,"Sarcophaga Meigen, 1826",0.227,34.8805,2011-02-07,2011,2,7.0,PRESERVED_SPECIMEN,e0459621-92c2-40ac-9934-72b3b1384dc3
857832747,"Sarcophaga paralina Zumpt, 1967",0.227,34.8805,2011-02-08,2011,2,8.0,PRESERVED_SPECIMEN,e0459621-92c2-40ac-9934-72b3b1384dc3
952810252,"Ardea melanocephala Children & Vigors, 1826",-0.046692,34.823914,2011-02-03,2011,2,3.0,HUMAN_OBSERVATION,4fa7b334-ce0d-4e88-aaae-2e0c138d049e
952836898,"Delichon urbicum (Linnaeus, 1758)",-0.046692,34.823914,2011-02-03,2011,2,3.0,HUMAN_OBSERVATION,4fa7b334-ce0d-4e88-aaae-2e0c138d049e
953063425,"Lophaetus occipitalis (Daudin, 1800)",-0.046692,34.823914,2011-02-02,2011,2,2.0,HUMAN_OBSERVATION,4fa7b334-ce0d-4e88-aaae-2e0c138d049e
1192853632,"Muscicapa adusta (F.Boie, 1828)",0.24726,34.87463,2011-02-27,2011,2,27.0,HUMAN_OBSERVATION,4fa7b334-ce0d-4e88-aaae-2e0c138d049e
1192853638,"Elminia longicauda (Swainson, 1838)",0.24726,34.87463,2011-02-27,2011,2,27.0,HUMAN_OBSERVATION,4fa7b334-ce0d-4e88-aaae-2e0c138d049e
1192854873,"Ispidina picta (Boddaert, 1783)",0.24726,34.87463,2011-02-27,2011,2,27.0,HUMAN_OBSERVATION,4fa7b334-ce0d-4e88-aaae-2e0c138d049e
1192854874,"Turdus pelios Bonaparte, 1850",0.24726,34.87463,2011-02-27,2011,2,27.0,HUMAN_OBSERVATION,4fa7b334-ce0d-4e88-aaae-2e0c138d049e
936803153,"Ardea cinerea Linnaeus, 1758",0.22692,34.884655,2011-03-20,2011,3,20.0,HUMAN_OBSERVATION,4fa7b334-ce0d-4e88-aaae-2e0c138d049e
936803555,"Camaroptera brachyura (Vieillot, 1821)",0.22692,34.884655,2011-03-20,2011,3,20.0,HUMAN_OBSERVATION,4fa7b334-ce0d-4e88-aaae-2e0c138d049e
936803770,"Corythaeola cristata (Vieillot, 1816)",0.22692,34.884655,2011-03-20,2011,3,20.0,HUMAN_OBSERVATION,4fa7b334-ce0d-4e88-aaae-2e0c138d049e
936804077,"Chlorophoneus bocagei (Reichenow, 1894)",0.22692,34.884655,2011-03-20,2011,3,20.0,HUMAN_OBSERVATION,4fa7b334-ce0d-4e88-aaae-2e0c138d049e
936804115,"Cinnyris chloropygius (Jardine, 1842)",0.22692,34.884655,2011-03-20,2011,3,20.0,HUMAN_OBSERVATION,4fa7b334-ce0d-4e88-aaae-2e0c138d049e
936804358,"Nigrita canicapillus (Strickland, 1841)",0.22692,34.884655,2011-03-20,2011,3,20.0,HUMAN_OBSERVATION,4fa7b334-ce0d-4e88-aaae-2e0c138d049e
936804418,"Spermophaga ruficapilla (Shelley, 1888)",0.22692,34.884655,2011-03-20,2011,3,20.0,HUMAN_OBSERVATION,4fa7b334-ce0d-4e88-aaae-2e0c138d049e
936804424,"Ciconia ciconia (Linnaeus, 1758)",0.22692,34.884655,2011-03-20,2011,3,20.0,HUMAN_OBSERVATION,4fa7b334-ce0d-4e88-aaae-2e0c138d049e
936804640,"Passer griseus (Vieillot, 1817)",0.22692,34.884655,2011-03-20,2011,3,20.0,HUMAN_OBSERVATION,4fa7b334-ce0d-4e88-aaae-2e0c138d049e
936804723,"Tauraco rossae (Gould, 1852)",0.22692,34.884655,2011-03-20,2011,3,20.0,HUMAN_OBSERVATION,4fa7b334-ce0d-4e88-aaae-2e0c138d049e
936804742,"Neocossyphus poensis (Strickland, 1844)",0.22692,34.884655,2011-03-20,2011,3,20.0,HUMAN_OBSERVATION,4fa7b334-ce0d-4e88-aaae-2e0c138d049e
936804848,"Gymnobucco bonapartei Hartlaub, 1854",0.22692,34.884655,2011-03-20,2011,3,20.0,HUMAN_OBSERVATION,4fa7b334-ce0d-4e88-aaae-2e0c138d049e
936805010,"Chalcomitra senegalensis (Linnaeus, 1766)",0.22692,34.884655,2011-03-20,2011,3,20.0,HUMAN_OBSERVATION,4fa7b334-ce0d-4e88-aaae-2e0c138d049e
1792830058,"Turdus pelios Bonaparte, 1850",0.238735,34.86586,2011-04-25,2011,4,25.0,HUMAN_OBSERVATION,4fa7b334-ce0d-4e88-aaae-2e0c138d049e
1792830112,"Muscicapa adusta (F.Boie, 1828)",0.238735,34.86586,2011-04-25,2011,4,25.0,HUMAN_OBSERVATION,4fa7b334-ce0d-4e88-aaae-2e0c138d049e
1792830139,"Chrysococcyx cupreus (Shaw, 1792)",0.238735,34.86586,2011-04-25,2011,4,25.0,HUMAN_OBSERVATION,4fa7b334-ce0d-4e88-aaae-2e0c138d049e
1792830159,"Buteo augur (Ruppell, 1836)",0.238735,34.86586,2011-04-25,2011,4,25.0,HUMAN_OBSERVATION,4fa7b334-ce0d-4e88-aaae-2e0c138d049e
1792830161,"Terpsiphone viridis (Statius Muller, 1776)",0.238735,34.86586,2011-04-25,2011,4,25.0,HUMAN_OBSERVATION,4fa7b334-ce0d-4e88-aaae-2e0c138d049e
1792830182,"Motacilla aguimp Temminck, 1820",0.238735,34.86586,2011-04-25,2011,4,25.0,HUMAN_OBSERVATION,4fa7b334-ce0d-4e88-aaae-2e0c138d049e
1792830301,"Saxicola torquatus (Linnaeus, 1766)",0.238735,34.86586,2011-04-25,2011,4,25.0,HUMAN_OBSERVATION,4fa7b334-ce0d-4e88-aaae-2e0c138d049e
1792830333,"Elminia longicauda (Swainson, 1838)",0.238735,34.86586,2011-04-25,2011,4,25.0,HUMAN_OBSERVATION,4fa7b334-ce0d-4e88-aaae-2e0c138d049e
1792830750,"Ploceus insignis (Sharpe, 1891)",0.238735,34.86586,2011-04-25,2011,4,25.0,HUMAN_OBSERVATION,4fa7b334-ce0d-4e88-aaae-2e0c138d049e
1792830792,"Milvus migrans (Boddaert, 1783)",0.238735,34.86586,2011-04-25,2011,4,25.0,HUMAN_OBSERVATION,4fa7b334-ce0d-4e88-aaae-2e0c138d049e
1792830892,"Astur Lacepède, 1799",0.238735,34.86586,2011-04-25,2011,4,25.0,HUMAN_OBSERVATION,4fa7b334-ce0d-4e88-aaae-2e0c138d049e
1792830922,"Oreolais pulcher (Sharpe, 1891)",0.238735,34.86586,2011-04-25,2011,4,25.0,HUMAN_OBSERVATION,4fa7b334-ce0d-4e88-aaae-2e0c138d049e
1792830927,"Bathmocercus rufus Reichenow, 1895",0.238735,34.86586,2011-04-25,2011,4,25.0,HUMAN_OBSERVATION,4fa7b334-ce0d-4e88-aaae-2e0c138d049e
585899340,"Corvus albus Statius Muller, 1776",-0.10334,34.756966,2011-05-17,2011,5,17.0,HUMAN_OBSERVATION,4fa7b334-ce0d-4e88-aaae-2e0c138d049e
593923317,"Milvus migrans (Boddaert, 1783)",-0.10334,34.756966,2011-05-17,2011,5,17.0,HUMAN_OBSERVATION,4fa7b334-ce0d-4e88-aaae-2e0c138d049e
2713757073,"Eurillas ansorgei (Hartert, 1907)",0.2156,34.92,2011-05-25,2011,5,25.0,HUMAN_OBSERVATION,4fa7b334-ce0d-4e88-aaae-2e0c138d049e
2718222123,"Eurillas ansorgei (Hartert, 1907)",0.2129,34.92,2011-05-25,2011,5,25.0,HUMAN_OBSERVATION,4fa7b334-ce0d-4e88-aaae-2e0c138d049e
2723978166,"Ploceus castanops Shelley, 1888",-0.125407,34.742504,2011-05-27,2011,5,27.0,HUMAN_OBSERVATION,4fa7b334-ce0d-4e88-aaae-2e0c138d049e
2725832322,"Ploceus pelzelni (Shelley, 1887)",-0.125407,34.742504,2011-05-27,2011,5,27.0,HUMAN_OBSERVATION,4fa7b334-ce0d-4e88-aaae-2e0c138d049e
3347138613,"Labeobarbus altianalis (Boulenger, 1900)",-0.17,35.18,2011-05-26,2011,5,26.0,MATERIAL_SAMPLE,d8cd16ba-bb74-4420-821e-083f2bac17c2
3347162425,"Labeobarbus altianalis (Boulenger, 1900)",-0.17,35.18,2011-05-26,2011,5,26.0,MATERIAL_SAMPLE,d8cd16ba-bb74-4420-821e-083f2bac17c2
3347167607,"Labeobarbus altianalis (Boulenger, 1900)",-0.17,35.18,2011-05-26,2011,5,26.0,MATERIAL_SAMPLE,d8cd16ba-bb74-4420-821e-083f2bac17c2
3347168803,"Labeobarbus altianalis (Boulenger, 1900)",-0.17,35.18,2011-05-26,2011,5,26.0,MATERIAL_SAMPLE,d8cd16ba-bb74-4420-821e-083f2bac17c2
3347171521,"Labeobarbus altianalis (Boulenger, 1900)",-0.17,35.18,2011-05-26,2011,5,26.0,MATERIAL_SAMPLE,d8cd16ba-bb74-4420-821e-083f2bac17c2
3347176618,"Labeobarbus altianalis (Boulenger, 1900)",-0.17,35.18,2011-05-26,2011,5,26.0,MATERIAL_SAMPLE,d8cd16ba-bb74-4420-821e-083f2bac17c2
3347176619,"Labeobarbus altianalis (Boulenger, 1900)",-0.17,35.18,2011-05-26,2011,5,26.0,MATERIAL_SAMPLE,d8cd16ba-bb74-4420-821e-083f2bac17c2
936904757,"Turdus pelios Bonaparte, 1850",0.22692,34.884655,2011-06-18,2011,6,18.0,HUMAN_OBSERVATION,4fa7b334-ce0d-4e88-aaae-2e0c138d049e
936905095,"Eurillas ansorgei (Hartert, 1907)",0.22692,34.884655,2011-06-18,2011,6,18.0,HUMAN_OBSERVATION,4fa7b334-ce0d-4e88-aaae-2e0c138d049e
936905514,"Zosterops senegalensis Bonaparte, 1850",0.22692,34.884655,2011-06-18,2011,6,18.0,HUMAN_OBSERVATION,4fa7b334-ce0d-4e88-aaae-2e0c138d049e
936905818,"Bycanistes subcylindricus (P.L.Sclater, 1871)",0.22692,34.884655,2011-06-18,2011,6,18.0,HUMAN_OBSERVATION,4fa7b334-ce0d-4e88-aaae-2e0c138d049e
936906113,"Merops muelleri (Cassin, 1857)",0.22692,34.884655,2011-06-18,2011,6,18.0,HUMAN_OBSERVATION,4fa7b334-ce0d-4e88-aaae-2e0c138d049e
936906438,"Bathmocercus rufus Reichenow, 1895",0.22692,34.884655,2011-06-18,2011,6,18.0,HUMAN_OBSERVATION,4fa7b334-ce0d-4e88-aaae-2e0c138d049e
936906840,"Ploceus melanogaster Shelley, 1887",0.22692,34.884655,2011-06-18,2011,6,18.0,HUMAN_OBSERVATION,4fa7b334-ce0d-4e88-aaae-2e0c138d049e
936907046,"Oreolais pulcher (Sharpe, 1891)",0.22692,34.884655,2011-06-18,2011,6,18.0,HUMAN_OBSERVATION,4fa7b334-ce0d-4e88-aaae-2e0c138d049e
936907448,"Ploceus nigricollis (Vieillot, 1805)",0.22692,34.884655,2011-06-18,2011,6,18.0,HUMAN_OBSERVATION,4fa7b334-ce0d-4e88-aaae-2e0c138d049e
936908082,"Melaenornis fischeri (Reichenow, 1884)",0.22692,34.884655,2011-06-18,2011,6,18.0,HUMAN_OBSERVATION,4fa7b334-ce0d-4e88-aaae-2e0c138d049e
936908398,"Psalidoprocne albiceps P.L.Sclater, 1864",0.22692,34.884655,2011-06-18,2011,6,18.0,HUMAN_OBSERVATION,4fa7b334-ce0d-4e88-aaae-2e0c138d049e
936908806,"Phoeniculus bollei (Hartlaub, 1858)",0.22692,34.884655,2011-06-18,2011,6,18.0,HUMAN_OBSERVATION,4fa7b334-ce0d-4e88-aaae-2e0c138d049e
936909113,"Trachylaemus purpuratus (J.Verreaux & E.Verreaux, 1851)",0.22692,34.884655,2011-06-18,2011,6,18.0,HUMAN_OBSERVATION,4fa7b334-ce0d-4e88-aaae-2e0c138d049e
577029902,"Actophilornis africanus (J.F.Gmelin, 1789)",-0.171296,34.910088,2011-07-14,2011,7,14.0,HUMAN_OBSERVATION,4fa7b334-ce0d-4e88-aaae-2e0c138d049e
577029937,"Actophilornis africanus (J.F.Gmelin, 1789)",-0.171296,34.910088,2011-07-14,2011,7,14.0,HUMAN_OBSERVATION,4fa7b334-ce0d-4e88-aaae-2e0c138d049e
577070548,"Actophilornis africanus (J.F.Gmelin, 1789)",-0.167091,34.871765,2011-07-14,2011,7,14.0,HUMAN_OBSERVATION,4fa7b334-ce0d-4e88-aaae-2e0c138d049e
577075298,"Actophilornis africanus (J.F.Gmelin, 1789)",-0.167091,34.871765,2011-07-14,2011,7,14.0,HUMAN_OBSERVATION,4fa7b334-ce0d-4e88-aaae-2e0c138d049e
577132026,"Actophilornis africanus (J.F.Gmelin, 1789)",-0.171296,34.910088,2011-07-14,2011,7,14.0,HUMAN_OBSERVATION,4fa7b334-ce0d-4e88-aaae-2e0c138d049e
577134749,"Actophilornis africanus (J.F.Gmelin, 1789)",-0.167091,34.871765,2011-07-14,2011,7,14.0,HUMAN_OBSERVATION,4fa7b334-ce0d-4e88-aaae-2e0c138d049e
577508308,"Amblyospiza albifrons (Vigors, 1831)",0.24726,34.87463,2011-07-13,2011,7,13.0,HUMAN_OBSERVATION,4fa7b334-ce0d-4e88-aaae-2e0c138d049e
577550506,"Amblyospiza albifrons (Vigors, 1831)",0.24726,34.87463,2011-07-13,2011,7,13.0,HUMAN_OBSERVATION,4fa7b334-ce0d-4e88-aaae-2e0c138d049e
577592034,"Amblyospiza albifrons (Vigors, 1831)",0.24726,34.87463,2011-07-13,2011,7,13.0,HUMAN_OBSERVATION,4fa7b334-ce0d-4e88-aaae-2e0c138d049e
577761861,"Anastomus lamelligerus Temminck, 1823",-0.167091,34.871765,2011-07-14,2011,7,14.0,HUMAN_OBSERVATION,4fa7b334-ce0d-4e88-aaae-2e0c138d049e
577798487,"Apus affinis (J.E.Gray, 1830)",-0.167091,34.871765,2011-07-14,2011,7,14.0,HUMAN_OBSERVATION,4fa7b334-ce0d-4e88-aaae-2e0c138d049e
577871942,"Oreolais pulcher (Sharpe, 1891)",0.24726,34.87463,2011-07-13,2011,7,13.0,HUMAN_OBSERVATION,4fa7b334-ce0d-4e88-aaae-2e0c138d049e
577873329,"Anastomus lamelligerus Temminck, 1823",-0.171296,34.910088,2011-07-14,2011,7,14.0,HUMAN_OBSERVATION,4fa7b334-ce0d-4e88-aaae-2e0c138d049e
818069029,"Zapornia flavirostra (Swainson, 1837)",-0.125407,34.742504,2011-08-08,2011,8,8.0,HUMAN_OBSERVATION,4fa7b334-ce0d-4e88-aaae-2e0c138d049e
818071003,"Acrocephalus rufescens (Sharpe & Bouvier, 1877)",-0.125407,34.742504,2011-08-08,2011,8,8.0,HUMAN_OBSERVATION,4fa7b334-ce0d-4e88-aaae-2e0c138d049e
818074283,"Ardea goliath Cretzschmar, 1829",-0.125407,34.742504,2011-08-08,2011,8,8.0,HUMAN_OBSERVATION,4fa7b334-ce0d-4e88-aaae-2e0c138d049e
818075574,"Actitis hypoleucos (Linnaeus, 1758)",-0.125407,34.742504,2011-08-08,2011,8,8.0,HUMAN_OBSERVATION,4fa7b334-ce0d-4e88-aaae-2e0c138d049e
818081750,"Apalis rufogularis (Fraser, 1843)",0.22692,34.884655,2011-08-06,2011,8,6.0,HUMAN_OBSERVATION,4fa7b334-ce0d-4e88-aaae-2e0c138d049e
818090167,"Anastomus lamelligerus Temminck, 1823",-0.125407,34.742504,2011-08-08,2011,8,8.0,HUMAN_OBSERVATION,4fa7b334-ce0d-4e88-aaae-2e0c138d049e
818137294,"Ardea cinerea Linnaeus, 1758",-0.125407,34.742504,2011-08-08,2011,8,8.0,HUMAN_OBSERVATION,4fa7b334-ce0d-4e88-aaae-2e0c138d049e
818143351,"Actophilornis africanus (J.F.Gmelin, 1789)",-0.125407,34.742504,2011-08-08,2011,8,8.0,HUMAN_OBSERVATION,4fa7b334-ce0d-4e88-aaae-2e0c138d049e
818149531,"Bathmocercus rufus Reichenow, 1895",0.22692,34.884655,2011-08-06,2011,8,6.0,HUMAN_OBSERVATION,4fa7b334-ce0d-4e88-aaae-2e0c138d049e
818172455,"Anthreptes tephrolaemus (Jardine & Fraser, 1852)",0.22692,34.884655,2011-08-06,2011,8,6.0,HUMAN_OBSERVATION,4fa7b334-ce0d-4e88-aaae-2e0c138d049e
818179730,"Ardeola ralloides (Scopoli, 1769)",-0.125407,34.742504,2011-08-08,2011,8,8.0,HUMAN_OBSERVATION,4fa7b334-ce0d-4e88-aaae-2e0c138d049e
818181452,"Ardea alba Linnaeus, 1758",-0.125407,34.742504,2011-08-08,2011,8,8.0,HUMAN_OBSERVATION,4fa7b334-ce0d-4e88-aaae-2e0c138d049e
818194853,"Oreolais pulcher (Sharpe, 1891)",0.22692,34.884655,2011-08-06,2011,8,6.0,HUMAN_OBSERVATION,4fa7b334-ce0d-4e88-aaae-2e0c138d049e
1206404928,"Motacilla aguimp Temminck, 1820",0.24726,34.87463,2011-10-22,2011,10,22.0,HUMAN_OBSERVATION,4fa7b334-ce0d-4e88-aaae-2e0c138d049e
1206404948,"Terpsiphone viridis (Statius Muller, 1776)",0.24726,34.87463,2011-10-22,2011,10,22.0,HUMAN_OBSERVATION,4fa7b334-ce0d-4e88-aaae-2e0c138d049e
1206404955,"Treron calvus (Temminck, 1811)",0.24726,34.87463,2011-10-22,2011,10,22.0,HUMAN_OBSERVATION,4fa7b334-ce0d-4e88-aaae-2e0c138d049e
1206404960,"Chrysococcyx cupreus (Shaw, 1792)",0.24726,34.87463,2011-10-22,2011,10,22.0,HUMAN_OBSERVATION,4fa7b334-ce0d-4e88-aaae-2e0c138d049e
1206404974,"Prinia bairdii (Cassin, 1855)",0.24726,34.87463,2011-10-22,2011,10,22.0,HUMAN_OBSERVATION,4fa7b334-ce0d-4e88-aaae-2e0c138d049e
1206404975,"Muscicapa adusta (F.Boie, 1828)",0.24726,34.87463,2011-10-22,2011,10,22.0,HUMAN_OBSERVATION,4fa7b334-ce0d-4e88-aaae-2e0c138d049e
1206404983,"Hirundo rustica Linnaeus, 1758",0.24726,34.87463,2011-10-22,2011,10,22.0,HUMAN_OBSERVATION,4fa7b334-ce0d-4e88-aaae-2e0c138d049e
1206404993,"Zosterops senegalensis Bonaparte, 1850",0.24726,34.87463,2011-10-22,2011,10,22.0,HUMAN_OBSERVATION,4fa7b334-ce0d-4e88-aaae-2e0c138d049e
1206405006,"Turdus pelios Bonaparte, 1850",0.24726,34.87463,2011-10-22,2011,10,22.0,HUMAN_OBSERVATION,4fa7b334-ce0d-4e88-aaae-2e0c138d049e
1206406112,"Bathmocercus rufus Reichenow, 1895",0.24726,34.87463,2011-10-22,2011,10,22.0,HUMAN_OBSERVATION,4fa7b334-ce0d-4e88-aaae-2e0c138d049e
1206406121,"Apalis rufogularis (Fraser, 1843)",0.24726,34.87463,2011-10-22,2011,10,22.0,HUMAN_OBSERVATION,4fa7b334-ce0d-4e88-aaae-2e0c138d049e
1206406122,"Ploceus melanogaster Shelley, 1887",0.24726,34.87463,2011-10-22,2011,10,22.0,HUMAN_OBSERVATION,4fa7b334-ce0d-4e88-aaae-2e0c138d049e
1206406123,"Ploceus nigricollis (Vieillot, 1805)",0.24726,34.87463,2011-10-22,2011,10,22.0,HUMAN_OBSERVATION,4fa7b334-ce0d-4e88-aaae-2e0c138d049e
577803439,"Oreolais pulcher (Sharpe, 1891)",0.24726,34.87463,2011-11-28,2011,11,28.0,HUMAN_OBSERVATION,4fa7b334-ce0d-4e88-aaae-2e0c138d049e
577803440,"Apaloderma vittatum Shelley, 1882",0.24726,34.87463,2011-11-29,2011,11,29.0,HUMAN_OBSERVATION,4fa7b334-ce0d-4e88-aaae-2e0c138d049e
578147823,"Apalis rufogularis (Fraser, 1843)",0.24726,34.87463,2011-11-29,2011,11,29.0,HUMAN_OBSERVATION,4fa7b334-ce0d-4e88-aaae-2e0c138d049e
578798498,"Bathmocercus rufus Reichenow, 1895",0.24726,34.87463,2011-11-28,2011,11,28.0,HUMAN_OBSERVATION,4fa7b334-ce0d-4e88-aaae-2e0c138d049e
578823867,"Bleda syndactylus (Swainson, 1837)",0.24726,34.87463,2011-11-29,2011,11,29.0,HUMAN_OBSERVATION,4fa7b334-ce0d-4e88-aaae-2e0c138d049e
581156287,"Buccanodon duchaillui (Cassin, 1855)",0.24726,34.87463,2011-11-28,2011,11,28.0,HUMAN_OBSERVATION,4fa7b334-ce0d-4e88-aaae-2e0c138d049e
581751862,"Campephaga petiti Oustalet, 1884",0.24726,34.87463,2011-11-29,2011,11,29.0,HUMAN_OBSERVATION,4fa7b334-ce0d-4e88-aaae-2e0c138d049e
581863939,"Pardipicus caroli (Malherbe, 1852)",0.24726,34.87463,2011-11-29,2011,11,29.0,HUMAN_OBSERVATION,4fa7b334-ce0d-4e88-aaae-2e0c138d049e
581913992,"Camaroptera chloronota Reichenow, 1895",0.24726,34.87463,2011-11-29,2011,11,29.0,HUMAN_OBSERVATION,4fa7b334-ce0d-4e88-aaae-2e0c138d049e
582367137,"Bycanistes subcylindricus (P.L.Sclater, 1871)",0.24726,34.87463,2011-11-28,2011,11,28.0,HUMAN_OBSERVATION,4fa7b334-ce0d-4e88-aaae-2e0c138d049e
585171289,"Cinnyris reichenowi Sharpe, 1891",0.24726,34.87463,2011-11-28,2011,11,28.0,HUMAN_OBSERVATION,4fa7b334-ce0d-4e88-aaae-2e0c138d049e
585218960,"Cisticola robustus (Rüppell, 1845)",0.24726,34.87463,2011-11-29,2011,11,29.0,HUMAN_OBSERVATION,4fa7b334-ce0d-4e88-aaae-2e0c138d049e
585225525,"Chalcomitra senegalensis (Linnaeus, 1766)",0.24726,34.87463,2011-11-28,2011,11,28.0,HUMAN_OBSERVATION,4fa7b334-ce0d-4e88-aaae-2e0c138d049e
1416040575,BOLD:ADF8243,0.11,35.25,2011-12-06,2011,12,6.0,MATERIAL_SAMPLE,040c5662-da76-4782-a48e-cdea1892d14c
1416040582,BOLD:ACR5697,0.11,35.25,2011-12-04,2011,12,4.0,MATERIAL_SAMPLE,040c5662-da76-4782-a48e-cdea1892d14c
1416040605,BOLD:ACG9240,0.11,35.25,2011-12-04,2011,12,4.0,MATERIAL_SAMPLE,040c5662-da76-4782-a48e-cdea1892d14c
1416040609,BOLD:ABZ3304,0.11,35.25,2011-12-04,2011,12,4.0,MATERIAL_SAMPLE,040c5662-da76-4782-a48e-cdea1892d14c
1416040620,BOLD:ACF2797,0.11,35.25,2011-12-06,2011,12,6.0,MATERIAL_SAMPLE,040c5662-da76-4782-a48e-cdea1892d14c
1416040650,BOLD:ACR6327,0.11,35.25,2011-12-04,2011,12,4.0,MATERIAL_SAMPLE,040c5662-da76-4782-a48e-cdea1892d14c
1416040663,BOLD:ACG9240,0.11,35.25,2011-12-04,2011,12,4.0,MATERIAL_SAMPLE,040c5662-da76-4782-a48e-cdea1892d14c
1763493358,"Illadopsis rufipennis (Sharpe, 1872)",0.24726,34.87463,2011-12-12,2011,12,12.0,HUMAN_OBSERVATION,4fa7b334-ce0d-4e88-aaae-2e0c138d049e
1763493366,"Stelgidillas gracilirostris (Strickland, 1844)",0.24726,34.87463,2011-12-12,2011,12,12.0,HUMAN_OBSERVATION,4fa7b334-ce0d-4e88-aaae-2e0c138d049e
1763493390,"Turtur tympanistria (Temminck, 1809)",0.24726,34.87463,2011-12-12,2011,12,12.0,HUMAN_OBSERVATION,4fa7b334-ce0d-4e88-aaae-2e0c138d049e
1763493392,"Saxicola torquatus (Linnaeus, 1766)",0.24726,34.87463,2011-12-12,2011,12,12.0,HUMAN_OBSERVATION,4fa7b334-ce0d-4e88-aaae-2e0c138d049e
1763493398,"Tchagra australis (A.Smith, 1836)",0.24726,34.87463,2011-12-12,2011,12,12.0,HUMAN_OBSERVATION,4fa7b334-ce0d-4e88-aaae-2e0c138d049e
1763493431,"Estrilda paludicola Heuglin, 1863",0.24726,34.87463,2011-12-12,2011,12,12.0,HUMAN_OBSERVATION,4fa7b334-ce0d-4e88-aaae-2e0c138d049e
899952223,"Myotis welwitschii (Gray, 1866)",-0.10961,34.74593,2012-01-13,2012,1,13.0,HUMAN_OBSERVATION,50c9509d-22c7-4a22-a47d-8c48425ef4a7
899968982,"Pseudoromicia rendalli (Thomas, 1889)",-0.10961,34.74593,2012-01-08,2012,1,8.0,HUMAN_OBSERVATION,50c9509d-22c7-4a22-a47d-8c48425ef4a7
899969003,"Pseudoromicia tenuipinnis (Peters, 1872)",-0.10961,34.74593,2012-01-08,2012,1,8.0,HUMAN_OBSERVATION,50c9509d-22c7-4a22-a47d-8c48425ef4a7
969658053,"Muscicapa adusta (F.Boie, 1828)",0.24726,34.87463,2012-01-04,2012,1,4.0,HUMAN_OBSERVATION,4fa7b334-ce0d-4e88-aaae-2e0c138d049e
969658078,"Terpsiphone viridis (Statius Muller, 1776)",0.24726,34.87463,2012-01-04,2012,1,4.0,HUMAN_OBSERVATION,4fa7b334-ce0d-4e88-aaae-2e0c138d049e
969658204,"Motacilla aguimp Temminck, 1820",0.24726,34.87463,2012-01-04,2012,1,4.0,HUMAN_OBSERVATION,4fa7b334-ce0d-4e88-aaae-2e0c138d049e
969658231,"Saxicola torquatus (Linnaeus, 1766)",0.24726,34.87463,2012-01-04,2012,1,4.0,HUMAN_OBSERVATION,4fa7b334-ce0d-4e88-aaae-2e0c138d049e
969658258,"Turdus pelios Bonaparte, 1850",0.24726,34.87463,2012-01-04,2012,1,4.0,HUMAN_OBSERVATION,4fa7b334-ce0d-4e88-aaae-2e0c138d049e
969658287,"Zosterops senegalensis Bonaparte, 1850",0.24726,34.87463,2012-01-04,2012,1,4.0,HUMAN_OBSERVATION,4fa7b334-ce0d-4e88-aaae-2e0c138d049e
969658414,"Apaloderma vittatum Shelley, 1882",0.24726,34.87463,2012-01-04,2012,1,4.0,HUMAN_OBSERVATION,4fa7b334-ce0d-4e88-aaae-2e0c138d049e
969658431,"Bycanistes subcylindricus (P.L.Sclater, 1871)",0.24726,34.87463,2012-01-04,2012,1,4.0,HUMAN_OBSERVATION,4fa7b334-ce0d-4e88-aaae-2e0c138d049e
969658458,"Spermestes bicolor (Fraser, 1843)",0.24726,34.87463,2012-01-04,2012,1,4.0,HUMAN_OBSERVATION,4fa7b334-ce0d-4e88-aaae-2e0c138d049e
969658480,"Merops muelleri (Cassin, 1857)",0.24726,34.87463,2012-01-04,2012,1,4.0,HUMAN_OBSERVATION,4fa7b334-ce0d-4e88-aaae-2e0c138d049e
818293933,"Bleda syndactylus (Swainson, 1837)",0.238735,34.86586,2012-02-28,2012,2,28.0,HUMAN_OBSERVATION,4fa7b334-ce0d-4e88-aaae-2e0c138d049e
818361939,"Bleda syndactylus (Swainson, 1837)",0.205564,34.894165,2012-02-29,2012,2,29.0,HUMAN_OBSERVATION,4fa7b334-ce0d-4e88-aaae-2e0c138d049e
818380902,"Batis erlangeri Neumann, 1907",-0.031405,34.938595,2012-02-18,2012,2,18.0,HUMAN_OBSERVATION,4fa7b334-ce0d-4e88-aaae-2e0c138d049e
818439079,"Bathmocercus rufus Reichenow, 1895",0.233885,34.86852,2012-02-27,2012,2,27.0,HUMAN_OBSERVATION,4fa7b334-ce0d-4e88-aaae-2e0c138d049e
818444461,"Bathmocercus rufus Reichenow, 1895",0.205564,34.894165,2012-02-29,2012,2,29.0,HUMAN_OBSERVATION,4fa7b334-ce0d-4e88-aaae-2e0c138d049e
818513200,"Arizelocichla masukuensis (Shelley, 1897)",-0.430069,35.229668,2012-02-16,2012,2,16.0,HUMAN_OBSERVATION,4fa7b334-ce0d-4e88-aaae-2e0c138d049e
818515106,"Atimastillas flavigula (Cabanis, 1880)",-0.024147,34.953243,2012-02-19,2012,2,19.0,HUMAN_OBSERVATION,4fa7b334-ce0d-4e88-aaae-2e0c138d049e
818553397,"Actitis hypoleucos (Linnaeus, 1758)",0.365451,34.52498,2012-02-27,2012,2,27.0,HUMAN_OBSERVATION,4fa7b334-ce0d-4e88-aaae-2e0c138d049e
818685544,"Acrocephalus scirpaceus (Hermann, 1804)",0.365451,34.52498,2012-02-27,2012,2,27.0,HUMAN_OBSERVATION,4fa7b334-ce0d-4e88-aaae-2e0c138d049e
818697726,"Anaplectes rubriceps (Sundevall, 1850)",-0.02706,35.04305,2012-02-17,2012,2,17.0,HUMAN_OBSERVATION,4fa7b334-ce0d-4e88-aaae-2e0c138d049e
818752260,"Aerospiza Roberts, 1922",-0.031405,34.938595,2012-02-18,2012,2,18.0,HUMAN_OBSERVATION,4fa7b334-ce0d-4e88-aaae-2e0c138d049e
818836869,"Actitis hypoleucos (Linnaeus, 1758)",0.365451,34.52498,2012-02-27,2012,2,27.0,HUMAN_OBSERVATION,4fa7b334-ce0d-4e88-aaae-2e0c138d049e
818893988,"Acrocephalus scirpaceus (Hermann, 1804)",0.365451,34.52498,2012-02-27,2012,2,27.0,HUMAN_OBSERVATION,4fa7b334-ce0d-4e88-aaae-2e0c138d049e
1413924304,BOLD:AAQ1889,-0.43,35.3,2012-03-05,2012,3,5.0,MATERIAL_SAMPLE,040c5662-da76-4782-a48e-cdea1892d14c
1413924704,BOLD:AAI3775,-0.43,35.3,2012-03-09,2012,3,9.0,MATERIAL_SAMPLE,040c5662-da76-4782-a48e-cdea1892d14c
1415643406,"Orectogyrus Régimbart, 1884",0.226,34.858,2012-03-09,2012,3,9.0,MATERIAL_SAMPLE,040c5662-da76-4782-a48e-cdea1892d14c
1415643409,Coenagrionidae,0.226,34.858,2012-03-09,2012,3,9.0,MATERIAL_SAMPLE,040c5662-da76-4782-a48e-cdea1892d14c
1415643452,BOLD:AAQ0627,0.226,34.858,2012-03-09,2012,3,9.0,MATERIAL_SAMPLE,040c5662-da76-4782-a48e-cdea1892d14c
2792234667,"Ploceus insignis (Sharpe, 1891)",0.24726,34.87463,2012-03-28,2012,3,28.0,HUMAN_OBSERVATION,4fa7b334-ce0d-4e88-aaae-2e0c138d049e
2799135486,"Stephanoaetus coronatus (Linnaeus, 1766)",0.24726,34.87463,2012-03-28,2012,3,28.0,HUMAN_OBSERVATION,4fa7b334-ce0d-4e88-aaae-2e0c138d049e
3350476045,"Celaenorrhinus proxima (Mabille, 1877)",-0.43,35.3,2012-03-09,2012,3,9.0,PRESERVED_SPECIMEN,d8cd16ba-bb74-4420-821e-083f2bac17c2
3350505003,Bettonula bettoni,-0.43,35.3,2012-03-05,2012,3,5.0,PRESERVED_SPECIMEN,d8cd16ba-bb74-4420-821e-083f2bac17c2
4215302952,"Motacilla aguimp Temminck, 1820",-0.125407,34.742504,2012-03-29,2012,3,29.0,HUMAN_OBSERVATION,4fa7b334-ce0d-4e88-aaae-2e0c138d049e
4232649586,"Cinnyris erythrocercus (Hartlaub, 1857)",-0.125407,34.742504,2012-03-29,2012,3,29.0,HUMAN_OBSERVATION,4fa7b334-ce0d-4e88-aaae-2e0c138d049e
4268893950,"Scopus umbretta Gmelin, 1789",-0.125407,34.742504,2012-03-29,2012,3,29.0,HUMAN_OBSERVATION,4fa7b334-ce0d-4e88-aaae-2e0c138d049e
4355881239,"Cecropis abyssinica (Guerin-Meneville, 1843)",-0.125407,34.742504,2012-03-29,2012,3,29.0,HUMAN_OBSERVATION,4fa7b334-ce0d-4e88-aaae-2e0c138d049e
3347353935,Bacteroidota,0.173,34.5122,2012-04-29,2012,4,29.0,MATERIAL_SAMPLE,393b8c26-e4e0-4dd0-a218-93fc074ebf4e
3347353936,,0.173,34.5122,2012-04-29,2012,4,29.0,MATERIAL_SAMPLE,393b8c26-e4e0-4dd0-a218-93fc074ebf4e
3347376888,,0.173,34.5122,2012-04-29,2012,4,29.0,MATERIAL_SAMPLE,393b8c26-e4e0-4dd0-a218-93fc074ebf4e
3347376889,,0.173,34.5122,2012-04-29,2012,4,29.0,MATERIAL_SAMPLE,393b8c26-e4e0-4dd0-a218-93fc074ebf4e
3347376890,,0.173,34.5122,2012-04-29,2012,4,29.0,MATERIAL_SAMPLE,393b8c26-e4e0-4dd0-a218-93fc074ebf4e
3347403067,Phycisphaerae,0.173,34.5122,2012-04-29,2012,4,29.0,MATERIAL_SAMPLE,393b8c26-e4e0-4dd0-a218-93fc074ebf4e
3347403068,,0.173,34.5122,2012-04-29,2012,4,29.0,MATERIAL_SAMPLE,393b8c26-e4e0-4dd0-a218-93fc074ebf4e
3347404869,,0.173,34.5122,2012-04-29,2012,4,29.0,MATERIAL_SAMPLE,393b8c26-e4e0-4dd0-a218-93fc074ebf4e
3347404870,Bacteroidota,0.173,34.5122,2012-04-29,2012,4,29.0,MATERIAL_SAMPLE,393b8c26-e4e0-4dd0-a218-93fc074ebf4e
3347404871,,0.173,34.5122,2012-04-29,2012,4,29.0,MATERIAL_SAMPLE,393b8c26-e4e0-4dd0-a218-93fc074ebf4e
3347423988,Planctomycetaceae,0.173,34.5122,2012-04-29,2012,4,29.0,MATERIAL_SAMPLE,393b8c26-e4e0-4dd0-a218-93fc074ebf4e
3347423989,Oscillospiraceae,0.173,34.5122,2012-04-29,2012,4,29.0,MATERIAL_SAMPLE,393b8c26-e4e0-4dd0-a218-93fc074ebf4e
3347441976,Methanomassiliicoccaceae,0.173,34.5122,2012-04-29,2012,4,29.0,MATERIAL_SAMPLE,393b8c26-e4e0-4dd0-a218-93fc074ebf4e
1414873416,BOLD:ABA1355,-0.43333,35.3,2012-05-07,2012,5,7.0,MATERIAL_SAMPLE,040c5662-da76-4782-a48e-cdea1892d14c
1414873465,BOLD:ABA1355,-0.43333,35.3,2012-05-07,2012,5,7.0,MATERIAL_SAMPLE,040c5662-da76-4782-a48e-cdea1892d14c
2832357606,"Melaenornis edolioides (Swainson, 1837)",0.266417,34.937655,2012-05-12,2012,5,12.0,HUMAN_OBSERVATION,8a863029-f435-446a-821e-275f4f641165
2832360730,"Spermophaga ruficapilla (Shelley, 1888)",0.266417,34.937655,2012-05-11,2012,5,11.0,HUMAN_OBSERVATION,8a863029-f435-446a-821e-275f4f641165
2832385617,"Merops muelleri (Cassin, 1857)",0.266417,34.937655,2012-05-12,2012,5,12.0,HUMAN_OBSERVATION,8a863029-f435-446a-821e-275f4f641165
2832394587,"Bradypterus centralis elgonensis G.Madarász, 1912",0.257834,34.939016,2012-05-08,2012,5,8.0,HUMAN_OBSERVATION,8a863029-f435-446a-821e-275f4f641165
2835550620,"Colobus guereza Rüppell, 1835",0.266417,34.937655,2012-05-13,2012,5,13.0,HUMAN_OBSERVATION,8a863029-f435-446a-821e-275f4f641165
2835659647,"Lanius mackinnoni Sharpe, 1891",0.257834,34.939016,2012-05-12,2012,5,12.0,HUMAN_OBSERVATION,8a863029-f435-446a-821e-275f4f641165
2835903660,"Colobus guereza Rüppell, 1835",0.257834,34.939016,2012-05-12,2012,5,12.0,HUMAN_OBSERVATION,8a863029-f435-446a-821e-275f4f641165
2838735547,"Buccanodon duchaillui (Cassin, 1855)",0.266417,34.937655,2012-05-12,2012,5,12.0,HUMAN_OBSERVATION,8a863029-f435-446a-821e-275f4f641165
2838964579,"Lanius mackinnoni Sharpe, 1891",0.266417,34.937655,2012-05-13,2012,5,13.0,HUMAN_OBSERVATION,8a863029-f435-446a-821e-275f4f641165
2839987630,"Chrysococcyx cupreus (Shaw, 1792)",0.266417,34.937655,2012-05-13,2012,5,13.0,HUMAN_OBSERVATION,8a863029-f435-446a-821e-275f4f641165
2840455610,"Dicrurus sharpei Oustalet, 1879",0.249809,34.904235,2012-05-12,2012,5,12.0,HUMAN_OBSERVATION,8a863029-f435-446a-821e-275f4f641165
1415643236,BOLD:ABV0077,0.252,34.92,2012-06-25,2012,6,25.0,MATERIAL_SAMPLE,040c5662-da76-4782-a48e-cdea1892d14c
1415643258,BOLD:ABV0077,0.252,34.92,2012-06-25,2012,6,25.0,MATERIAL_SAMPLE,040c5662-da76-4782-a48e-cdea1892d14c
1415643260,Leptoceridae,0.212,34.924,2012-06-25,2012,6,25.0,MATERIAL_SAMPLE,040c5662-da76-4782-a48e-cdea1892d14c
1415643263,BOLD:ABV3572,0.228,34.963,2012-06-25,2012,6,25.0,MATERIAL_SAMPLE,040c5662-da76-4782-a48e-cdea1892d14c
1415643264,BOLD:ABV3572,0.228,34.963,2012-06-25,2012,6,25.0,MATERIAL_SAMPLE,040c5662-da76-4782-a48e-cdea1892d14c
1415643265,BOLD:ABU9678,0.228,34.963,2012-06-25,2012,6,25.0,MATERIAL_SAMPLE,040c5662-da76-4782-a48e-cdea1892d14c
1415643267,BOLD:ABV4266,0.212,34.924,2012-06-25,2012,6,25.0,MATERIAL_SAMPLE,040c5662-da76-4782-a48e-cdea1892d14c
1415643268,BOLD:ABU9728,0.252,34.92,2012-06-25,2012,6,25.0,MATERIAL_SAMPLE,040c5662-da76-4782-a48e-cdea1892d14c
1415643270,BOLD:ABV3501,0.252,34.92,2012-06-25,2012,6,25.0,MATERIAL_SAMPLE,040c5662-da76-4782-a48e-cdea1892d14c
1415643273,BOLD:ABV3873,0.252,34.92,2012-06-25,2012,6,25.0,MATERIAL_SAMPLE,040c5662-da76-4782-a48e-cdea1892d14c
1415643275,BOLD:ABU9936,0.228,34.963,2012-06-25,2012,6,25.0,MATERIAL_SAMPLE,040c5662-da76-4782-a48e-cdea1892d14c
1415643281,BOLD:ABA9340,0.212,34.924,2012-06-25,2012,6,25.0,MATERIAL_SAMPLE,040c5662-da76-4782-a48e-cdea1892d14c
1415643282,BOLD:ABV3500,0.252,34.92,2012-06-25,2012,6,25.0,MATERIAL_SAMPLE,040c5662-da76-4782-a48e-cdea1892d14c
822524370,"Bostrychia hagedash (Latham, 1790)",-0.393,35.237144,2012-07-17,2012,7,17.0,HUMAN_OBSERVATION,4fa7b334-ce0d-4e88-aaae-2e0c138d049e
823325137,"Ceryle rudis (Linnaeus, 1758)",-0.349614,34.654755,2012-07-12,2012,7,12.0,HUMAN_OBSERVATION,4fa7b334-ce0d-4e88-aaae-2e0c138d049e
826205975,"Dryoscopus cubla (Latham, 1802)",-0.393,35.237144,2012-07-17,2012,7,17.0,HUMAN_OBSERVATION,4fa7b334-ce0d-4e88-aaae-2e0c138d049e
827702229,"Coracias caudatus Linnaeus, 1766",-0.349614,34.654755,2012-07-12,2012,7,12.0,HUMAN_OBSERVATION,4fa7b334-ce0d-4e88-aaae-2e0c138d049e
828407574,"Corvus albus Statius Muller, 1776",-0.393,35.237144,2012-07-17,2012,7,17.0,HUMAN_OBSERVATION,4fa7b334-ce0d-4e88-aaae-2e0c138d049e
828548139,"Colius striatus J.F.Gmelin, 1789",-0.393,35.237144,2012-07-17,2012,7,17.0,HUMAN_OBSERVATION,4fa7b334-ce0d-4e88-aaae-2e0c138d049e
832471383,"Hirundo smithii Leach & K.D.Koenig, 1818",-0.393,35.237144,2012-07-17,2012,7,17.0,HUMAN_OBSERVATION,4fa7b334-ce0d-4e88-aaae-2e0c138d049e
833058180,"Lamprotornis superbus Rüppell, 1845",-0.349614,34.654755,2012-07-12,2012,7,12.0,HUMAN_OBSERVATION,4fa7b334-ce0d-4e88-aaae-2e0c138d049e
835302175,"Melaenornis fischeri (Reichenow, 1884)",-0.393,35.237144,2012-07-17,2012,7,17.0,HUMAN_OBSERVATION,4fa7b334-ce0d-4e88-aaae-2e0c138d049e
838103051,"Ploceus pelzelni (Shelley, 1887)",-0.349614,34.654755,2012-07-12,2012,7,12.0,HUMAN_OBSERVATION,4fa7b334-ce0d-4e88-aaae-2e0c138d049e
839672298,"Pycnonotus barbatus (Desfontaines, 1789)",-0.393,35.237144,2012-07-17,2012,7,17.0,HUMAN_OBSERVATION,4fa7b334-ce0d-4e88-aaae-2e0c138d049e
842734849,"Spermestes cucullata Swainson, 1837",-0.393,35.237144,2012-07-17,2012,7,17.0,HUMAN_OBSERVATION,4fa7b334-ce0d-4e88-aaae-2e0c138d049e
844526791,"Scopus umbretta Gmelin, 1789",-0.349614,34.654755,2012-07-12,2012,7,12.0,HUMAN_OBSERVATION,4fa7b334-ce0d-4e88-aaae-2e0c138d049e
818422451,"Ardea cinerea Linnaeus, 1758",-0.125407,34.742504,2012-08-10,2012,8,10.0,HUMAN_OBSERVATION,4fa7b334-ce0d-4e88-aaae-2e0c138d049e
818455682,"Apaloderma vittatum Shelley, 1882",0.22692,34.884655,2012-08-18,2012,8,18.0,HUMAN_OBSERVATION,4fa7b334-ce0d-4e88-aaae-2e0c138d049e
818504378,"Bathmocercus rufus Reichenow, 1895",0.22692,34.884655,2012-08-17,2012,8,17.0,HUMAN_OBSERVATION,4fa7b334-ce0d-4e88-aaae-2e0c138d049e
818997345,"Alopochen aegyptiaca (Linnaeus, 1766)",-0.125407,34.742504,2012-08-15,2012,8,15.0,HUMAN_OBSERVATION,4fa7b334-ce0d-4e88-aaae-2e0c138d049e
819064902,"Apus affinis (J.E.Gray, 1830)",0.028854,34.625275,2012-08-14,2012,8,14.0,HUMAN_OBSERVATION,4fa7b334-ce0d-4e88-aaae-2e0c138d049e
819104638,"Apus affinis (J.E.Gray, 1830)",0.22692,34.884655,2012-08-17,2012,8,17.0,HUMAN_OBSERVATION,4fa7b334-ce0d-4e88-aaae-2e0c138d049e
819472363,"Tachyspiza Kaup, 1844",0.22692,34.884655,2012-08-17,2012,8,17.0,HUMAN_OBSERVATION,4fa7b334-ce0d-4e88-aaae-2e0c138d049e
820144494,"Ardea melanocephala Children & Vigors, 1826",-0.125407,34.742504,2012-08-15,2012,8,15.0,HUMAN_OBSERVATION,4fa7b334-ce0d-4e88-aaae-2e0c138d049e
820386922,"Apaloderma narina (Stephens, 1815)",0.22692,34.884655,2012-08-18,2012,8,18.0,HUMAN_OBSERVATION,4fa7b334-ce0d-4e88-aaae-2e0c138d049e
820394053,"Apaloderma vittatum Shelley, 1882",0.22692,34.884655,2012-08-17,2012,8,17.0,HUMAN_OBSERVATION,4fa7b334-ce0d-4e88-aaae-2e0c138d049e
820429531,"Oreolais pulcher (Sharpe, 1891)",0.22692,34.884655,2012-08-18,2012,8,18.0,HUMAN_OBSERVATION,4fa7b334-ce0d-4e88-aaae-2e0c138d049e
820580658,"Apus affinis (J.E.Gray, 1830)",0.028854,34.625275,2012-08-16,2012,8,16.0,HUMAN_OBSERVATION,4fa7b334-ce0d-4e88-aaae-2e0c138d049e
820664147,"Apalis flavida (Strickland, 1853)",0.22692,34.884655,2012-08-18,2012,8,18.0,HUMAN_OBSERVATION,4fa7b334-ce0d-4e88-aaae-2e0c138d049e
1415643673,BOLD:ACG6009,0.228,34.963,2012-09-12,2012,9,12.0,MATERIAL_SAMPLE,040c5662-da76-4782-a48e-cdea1892d14c
1415643691,BOLD:ABV0395,0.228,34.963,2012-09-12,2012,9,12.0,MATERIAL_SAMPLE,040c5662-da76-4782-a48e-cdea1892d14c
1415643701,BOLD:ACG6009,0.228,34.963,2012-09-12,2012,9,12.0,MATERIAL_SAMPLE,040c5662-da76-4782-a48e-cdea1892d14c
1415643706,BOLD:ABU9728,0.228,34.963,2012-09-12,2012,9,12.0,MATERIAL_SAMPLE,040c5662-da76-4782-a48e-cdea1892d14c
1415643709,BOLD:ABA9340,0.228,34.963,2012-09-12,2012,9,12.0,MATERIAL_SAMPLE,040c5662-da76-4782-a48e-cdea1892d14c
1415643714,BOLD:ACG6009,0.228,34.963,2012-09-12,2012,9,12.0,MATERIAL_SAMPLE,040c5662-da76-4782-a48e-cdea1892d14c
1415643718,BOLD:ABV0395,0.228,34.963,2012-09-12,2012,9,12.0,MATERIAL_SAMPLE,040c5662-da76-4782-a48e-cdea1892d14c
1415643722,BOLD:ABA9340,0.228,34.963,2012-09-12,2012,9,12.0,MATERIAL_SAMPLE,040c5662-da76-4782-a48e-cdea1892d14c
1415643724,BOLD:ABV3404,0.252,34.92,2012-09-13,2012,9,13.0,MATERIAL_SAMPLE,040c5662-da76-4782-a48e-cdea1892d14c
1415643726,BOLD:ABV0601,0.252,34.92,2012-09-12,2012,9,12.0,MATERIAL_SAMPLE,040c5662-da76-4782-a48e-cdea1892d14c
1415643731,BOLD:ABV0395,0.228,34.963,2012-09-12,2012,9,12.0,MATERIAL_SAMPLE,040c5662-da76-4782-a48e-cdea1892d14c
1415643732,BOLD:ABU9876,0.252,34.92,2012-09-13,2012,9,13.0,MATERIAL_SAMPLE,040c5662-da76-4782-a48e-cdea1892d14c
1415643733,BOLD:ABV0395,0.228,34.963,2012-09-12,2012,9,12.0,MATERIAL_SAMPLE,040c5662-da76-4782-a48e-cdea1892d14c
939694515,"Turtur afer (Linnaeus, 1766)",-0.125407,34.742504,2012-10-08,2012,10,8.0,HUMAN_OBSERVATION,4fa7b334-ce0d-4e88-aaae-2e0c138d049e
939695087,"Ardea melanocephala Children & Vigors, 1826",-0.125407,34.742504,2012-10-08,2012,10,8.0,HUMAN_OBSERVATION,4fa7b334-ce0d-4e88-aaae-2e0c138d049e
939695247,"Milvus migrans (Boddaert, 1783)",-0.125407,34.742504,2012-10-08,2012,10,8.0,HUMAN_OBSERVATION,4fa7b334-ce0d-4e88-aaae-2e0c138d049e
939695293,"Ardea ibis Linnaeus, 1758",-0.125407,34.742504,2012-10-08,2012,10,8.0,HUMAN_OBSERVATION,4fa7b334-ce0d-4e88-aaae-2e0c138d049e
939695885,"Cisticola marginatus (Heuglin, 1869)",-0.125407,34.742504,2012-10-08,2012,10,8.0,HUMAN_OBSERVATION,4fa7b334-ce0d-4e88-aaae-2e0c138d049e
939696157,"Lybius guifsobalito Hermann, 1783",-0.125407,34.742504,2012-10-08,2012,10,8.0,HUMAN_OBSERVATION,4fa7b334-ce0d-4e88-aaae-2e0c138d049e
939696199,"Cinnyris erythrocercus (Hartlaub, 1857)",-0.125407,34.742504,2012-10-08,2012,10,8.0,HUMAN_OBSERVATION,4fa7b334-ce0d-4e88-aaae-2e0c138d049e
939696346,"Anastomus lamelligerus Temminck, 1823",-0.125407,34.742504,2012-10-08,2012,10,8.0,HUMAN_OBSERVATION,4fa7b334-ce0d-4e88-aaae-2e0c138d049e
939696762,"Ploceus cucullatus (Statius Muller, 1776)",-0.125407,34.742504,2012-10-08,2012,10,8.0,HUMAN_OBSERVATION,4fa7b334-ce0d-4e88-aaae-2e0c138d049e
939696767,"Columba livia J.F.Gmelin, 1789",-0.125407,34.742504,2012-10-08,2012,10,8.0,HUMAN_OBSERVATION,4fa7b334-ce0d-4e88-aaae-2e0c138d049e
939696963,"Phyllastrephus cabanisi (Sharpe, 1882)",0.24726,34.87463,2012-10-07,2012,10,7.0,HUMAN_OBSERVATION,4fa7b334-ce0d-4e88-aaae-2e0c138d049e
939697016,"Chamaetylas poliocephala (Bonaparte, 1850)",0.24726,34.87463,2012-10-07,2012,10,7.0,HUMAN_OBSERVATION,4fa7b334-ce0d-4e88-aaae-2e0c138d049e
939697085,"Smithornis capensis (A.Smith, 1839)",0.24726,34.87463,2012-10-07,2012,10,7.0,HUMAN_OBSERVATION,4fa7b334-ce0d-4e88-aaae-2e0c138d049e
1392132843,"Euplectes axillaris (A.Smith, 1838)",-0.125453,34.742805,2012-11-10,2012,11,10.0,HUMAN_OBSERVATION,4fa7b334-ce0d-4e88-aaae-2e0c138d049e
1392132847,"Acrocephalus rufescens (Sharpe & Bouvier, 1877)",-0.125453,34.742805,2012-11-10,2012,11,10.0,HUMAN_OBSERVATION,4fa7b334-ce0d-4e88-aaae-2e0c138d049e
1392132870,"Milvus migrans (Boddaert, 1783)",-0.125453,34.742805,2012-11-10,2012,11,10.0,HUMAN_OBSERVATION,4fa7b334-ce0d-4e88-aaae-2e0c138d049e
1392132874,"Ploceus jacksoni Shelley, 1888",-0.125453,34.742805,2012-11-10,2012,11,10.0,HUMAN_OBSERVATION,4fa7b334-ce0d-4e88-aaae-2e0c138d049e
1392132881,"Pogonornis bidentatus (Shaw, 1798)",-0.125453,34.742805,2012-11-10,2012,11,10.0,HUMAN_OBSERVATION,4fa7b334-ce0d-4e88-aaae-2e0c138d049e
1392132883,"Ardea melanocephala Children & Vigors, 1826",-0.125453,34.742805,2012-11-10,2012,11,10.0,HUMAN_OBSERVATION,4fa7b334-ce0d-4e88-aaae-2e0c138d049e
1392132886,"Bostrychia hagedash (Latham, 1790)",-0.125453,34.742805,2012-11-10,2012,11,10.0,HUMAN_OBSERVATION,4fa7b334-ce0d-4e88-aaae-2e0c138d049e
1392132892,"Cypsiurus parvus (M.H.K.Lichtenstein, 1823)",-0.125453,34.742805,2012-11-10,2012,11,10.0,HUMAN_OBSERVATION,4fa7b334-ce0d-4e88-aaae-2e0c138d049e
1392132901,"Scopus umbretta Gmelin, 1789",-0.125453,34.742805,2012-11-10,2012,11,10.0,HUMAN_OBSERVATION,4fa7b334-ce0d-4e88-aaae-2e0c138d049e
1392132903,"Ardea cinerea Linnaeus, 1758",-0.125453,34.742805,2012-11-10,2012,11,10.0,HUMAN_OBSERVATION,4fa7b334-ce0d-4e88-aaae-2e0c138d049e
1392132905,"Icthyophaga vocifer (Daudin, 1800)",-0.125453,34.742805,2012-11-10,2012,11,10.0,HUMAN_OBSERVATION,4fa7b334-ce0d-4e88-aaae-2e0c138d049e
1392132906,"Ardea ibis Linnaeus, 1758",-0.125453,34.742805,2012-11-10,2012,11,10.0,HUMAN_OBSERVATION,4fa7b334-ce0d-4e88-aaae-2e0c138d049e
1392132907,"Hirundo angolensis Bocage, 1868",-0.125453,34.742805,2012-11-10,2012,11,10.0,HUMAN_OBSERVATION,4fa7b334-ce0d-4e88-aaae-2e0c138d049e
911583479,Acanthus L.,-0.45472,34.86056,2012-12-03,2012,12,3.0,PRESERVED_SPECIMEN,85714c48-f762-11e1-a439-00145eb45e9a
911791902,Acanthaceae,-0.4575,34.86083,2012-12-03,2012,12,3.0,PRESERVED_SPECIMEN,85714c48-f762-11e1-a439-00145eb45e9a
911791905,Acanthaceae,-0.45472,34.86111,2012-12-03,2012,12,3.0,PRESERVED_SPECIMEN,85714c48-f762-11e1-a439-00145eb45e9a
911792057,Isoglossa Oerst.,-0.45472,34.86111,2012-12-03,2012,12,3.0,PRESERVED_SPECIMEN,85714c48-f762-11e1-a439-00145eb45e9a
2005653561,"Leptailurus serval (Schreber, 1776)",-0.125,34.625,2012-12-26,2012,12,26.0,HUMAN_OBSERVATION,999d8fed-d06d-48d8-87ee-cc36e6c8456c
2005655414,"Crotaphopeltis hotamboeia (Laurenti, 1768)",-0.125,34.875,2012-12-30,2012,12,30.0,HUMAN_OBSERVATION,999d8fed-d06d-48d8-87ee-cc36e6c8456c
3577813549,"Atimastillas flavigula (Cabanis, 1880)",0.24726,34.87463,2012-12-30,2012,12,30.0,HUMAN_OBSERVATION,4fa7b334-ce0d-4e88-aaae-2e0c138d049e
3582049937,"Eurillas latirostris (Strickland, 1844)",0.24726,34.87463,2012-12-30,2012,12,30.0,HUMAN_OBSERVATION,4fa7b334-ce0d-4e88-aaae-2e0c138d049e
3585467754,"Merops albicollis Vieillot, 1817",0.24726,34.87463,2012-12-30,2012,12,30.0,HUMAN_OBSERVATION,4fa7b334-ce0d-4e88-aaae-2e0c138d049e
3586469065,"Falco cuvierii A.Smith, 1830",0.24726,34.87463,2012-12-30,2012,12,30.0,HUMAN_OBSERVATION,4fa7b334-ce0d-4e88-aaae-2e0c138d049e
3586600726,"Malimbus rubricollis (Swainson, 1838)",0.24726,34.87463,2012-12-30,2012,12,30.0,HUMAN_OBSERVATION,4fa7b334-ce0d-4e88-aaae-2e0c138d049e
3586684963,"Cinnyris cupreus (Shaw, 1812)",0.24726,34.87463,2012-12-30,2012,12,30.0,HUMAN_OBSERVATION,4fa7b334-ce0d-4e88-aaae-2e0c138d049e
3611015830,"Melaenornis fischeri (Reichenow, 1884)",0.24726,34.87463,2012-12-30,2012,12,30.0,HUMAN_OBSERVATION,4fa7b334-ce0d-4e88-aaae-2e0c138d049e
935576326,"Dryoscopus angolensis Hartlaub, 1860",0.24726,34.87463,2013-01-12,2013,1,12.0,HUMAN_OBSERVATION,4fa7b334-ce0d-4e88-aaae-2e0c138d049e
935576336,"Camaroptera chloronota Reichenow, 1895",0.24726,34.87463,2013-01-12,2013,1,12.0,HUMAN_OBSERVATION,4fa7b334-ce0d-4e88-aaae-2e0c138d049e
935576342,"Cinnyris chloropygius (Jardine, 1842)",0.24726,34.87463,2013-01-12,2013,1,12.0,HUMAN_OBSERVATION,4fa7b334-ce0d-4e88-aaae-2e0c138d049e
935576344,"Schistolais leucopogon (Cabanis, 1875)",0.24726,34.87463,2013-01-12,2013,1,12.0,HUMAN_OBSERVATION,4fa7b334-ce0d-4e88-aaae-2e0c138d049e
935576352,"Cisticola lateralis (Fraser, 1843)",0.24726,34.87463,2013-01-12,2013,1,12.0,HUMAN_OBSERVATION,4fa7b334-ce0d-4e88-aaae-2e0c138d049e
935576359,"Merops albicollis Vieillot, 1817",0.24726,34.87463,2013-01-12,2013,1,12.0,HUMAN_OBSERVATION,4fa7b334-ce0d-4e88-aaae-2e0c138d049e
935576362,"Poeoptera stuhlmanni (Reichenow, 1893)",0.24726,34.87463,2013-01-12,2013,1,12.0,HUMAN_OBSERVATION,4fa7b334-ce0d-4e88-aaae-2e0c138d049e
935576364,"Malimbus rubricollis (Swainson, 1838)",0.24726,34.87463,2013-01-12,2013,1,12.0,HUMAN_OBSERVATION,4fa7b334-ce0d-4e88-aaae-2e0c138d049e
935576369,"Trachylaemus purpuratus (J.Verreaux & E.Verreaux, 1851)",0.24726,34.87463,2013-01-12,2013,1,12.0,HUMAN_OBSERVATION,4fa7b334-ce0d-4e88-aaae-2e0c138d049e
935580825,"Fraseria caerulescens (Hartlaub, 1865)",0.24726,34.87463,2013-01-11,2013,1,11.0,HUMAN_OBSERVATION,4fa7b334-ce0d-4e88-aaae-2e0c138d049e
935580826,"Merops persicus Pallas, 1773",0.24726,34.87463,2013-01-11,2013,1,11.0,HUMAN_OBSERVATION,4fa7b334-ce0d-4e88-aaae-2e0c138d049e
935580827,"Bycanistes subcylindricus (P.L.Sclater, 1871)",0.24726,34.87463,2013-01-11,2013,1,11.0,HUMAN_OBSERVATION,4fa7b334-ce0d-4e88-aaae-2e0c138d049e
935580828,"Chamaetylas poliocephala (Bonaparte, 1850)",0.24726,34.87463,2013-01-11,2013,1,11.0,HUMAN_OBSERVATION,4fa7b334-ce0d-4e88-aaae-2e0c138d049e
942031626,"Cisticola marginatus (Heuglin, 1869)",-0.131836,34.760742,2013-02-27,2013,2,27.0,HUMAN_OBSERVATION,4fa7b334-ce0d-4e88-aaae-2e0c138d049e
942031671,"Eurystomus glaucurus (P.L.S.Müller, 1776)",-0.131836,34.760742,2013-02-27,2013,2,27.0,HUMAN_OBSERVATION,4fa7b334-ce0d-4e88-aaae-2e0c138d049e
942031673,"Crithagra mozambica (P.L.Statius Müller, 1776)",-0.131836,34.760742,2013-02-27,2013,2,27.0,HUMAN_OBSERVATION,4fa7b334-ce0d-4e88-aaae-2e0c138d049e
942031694,"Acrocephalus gracilirostris (Hartlaub, 1864)",-0.131836,34.760742,2013-02-27,2013,2,27.0,HUMAN_OBSERVATION,4fa7b334-ce0d-4e88-aaae-2e0c138d049e
942034746,"Elminia longicauda (Swainson, 1838)",0.314053,34.86674,2013-02-25,2013,2,25.0,HUMAN_OBSERVATION,4fa7b334-ce0d-4e88-aaae-2e0c138d049e
942034762,"Zosterops senegalensis Bonaparte, 1850",0.314053,34.86674,2013-02-25,2013,2,25.0,HUMAN_OBSERVATION,4fa7b334-ce0d-4e88-aaae-2e0c138d049e
942034765,"Turdus pelios Bonaparte, 1850",0.314053,34.86674,2013-02-25,2013,2,25.0,HUMAN_OBSERVATION,4fa7b334-ce0d-4e88-aaae-2e0c138d049e
942034907,"Ploceus insignis (Sharpe, 1891)",0.314053,34.86674,2013-02-25,2013,2,25.0,HUMAN_OBSERVATION,4fa7b334-ce0d-4e88-aaae-2e0c138d049e
942034941,"Ploceus melanogaster Shelley, 1887",0.314053,34.86674,2013-02-25,2013,2,25.0,HUMAN_OBSERVATION,4fa7b334-ce0d-4e88-aaae-2e0c138d049e
942034958,"Chamaetylas poliocephala (Bonaparte, 1850)",0.314053,34.86674,2013-02-25,2013,2,25.0,HUMAN_OBSERVATION,4fa7b334-ce0d-4e88-aaae-2e0c138d049e
942035121,"Nectarinia kilimensis Shelley, 1885",0.314053,34.86674,2013-02-25,2013,2,25.0,HUMAN_OBSERVATION,4fa7b334-ce0d-4e88-aaae-2e0c138d049e
942035181,"Bycanistes subcylindricus (P.L.Sclater, 1871)",0.314053,34.86674,2013-02-25,2013,2,25.0,HUMAN_OBSERVATION,4fa7b334-ce0d-4e88-aaae-2e0c138d049e
942035236,"Platysteira cyanea (Statius Muller, 1776)",0.314053,34.86674,2013-02-25,2013,2,25.0,HUMAN_OBSERVATION,4fa7b334-ce0d-4e88-aaae-2e0c138d049e
1802456190,"Genetta maculata (Gray, 1830)",0.34595,34.466666,2013-03-10,2013,3,10.0,PRESERVED_SPECIMEN,829ed5f2-eae7-4c81-98c1-6cb77ef0a17c
3348194143,Plagiorchiida,-0.32,35.01,2013-03-10,2013,3,10.0,PRESERVED_SPECIMEN,d8cd16ba-bb74-4420-821e-083f2bac17c2
3348242019,Plagiorchiida,-0.32,35.01,2013-03-10,2013,3,10.0,PRESERVED_SPECIMEN,d8cd16ba-bb74-4420-821e-083f2bac17c2
3348278969,Plagiorchiida,-0.32,35.01,2013-03-10,2013,3,10.0,PRESERVED_SPECIMEN,d8cd16ba-bb74-4420-821e-083f2bac17c2
3351047166,Plagiorchiida,-0.32,35.01,2013-03-10,2013,3,10.0,PRESERVED_SPECIMEN,d8cd16ba-bb74-4420-821e-083f2bac17c2
3351051295,Plagiorchiida,-0.32,35.01,2013-03-10,2013,3,10.0,PRESERVED_SPECIMEN,d8cd16ba-bb74-4420-821e-083f2bac17c2
3351082196,Plagiorchiida,-0.32,35.01,2013-03-10,2013,3,10.0,PRESERVED_SPECIMEN,d8cd16ba-bb74-4420-821e-083f2bac17c2
3351082197,Plagiorchiida,-0.32,35.01,2013-03-10,2013,3,10.0,PRESERVED_SPECIMEN,d8cd16ba-bb74-4420-821e-083f2bac17c2
3351117221,Plagiorchiida,-0.32,35.01,2013-03-10,2013,3,10.0,PRESERVED_SPECIMEN,d8cd16ba-bb74-4420-821e-083f2bac17c2
3351213028,Plagiorchiida,-0.32,35.01,2013-03-10,2013,3,10.0,PRESERVED_SPECIMEN,d8cd16ba-bb74-4420-821e-083f2bac17c2
3818326658,Plagiorchiida,-0.32,35.01,2013-03-10,2013,3,10.0,PRESERVED_SPECIMEN,d8cd16ba-bb74-4420-821e-083f2bac17c2
3818327879,Plagiorchiida,-0.32,35.01,2013-03-10,2013,3,10.0,PRESERVED_SPECIMEN,d8cd16ba-bb74-4420-821e-083f2bac17c2
3818336679,Plagiorchiida,-0.32,35.01,2013-03-10,2013,3,10.0,PRESERVED_SPECIMEN,d8cd16ba-bb74-4420-821e-083f2bac17c2
949668911,"Motacilla aguimp Temminck, 1820",0.22692,34.884655,2013-04-22,2013,4,22.0,HUMAN_OBSERVATION,4fa7b334-ce0d-4e88-aaae-2e0c138d049e
949668964,"Bycanistes subcylindricus (P.L.Sclater, 1871)",0.22692,34.884655,2013-04-22,2013,4,22.0,HUMAN_OBSERVATION,4fa7b334-ce0d-4e88-aaae-2e0c138d049e
949669128,"Nectarinia kilimensis Shelley, 1885",0.22692,34.884655,2013-04-22,2013,4,22.0,HUMAN_OBSERVATION,4fa7b334-ce0d-4e88-aaae-2e0c138d049e
949669182,"Merops oreobates (Sharpe, 1892)",0.22692,34.884655,2013-04-22,2013,4,22.0,HUMAN_OBSERVATION,4fa7b334-ce0d-4e88-aaae-2e0c138d049e
949669289,"Platysteira jamesoni (Sharpe, 1890)",0.22692,34.884655,2013-04-22,2013,4,22.0,HUMAN_OBSERVATION,4fa7b334-ce0d-4e88-aaae-2e0c138d049e
949669331,"Chlorocichla laetissima (Sharpe, 1899)",0.22692,34.884655,2013-04-22,2013,4,22.0,HUMAN_OBSERVATION,4fa7b334-ce0d-4e88-aaae-2e0c138d049e
949669398,"Lanius humeralis Stanley, 1814",0.22692,34.884655,2013-04-22,2013,4,22.0,HUMAN_OBSERVATION,4fa7b334-ce0d-4e88-aaae-2e0c138d049e
949669459,"Cinnyris chloropygius (Jardine, 1842)",0.22692,34.884655,2013-04-22,2013,4,22.0,HUMAN_OBSERVATION,4fa7b334-ce0d-4e88-aaae-2e0c138d049e
949669540,"Melaenornis fischeri (Reichenow, 1884)",0.22692,34.884655,2013-04-22,2013,4,22.0,HUMAN_OBSERVATION,4fa7b334-ce0d-4e88-aaae-2e0c138d049e
949669604,"Pogoniulus bilineatus (Sundevall, 1850)",0.22692,34.884655,2013-04-22,2013,4,22.0,HUMAN_OBSERVATION,4fa7b334-ce0d-4e88-aaae-2e0c138d049e
949675532,"Corythaeola cristata (Vieillot, 1816)",0.22692,34.884655,2013-04-22,2013,4,22.0,HUMAN_OBSERVATION,4fa7b334-ce0d-4e88-aaae-2e0c138d049e
949675670,"Bostrychia hagedash (Latham, 1790)",0.22692,34.884655,2013-04-22,2013,4,22.0,HUMAN_OBSERVATION,4fa7b334-ce0d-4e88-aaae-2e0c138d049e
951877976,"Ardea ibis Linnaeus, 1758",-0.185394,34.928284,2013-04-22,2013,4,22.0,HUMAN_OBSERVATION,4fa7b334-ce0d-4e88-aaae-2e0c138d049e
1200328509,"Elminia longicauda (Swainson, 1838)",0.259208,35.088444,2013-05-11,2013,5,11.0,HUMAN_OBSERVATION,4fa7b334-ce0d-4e88-aaae-2e0c138d049e
1200328512,"Drepanorhynchus reichenowi Fischer, 1884",0.259208,35.088444,2013-05-10,2013,5,10.0,HUMAN_OBSERVATION,4fa7b334-ce0d-4e88-aaae-2e0c138d049e
1200328532,"Dendropicos fuscescens (Vieillot, 1818)",0.259208,35.088444,2013-05-12,2013,5,12.0,HUMAN_OBSERVATION,4fa7b334-ce0d-4e88-aaae-2e0c138d049e
1200328577,"Nectarinia kilimensis Shelley, 1885",0.259208,35.088444,2013-05-12,2013,5,12.0,HUMAN_OBSERVATION,4fa7b334-ce0d-4e88-aaae-2e0c138d049e
1415636107,BOLD:ABU9876,0.225,34.858,2013-05-23,2013,5,23.0,MATERIAL_SAMPLE,040c5662-da76-4782-a48e-cdea1892d14c
1415636121,BOLD:ABV3573,0.225,34.858,2013-05-23,2013,5,23.0,MATERIAL_SAMPLE,040c5662-da76-4782-a48e-cdea1892d14c
1415636125,BOLD:ABA9340,0.217,34.852,2013-05-23,2013,5,23.0,MATERIAL_SAMPLE,040c5662-da76-4782-a48e-cdea1892d14c
1415636126,BOLD:ABA9340,0.22,34.856,2013-05-23,2013,5,23.0,MATERIAL_SAMPLE,040c5662-da76-4782-a48e-cdea1892d14c
1415636135,BOLD:AAU8140,0.225,34.858,2013-05-23,2013,5,23.0,MATERIAL_SAMPLE,040c5662-da76-4782-a48e-cdea1892d14c
1415636140,BOLD:ACG5537,0.225,34.858,2013-05-23,2013,5,23.0,MATERIAL_SAMPLE,040c5662-da76-4782-a48e-cdea1892d14c
1415636142,BOLD:ABV3573,0.225,34.858,2013-05-23,2013,5,23.0,MATERIAL_SAMPLE,040c5662-da76-4782-a48e-cdea1892d14c
1415636146,BOLD:AAU8140,0.225,34.858,2013-05-23,2013,5,23.0,MATERIAL_SAMPLE,040c5662-da76-4782-a48e-cdea1892d14c
1415636147,BOLD:ABU9876,0.22,34.856,2013-05-23,2013,5,23.0,MATERIAL_SAMPLE,040c5662-da76-4782-a48e-cdea1892d14c
958745140,"Megabyas flammulatus J.Verreaux & E.Verreaux, 1855",0.290505,34.83902,2013-06-06,2013,6,6.0,HUMAN_OBSERVATION,4fa7b334-ce0d-4e88-aaae-2e0c138d049e
958751219,"Hieraaetus ayresii (Gurney, 1862)",0.290505,34.83902,2013-06-06,2013,6,6.0,HUMAN_OBSERVATION,4fa7b334-ce0d-4e88-aaae-2e0c138d049e
958751262,"Apaloderma vittatum Shelley, 1882",0.290505,34.83902,2013-06-06,2013,6,6.0,HUMAN_OBSERVATION,4fa7b334-ce0d-4e88-aaae-2e0c138d049e
958751496,"Zosterops senegalensis Bonaparte, 1850",0.290505,34.83902,2013-06-06,2013,6,6.0,HUMAN_OBSERVATION,4fa7b334-ce0d-4e88-aaae-2e0c138d049e
958752137,"Dendropicos fuscescens (Vieillot, 1818)",0.290505,34.83902,2013-06-06,2013,6,6.0,HUMAN_OBSERVATION,4fa7b334-ce0d-4e88-aaae-2e0c138d049e
958752171,"Merops oreobates (Sharpe, 1892)",0.290505,34.83902,2013-06-06,2013,6,6.0,HUMAN_OBSERVATION,4fa7b334-ce0d-4e88-aaae-2e0c138d049e
958752205,"Hedydipna collaris (Vieillot, 1819)",0.290505,34.83902,2013-06-06,2013,6,6.0,HUMAN_OBSERVATION,4fa7b334-ce0d-4e88-aaae-2e0c138d049e
958752232,"Pycnonotus barbatus (Desfontaines, 1789)",0.290505,34.83902,2013-06-06,2013,6,6.0,HUMAN_OBSERVATION,4fa7b334-ce0d-4e88-aaae-2e0c138d049e
958752802,"Chalcomitra rubescens (Vieillot, 1819)",0.290505,34.83902,2013-06-06,2013,6,6.0,HUMAN_OBSERVATION,4fa7b334-ce0d-4e88-aaae-2e0c138d049e
958753133,"Elminia longicauda (Swainson, 1838)",0.290505,34.83902,2013-06-06,2013,6,6.0,HUMAN_OBSERVATION,4fa7b334-ce0d-4e88-aaae-2e0c138d049e
958753876,"Pogoniulus bilineatus (Sundevall, 1850)",0.290505,34.83902,2013-06-06,2013,6,6.0,HUMAN_OBSERVATION,4fa7b334-ce0d-4e88-aaae-2e0c138d049e
958754064,"Chrysococcyx klaas (Stephens, 1815)",0.290505,34.83902,2013-06-06,2013,6,6.0,HUMAN_OBSERVATION,4fa7b334-ce0d-4e88-aaae-2e0c138d049e
958754122,"Chlorocichla laetissima (Sharpe, 1899)",0.290505,34.83902,2013-06-06,2013,6,6.0,HUMAN_OBSERVATION,4fa7b334-ce0d-4e88-aaae-2e0c138d049e
1024210030,"Trachylaemus purpuratus (J.Verreaux & E.Verreaux, 1851)",0.238162,34.865316,2013-07-17,2013,7,17.0,HUMAN_OBSERVATION,50c9509d-22c7-4a22-a47d-8c48425ef4a7
1024221667,"Melaenornis fischeri (Reichenow, 1884)",0.236186,34.865541,2013-07-24,2013,7,24.0,HUMAN_OBSERVATION,50c9509d-22c7-4a22-a47d-8c48425ef4a7
1038289698,"Chloropicus xantholophus (Hargitt, 1883)",0.236186,34.865541,2013-07-24T03:09:58,2013,7,24.0,HUMAN_OBSERVATION,50c9509d-22c7-4a22-a47d-8c48425ef4a7
1457644194,"Dendroaspis jamesoni kaimosae Loveridge, 1936",0.237066,34.865163,2013-07-11,2013,7,11.0,HUMAN_OBSERVATION,50c9509d-22c7-4a22-a47d-8c48425ef4a7
965423087,"Colius striatus J.F.Gmelin, 1789",0.22692,34.884655,2013-08-10,2013,8,10.0,HUMAN_OBSERVATION,4fa7b334-ce0d-4e88-aaae-2e0c138d049e
965423205,"Bostrychia hagedash (Latham, 1790)",0.22692,34.884655,2013-08-10,2013,8,10.0,HUMAN_OBSERVATION,4fa7b334-ce0d-4e88-aaae-2e0c138d049e
965433865,"Motacilla aguimp Temminck, 1820",0.22692,34.884655,2013-08-09,2013,8,9.0,HUMAN_OBSERVATION,4fa7b334-ce0d-4e88-aaae-2e0c138d049e
965433866,"Merops oreobates (Sharpe, 1892)",0.22692,34.884655,2013-08-09,2013,8,9.0,HUMAN_OBSERVATION,4fa7b334-ce0d-4e88-aaae-2e0c138d049e
965433880,"Stephanoaetus coronatus (Linnaeus, 1766)",0.22692,34.884655,2013-08-09,2013,8,9.0,HUMAN_OBSERVATION,4fa7b334-ce0d-4e88-aaae-2e0c138d049e
965433884,"Nectarinia kilimensis Shelley, 1885",0.22692,34.884655,2013-08-09,2013,8,9.0,HUMAN_OBSERVATION,4fa7b334-ce0d-4e88-aaae-2e0c138d049e
965433892,"Corythaeola cristata (Vieillot, 1816)",0.22692,34.884655,2013-08-09,2013,8,9.0,HUMAN_OBSERVATION,4fa7b334-ce0d-4e88-aaae-2e0c138d049e
965433910,"Bycanistes subcylindricus (P.L.Sclater, 1871)",0.22692,34.884655,2013-08-09,2013,8,9.0,HUMAN_OBSERVATION,4fa7b334-ce0d-4e88-aaae-2e0c138d049e
965435223,"Merops albicollis Vieillot, 1817",0.22692,34.884655,2013-08-09,2013,8,9.0,HUMAN_OBSERVATION,4fa7b334-ce0d-4e88-aaae-2e0c138d049e
965435292,"Eurillas latirostris (Strickland, 1844)",0.22692,34.884655,2013-08-09,2013,8,9.0,HUMAN_OBSERVATION,4fa7b334-ce0d-4e88-aaae-2e0c138d049e
965435334,"Psalidoprocne pristoptera (Rüppell, 1840)",0.22692,34.884655,2013-08-10,2013,8,10.0,HUMAN_OBSERVATION,4fa7b334-ce0d-4e88-aaae-2e0c138d049e
965435354,"Cisticola chubbi Sharpe, 1892",0.22692,34.884655,2013-08-10,2013,8,10.0,HUMAN_OBSERVATION,4fa7b334-ce0d-4e88-aaae-2e0c138d049e
965435361,"Melaenornis fischeri (Reichenow, 1884)",0.22692,34.884655,2013-08-09,2013,8,9.0,HUMAN_OBSERVATION,4fa7b334-ce0d-4e88-aaae-2e0c138d049e
975944317,"Elminia longicauda (Swainson, 1838)",0.22692,34.884655,2013-09-02,2013,9,2.0,HUMAN_OBSERVATION,4fa7b334-ce0d-4e88-aaae-2e0c138d049e
975944349,"Chrysococcyx cupreus (Shaw, 1792)",0.22692,34.884655,2013-09-02,2013,9,2.0,HUMAN_OBSERVATION,4fa7b334-ce0d-4e88-aaae-2e0c138d049e
975944388,"Terpsiphone viridis (Statius Muller, 1776)",0.22692,34.884655,2013-09-02,2013,9,2.0,HUMAN_OBSERVATION,4fa7b334-ce0d-4e88-aaae-2e0c138d049e
975944422,"Ispidina picta (Boddaert, 1783)",0.22692,34.884655,2013-09-02,2013,9,2.0,HUMAN_OBSERVATION,4fa7b334-ce0d-4e88-aaae-2e0c138d049e
975944452,"Cossypha cyanocampter (Bonaparte, 1850)",0.22692,34.884655,2013-09-02,2013,9,2.0,HUMAN_OBSERVATION,4fa7b334-ce0d-4e88-aaae-2e0c138d049e
975944468,"Cypsiurus parvus (M.H.K.Lichtenstein, 1823)",0.22692,34.884655,2013-09-02,2013,9,2.0,HUMAN_OBSERVATION,4fa7b334-ce0d-4e88-aaae-2e0c138d049e
975944493,"Turtur afer (Linnaeus, 1766)",0.22692,34.884655,2013-09-02,2013,9,2.0,HUMAN_OBSERVATION,4fa7b334-ce0d-4e88-aaae-2e0c138d049e
975944613,"Motacilla aguimp Temminck, 1820",0.22692,34.884655,2013-09-02,2013,9,2.0,HUMAN_OBSERVATION,4fa7b334-ce0d-4e88-aaae-2e0c138d049e
975944621,"Platysteira cyanea (Statius Muller, 1776)",0.22692,34.884655,2013-09-02,2013,9,2.0,HUMAN_OBSERVATION,4fa7b334-ce0d-4e88-aaae-2e0c138d049e
975944691,"Treron calvus (Temminck, 1811)",0.22692,34.884655,2013-09-02,2013,9,2.0,HUMAN_OBSERVATION,4fa7b334-ce0d-4e88-aaae-2e0c138d049e
975944697,"Batis molitor (Kuster, 1836)",0.22692,34.884655,2013-09-02,2013,9,2.0,HUMAN_OBSERVATION,4fa7b334-ce0d-4e88-aaae-2e0c138d049e
975944727,"Anthus cinnamomeus Rüppell, 1840",0.22692,34.884655,2013-09-02,2013,9,2.0,HUMAN_OBSERVATION,4fa7b334-ce0d-4e88-aaae-2e0c138d049e
975944736,"Cisticola chubbi Sharpe, 1892",0.22692,34.884655,2013-09-02,2013,9,2.0,HUMAN_OBSERVATION,4fa7b334-ce0d-4e88-aaae-2e0c138d049e
968698030,"Halcyon senegalensis (Linnaeus, 1766)",-0.129518,34.740944,2013-10-13,2013,10,13.0,HUMAN_OBSERVATION,4fa7b334-ce0d-4e88-aaae-2e0c138d049e
968700092,"Crithagra mozambica (P.L.Statius Müller, 1776)",-0.129518,34.740944,2013-10-13,2013,10,13.0,HUMAN_OBSERVATION,4fa7b334-ce0d-4e88-aaae-2e0c138d049e
968701748,"Merops albicollis Vieillot, 1817",-0.129518,34.740944,2013-10-13,2013,10,13.0,HUMAN_OBSERVATION,4fa7b334-ce0d-4e88-aaae-2e0c138d049e
968712540,"Corythornis cristatus (Pallas, 1764)",-0.129518,34.740944,2013-10-13,2013,10,13.0,HUMAN_OBSERVATION,4fa7b334-ce0d-4e88-aaae-2e0c138d049e
968713225,"Corvus albus Statius Muller, 1776",-0.129518,34.740944,2013-10-13,2013,10,13.0,HUMAN_OBSERVATION,4fa7b334-ce0d-4e88-aaae-2e0c138d049e
968713619,"Ceryle rudis (Linnaeus, 1758)",-0.129518,34.740944,2013-10-13,2013,10,13.0,HUMAN_OBSERVATION,4fa7b334-ce0d-4e88-aaae-2e0c138d049e
968714227,"Uraeginthus bengalus (Linnaeus, 1766)",-0.129518,34.740944,2013-10-13,2013,10,13.0,HUMAN_OBSERVATION,4fa7b334-ce0d-4e88-aaae-2e0c138d049e
968714232,"Vanellus spinosus (Linnaeus, 1758)",-0.129518,34.740944,2013-10-13,2013,10,13.0,HUMAN_OBSERVATION,4fa7b334-ce0d-4e88-aaae-2e0c138d049e
968714246,"Lophaetus occipitalis (Daudin, 1800)",-0.129518,34.740944,2013-10-13,2013,10,13.0,HUMAN_OBSERVATION,4fa7b334-ce0d-4e88-aaae-2e0c138d049e
968714580,"Threskiornis aethiopicus (Latham, 1790)",-0.129518,34.740944,2013-10-13,2013,10,13.0,HUMAN_OBSERVATION,4fa7b334-ce0d-4e88-aaae-2e0c138d049e
968714598,"Colius striatus J.F.Gmelin, 1789",-0.129518,34.740944,2013-10-13,2013,10,13.0,HUMAN_OBSERVATION,4fa7b334-ce0d-4e88-aaae-2e0c138d049e
968714906,"Ardeola ralloides (Scopoli, 1769)",-0.129518,34.740944,2013-10-13,2013,10,13.0,HUMAN_OBSERVATION,4fa7b334-ce0d-4e88-aaae-2e0c138d049e
968715337,"Columba guinea Linnaeus, 1758",-0.129518,34.740944,2013-10-13,2013,10,13.0,HUMAN_OBSERVATION,4fa7b334-ce0d-4e88-aaae-2e0c138d049e
975740456,"Threskiornis aethiopicus (Latham, 1790)",-0.401222,34.665188,2013-11-22,2013,11,22.0,HUMAN_OBSERVATION,4fa7b334-ce0d-4e88-aaae-2e0c138d049e
975744805,"Milvus migrans (Boddaert, 1783)",-0.098511,34.7647,2013-11-23,2013,11,23.0,HUMAN_OBSERVATION,4fa7b334-ce0d-4e88-aaae-2e0c138d049e
975746456,"Cypsiurus parvus (M.H.K.Lichtenstein, 1823)",-0.401222,34.665188,2013-11-28,2013,11,28.0,HUMAN_OBSERVATION,4fa7b334-ce0d-4e88-aaae-2e0c138d049e
975746604,"Motacilla aguimp Temminck, 1820",-0.401222,34.665188,2013-11-28,2013,11,28.0,HUMAN_OBSERVATION,4fa7b334-ce0d-4e88-aaae-2e0c138d049e
975746659,"Crinifer personatus (Rüppell, 1842)",-0.401222,34.665188,2013-11-28,2013,11,28.0,HUMAN_OBSERVATION,4fa7b334-ce0d-4e88-aaae-2e0c138d049e
975746704,"Milvus migrans (Boddaert, 1783)",-0.401222,34.665188,2013-11-28,2013,11,28.0,HUMAN_OBSERVATION,4fa7b334-ce0d-4e88-aaae-2e0c138d049e
975746755,"Laniarius erythrogaster (Cretzschmar, 1829)",-0.401222,34.665188,2013-11-28,2013,11,28.0,HUMAN_OBSERVATION,4fa7b334-ce0d-4e88-aaae-2e0c138d049e
975746904,"Spermestes cucullata Swainson, 1837",-0.401222,34.665188,2013-11-28,2013,11,28.0,HUMAN_OBSERVATION,4fa7b334-ce0d-4e88-aaae-2e0c138d049e
975746952,"Ardea ibis Linnaeus, 1758",-0.401222,34.665188,2013-11-28,2013,11,28.0,HUMAN_OBSERVATION,4fa7b334-ce0d-4e88-aaae-2e0c138d049e
975746957,"Bostrychia hagedash (Latham, 1790)",-0.401222,34.665188,2013-11-28,2013,11,28.0,HUMAN_OBSERVATION,4fa7b334-ce0d-4e88-aaae-2e0c138d049e
975746999,"Scopus umbretta Gmelin, 1789",-0.401222,34.665188,2013-11-28,2013,11,28.0,HUMAN_OBSERVATION,4fa7b334-ce0d-4e88-aaae-2e0c138d049e
975747110,"Pycnonotus barbatus (Desfontaines, 1789)",-0.401222,34.665188,2013-11-28,2013,11,28.0,HUMAN_OBSERVATION,4fa7b334-ce0d-4e88-aaae-2e0c138d049e
975747141,"Indicator minor Stephens, 1815",-0.401222,34.665188,2013-11-28,2013,11,28.0,HUMAN_OBSERVATION,4fa7b334-ce0d-4e88-aaae-2e0c138d049e
975741583,"Buteo buteo (Linnaeus, 1758)",0.2066,34.772892,2013-12-01,2013,12,1.0,HUMAN_OBSERVATION,4fa7b334-ce0d-4e88-aaae-2e0c138d049e
975750155,"Elminia longicauda (Swainson, 1838)",0.24726,34.87463,2013-12-01,2013,12,1.0,HUMAN_OBSERVATION,4fa7b334-ce0d-4e88-aaae-2e0c138d049e
975750192,"Motacilla aguimp Temminck, 1820",0.24726,34.87463,2013-12-01,2013,12,1.0,HUMAN_OBSERVATION,4fa7b334-ce0d-4e88-aaae-2e0c138d049e
975750432,"Megabyas flammulatus J.Verreaux & E.Verreaux, 1855",0.24726,34.87463,2013-12-01,2013,12,1.0,HUMAN_OBSERVATION,4fa7b334-ce0d-4e88-aaae-2e0c138d049e
975750468,"Eurillas ansorgei (Hartert, 1907)",0.24726,34.87463,2013-12-01,2013,12,1.0,HUMAN_OBSERVATION,4fa7b334-ce0d-4e88-aaae-2e0c138d049e
975750510,"Zosterops senegalensis Bonaparte, 1850",0.24726,34.87463,2013-12-01,2013,12,1.0,HUMAN_OBSERVATION,4fa7b334-ce0d-4e88-aaae-2e0c138d049e
975750547,"Hirundo rustica Linnaeus, 1758",0.24726,34.87463,2013-12-01,2013,12,1.0,HUMAN_OBSERVATION,4fa7b334-ce0d-4e88-aaae-2e0c138d049e
975750585,"Bycanistes subcylindricus (P.L.Sclater, 1871)",0.24726,34.87463,2013-12-01,2013,12,1.0,HUMAN_OBSERVATION,4fa7b334-ce0d-4e88-aaae-2e0c138d049e
975750697,"Spermestes bicolor (Fraser, 1843)",0.24726,34.87463,2013-12-01,2013,12,1.0,HUMAN_OBSERVATION,4fa7b334-ce0d-4e88-aaae-2e0c138d049e
975750821,"Bathmocercus rufus Reichenow, 1895",0.24726,34.87463,2013-12-01,2013,12,1.0,HUMAN_OBSERVATION,4fa7b334-ce0d-4e88-aaae-2e0c138d049e
975750853,"Sylvia atricapilla (Linnaeus, 1758)",0.24726,34.87463,2013-12-01,2013,12,1.0,HUMAN_OBSERVATION,4fa7b334-ce0d-4e88-aaae-2e0c138d049e
975750885,"Tauraco schuettii (Cabanis, 1879)",0.24726,34.87463,2013-12-01,2013,12,1.0,HUMAN_OBSERVATION,4fa7b334-ce0d-4e88-aaae-2e0c138d049e
975751116,"Chamaetylas poliocephala (Bonaparte, 1850)",0.24726,34.87463,2013-12-01,2013,12,1.0,HUMAN_OBSERVATION,4fa7b334-ce0d-4e88-aaae-2e0c138d049e
1346509220,"Glaucidium tephronotum Sharpe, 1875",0.22692,34.884655,2015-01-11,2015,1,11.0,HUMAN_OBSERVATION,4fa7b334-ce0d-4e88-aaae-2e0c138d049e
1346509222,"Chlorocichla laetissima (Sharpe, 1899)",0.22692,34.884655,2015-01-11,2015,1,11.0,HUMAN_OBSERVATION,4fa7b334-ce0d-4e88-aaae-2e0c138d049e
1346509223,"Phyllastrephus hypochloris (Jackson, 1906)",0.22692,34.884655,2015-01-11,2015,1,11.0,HUMAN_OBSERVATION,4fa7b334-ce0d-4e88-aaae-2e0c138d049e
1346509244,"Phylloscopus budongoensis (Seth-Smith, 1907)",0.22692,34.884655,2015-01-11,2015,1,11.0,HUMAN_OBSERVATION,4fa7b334-ce0d-4e88-aaae-2e0c138d049e
1346509246,"Ploceus melanogaster Shelley, 1887",0.22692,34.884655,2015-01-11,2015,1,11.0,HUMAN_OBSERVATION,4fa7b334-ce0d-4e88-aaae-2e0c138d049e
1346509264,"Schistolais leucopogon (Cabanis, 1875)",0.22692,34.884655,2015-01-11,2015,1,11.0,HUMAN_OBSERVATION,4fa7b334-ce0d-4e88-aaae-2e0c138d049e
1346509275,"Eremomela turneri Someren, 1920",0.22692,34.884655,2015-01-11,2015,1,11.0,HUMAN_OBSERVATION,4fa7b334-ce0d-4e88-aaae-2e0c138d049e
1346509302,"Arizelocichla masukuensis (Shelley, 1897)",0.22692,34.884655,2015-01-11,2015,1,11.0,HUMAN_OBSERVATION,4fa7b334-ce0d-4e88-aaae-2e0c138d049e
1346512819,"Prinia bairdii (Cassin, 1855)",0.212681,34.92315,2015-01-12,2015,1,12.0,HUMAN_OBSERVATION,4fa7b334-ce0d-4e88-aaae-2e0c138d049e
1346512846,"Motacilla aguimp Temminck, 1820",0.212681,34.92315,2015-01-12,2015,1,12.0,HUMAN_OBSERVATION,4fa7b334-ce0d-4e88-aaae-2e0c138d049e
1346512853,"Bycanistes subcylindricus (P.L.Sclater, 1871)",0.212681,34.92315,2015-01-12,2015,1,12.0,HUMAN_OBSERVATION,4fa7b334-ce0d-4e88-aaae-2e0c138d049e
1346512855,"Turdus pelios Bonaparte, 1850",0.212681,34.92315,2015-01-12,2015,1,12.0,HUMAN_OBSERVATION,4fa7b334-ce0d-4e88-aaae-2e0c138d049e
1346512861,"Apaloderma vittatum Shelley, 1882",0.212681,34.92315,2015-01-12,2015,1,12.0,HUMAN_OBSERVATION,4fa7b334-ce0d-4e88-aaae-2e0c138d049e
1349040180,"Hirundo rustica Linnaeus, 1758",-0.139389,34.738426,2015-02-08,2015,2,8.0,HUMAN_OBSERVATION,4fa7b334-ce0d-4e88-aaae-2e0c138d049e
1349040213,"Spermestes cucullata Swainson, 1837",-0.139389,34.738426,2015-02-08,2015,2,8.0,HUMAN_OBSERVATION,4fa7b334-ce0d-4e88-aaae-2e0c138d049e
1349040224,"Merops persicus Pallas, 1773",-0.139389,34.738426,2015-02-08,2015,2,8.0,HUMAN_OBSERVATION,4fa7b334-ce0d-4e88-aaae-2e0c138d049e
1349040232,"Ardea ibis Linnaeus, 1758",-0.139389,34.738426,2015-02-08,2015,2,8.0,HUMAN_OBSERVATION,4fa7b334-ce0d-4e88-aaae-2e0c138d049e
1349040240,"Streptopelia decipiens (Hartlaub & Finsch, 1870)",-0.139389,34.738426,2015-02-08,2015,2,8.0,HUMAN_OBSERVATION,4fa7b334-ce0d-4e88-aaae-2e0c138d049e
1349040246,"Cypsiurus parvus (M.H.K.Lichtenstein, 1823)",-0.139389,34.738426,2015-02-08,2015,2,8.0,HUMAN_OBSERVATION,4fa7b334-ce0d-4e88-aaae-2e0c138d049e
1349040248,"Hirundo angolensis Bocage, 1868",-0.139389,34.738426,2015-02-08,2015,2,8.0,HUMAN_OBSERVATION,4fa7b334-ce0d-4e88-aaae-2e0c138d049e
1349040251,"Milvus migrans (Boddaert, 1783)",-0.139389,34.738426,2015-02-08,2015,2,8.0,HUMAN_OBSERVATION,4fa7b334-ce0d-4e88-aaae-2e0c138d049e
1349040258,"Turdus pelios Bonaparte, 1850",-0.139389,34.738426,2015-02-08,2015,2,8.0,HUMAN_OBSERVATION,4fa7b334-ce0d-4e88-aaae-2e0c138d049e
1349040265,"Ploceus melanocephalus (Linnaeus, 1758)",-0.139389,34.738426,2015-02-08,2015,2,8.0,HUMAN_OBSERVATION,4fa7b334-ce0d-4e88-aaae-2e0c138d049e
1349040266,"Motacilla aguimp Temminck, 1820",-0.139389,34.738426,2015-02-08,2015,2,8.0,HUMAN_OBSERVATION,4fa7b334-ce0d-4e88-aaae-2e0c138d049e
1349040294,"Turtur afer (Linnaeus, 1766)",-0.139389,34.738426,2015-02-08,2015,2,8.0,HUMAN_OBSERVATION,4fa7b334-ce0d-4e88-aaae-2e0c138d049e
1349040296,"Laniarius erythrogaster (Cretzschmar, 1829)",-0.139389,34.738426,2015-02-08,2015,2,8.0,HUMAN_OBSERVATION,4fa7b334-ce0d-4e88-aaae-2e0c138d049e
1883745078,"Myotis bocagii (Peters, 1870)",0.33163,34.87875,2015-03-10,2015,3,10.0,PRESERVED_SPECIMEN,41fc5c40-5e81-496f-9733-6b5681b3b7a5
1883745251,"Doryrhina cyclops (Temminck, 1853)",0.35293,34.86201,2015-03-05,2015,3,5.0,PRESERVED_SPECIMEN,41fc5c40-5e81-496f-9733-6b5681b3b7a5
1883745293,"Hipposideros caffer (Sundevall, 1846)",-0.11742,34.54124,2015-03-17,2015,3,17.0,PRESERVED_SPECIMEN,41fc5c40-5e81-496f-9733-6b5681b3b7a5
1883745314,"Hipposideros caffer (Sundevall, 1846)",-0.11742,34.54124,2015-03-17,2015,3,17.0,PRESERVED_SPECIMEN,41fc5c40-5e81-496f-9733-6b5681b3b7a5
1883745370,"Hipposideros caffer (Sundevall, 1846)",-0.11742,34.54124,2015-03-17,2015,3,17.0,PRESERVED_SPECIMEN,41fc5c40-5e81-496f-9733-6b5681b3b7a5
1883745394,"Hipposideros caffer (Sundevall, 1846)",-0.11742,34.54124,2015-03-17,2015,3,17.0,PRESERVED_SPECIMEN,41fc5c40-5e81-496f-9733-6b5681b3b7a5
1883745657,"Hipposideros caffer (Sundevall, 1846)",-0.11742,34.54124,2015-03-17,2015,3,17.0,PRESERVED_SPECIMEN,41fc5c40-5e81-496f-9733-6b5681b3b7a5
1883745767,"Hipposideros caffer (Sundevall, 1846)",-0.11742,34.54124,2015-03-17,2015,3,17.0,PRESERVED_SPECIMEN,41fc5c40-5e81-496f-9733-6b5681b3b7a5
1883745928,"Chaerephon major (Trouessart, 1897)",0.33163,34.87875,2015-03-10,2015,3,10.0,PRESERVED_SPECIMEN,41fc5c40-5e81-496f-9733-6b5681b3b7a5
1883745929,"Hipposideros caffer (Sundevall, 1846)",-0.11742,34.54124,2015-03-17,2015,3,17.0,PRESERVED_SPECIMEN,41fc5c40-5e81-496f-9733-6b5681b3b7a5
1883745976,"Hipposideros caffer (Sundevall, 1846)",-0.11742,34.54124,2015-03-17,2015,3,17.0,PRESERVED_SPECIMEN,41fc5c40-5e81-496f-9733-6b5681b3b7a5
1883746056,"Hipposideros caffer (Sundevall, 1846)",-0.11742,34.54124,2015-03-17,2015,3,17.0,PRESERVED_SPECIMEN,41fc5c40-5e81-496f-9733-6b5681b3b7a5
1883746225,"Hipposideros caffer (Sundevall, 1846)",-0.11742,34.54124,2015-03-17,2015,3,17.0,PRESERVED_SPECIMEN,41fc5c40-5e81-496f-9733-6b5681b3b7a5
1088966295,"Sheppardia polioptera (Reichenow, 1892)",0.285506,34.864426,2015-04-07,2015,4,7.0,HUMAN_OBSERVATION,50c9509d-22c7-4a22-a47d-8c48425ef4a7
1366888330,"Lophaetus occipitalis (Daudin, 1800)",-0.07682,34.72274,2015-04-23,2015,4,23.0,HUMAN_OBSERVATION,4fa7b334-ce0d-4e88-aaae-2e0c138d049e
1772991194,"Cypsiurus parvus (M.H.K.Lichtenstein, 1823)",-0.125407,34.742504,2015-04-13,2015,4,13.0,HUMAN_OBSERVATION,4fa7b334-ce0d-4e88-aaae-2e0c138d049e
1772991416,"Icthyophaga vocifer (Daudin, 1800)",-0.125407,34.742504,2015-04-13,2015,4,13.0,HUMAN_OBSERVATION,4fa7b334-ce0d-4e88-aaae-2e0c138d049e
1772992532,"Eurystomus glaucurus (P.L.S.Müller, 1776)",-0.125407,34.742504,2015-04-13,2015,4,13.0,HUMAN_OBSERVATION,4fa7b334-ce0d-4e88-aaae-2e0c138d049e
1772992550,"Lybius guifsobalito Hermann, 1783",-0.125407,34.742504,2015-04-13,2015,4,13.0,HUMAN_OBSERVATION,4fa7b334-ce0d-4e88-aaae-2e0c138d049e
1772992552,"Spermestes cucullata Swainson, 1837",-0.125407,34.742504,2015-04-13,2015,4,13.0,HUMAN_OBSERVATION,4fa7b334-ce0d-4e88-aaae-2e0c138d049e
1772992571,"Ploceus jacksoni Shelley, 1888",-0.125407,34.742504,2015-04-13,2015,4,13.0,HUMAN_OBSERVATION,4fa7b334-ce0d-4e88-aaae-2e0c138d049e
1772992577,"Laniarius erythrogaster (Cretzschmar, 1829)",-0.125407,34.742504,2015-04-13,2015,4,13.0,HUMAN_OBSERVATION,4fa7b334-ce0d-4e88-aaae-2e0c138d049e
1772992582,"Phalacrocorax carbo (Linnaeus, 1758)",-0.125407,34.742504,2015-04-13,2015,4,13.0,HUMAN_OBSERVATION,4fa7b334-ce0d-4e88-aaae-2e0c138d049e
1772992589,"Delichon urbicum (Linnaeus, 1758)",-0.125407,34.742504,2015-04-13,2015,4,13.0,HUMAN_OBSERVATION,4fa7b334-ce0d-4e88-aaae-2e0c138d049e
1772992595,"Camaroptera brachyura (Vieillot, 1821)",-0.125407,34.742504,2015-04-13,2015,4,13.0,HUMAN_OBSERVATION,4fa7b334-ce0d-4e88-aaae-2e0c138d049e
1772992645,"Ploceus melanocephalus (Linnaeus, 1758)",-0.125407,34.742504,2015-04-13,2015,4,13.0,HUMAN_OBSERVATION,4fa7b334-ce0d-4e88-aaae-2e0c138d049e
1366897427,"Polyboroides typus A.Smith, 1829",-0.115646,34.750336,2015-05-04,2015,5,4.0,HUMAN_OBSERVATION,4fa7b334-ce0d-4e88-aaae-2e0c138d049e
3201589109,"Corythaeola cristata (Vieillot, 1816)",0.22692,34.884655,2015-05-19,2015,5,19.0,HUMAN_OBSERVATION,4fa7b334-ce0d-4e88-aaae-2e0c138d049e
3215574039,"Merops oreobates (Sharpe, 1892)",0.22692,34.884655,2015-05-19,2015,5,19.0,HUMAN_OBSERVATION,4fa7b334-ce0d-4e88-aaae-2e0c138d049e
3306556366,"Scopus umbretta Gmelin, 1789",-0.124583,34.707917,2015-05-16,2015,5,16.0,HUMAN_OBSERVATION,1cd0cb6d-d8ab-4e4c-9672-70d22fec96b3
3306556367,"Spermestes bicolor (Fraser, 1843)",-0.124583,34.707917,2015-05-16,2015,5,16.0,HUMAN_OBSERVATION,1cd0cb6d-d8ab-4e4c-9672-70d22fec96b3
3306556430,"Ceyx pictus (Boddaert, 1783)",-0.124583,34.79125,2015-05-30,2015,5,30.0,HUMAN_OBSERVATION,1cd0cb6d-d8ab-4e4c-9672-70d22fec96b3
3306557337,"Ardea melanocephala Children & Vigors, 1826",-0.124583,34.707917,2015-05-16,2015,5,16.0,HUMAN_OBSERVATION,1cd0cb6d-d8ab-4e4c-9672-70d22fec96b3
3306557338,"Ploceus cucullatus (Statius Muller, 1776)",-0.124583,34.707917,2015-05-16,2015,5,16.0,HUMAN_OBSERVATION,1cd0cb6d-d8ab-4e4c-9672-70d22fec96b3
3306557401,"Ceryle rudis (Linnaeus, 1758)",-0.124583,34.79125,2015-05-30,2015,5,30.0,HUMAN_OBSERVATION,1cd0cb6d-d8ab-4e4c-9672-70d22fec96b3
3306557402,"Pycnonotus tricolor (Hartlaub, 1862)",-0.124583,34.79125,2015-05-30,2015,5,30.0,HUMAN_OBSERVATION,1cd0cb6d-d8ab-4e4c-9672-70d22fec96b3
3306558430,"Bostrychia hagedash (Latham, 1790)",-0.124583,34.707917,2015-05-16,2015,5,16.0,HUMAN_OBSERVATION,1cd0cb6d-d8ab-4e4c-9672-70d22fec96b3
3306558492,"Hirundo smithii Leach & K.D.Koenig, 1818",-0.124583,34.79125,2015-05-30,2015,5,30.0,HUMAN_OBSERVATION,1cd0cb6d-d8ab-4e4c-9672-70d22fec96b3
3306558493,"Uraeginthus bengalus (Linnaeus, 1766)",-0.124583,34.79125,2015-05-30,2015,5,30.0,HUMAN_OBSERVATION,1cd0cb6d-d8ab-4e4c-9672-70d22fec96b3
1381056523,"Cossypha niveicapilla (Lafresnaye, 1838)",0.22692,34.884655,2015-06-20,2015,6,20.0,HUMAN_OBSERVATION,4fa7b334-ce0d-4e88-aaae-2e0c138d049e
1381056533,"Turdus abyssinicus Gmelin, 1789",0.22692,34.884655,2015-06-20,2015,6,20.0,HUMAN_OBSERVATION,4fa7b334-ce0d-4e88-aaae-2e0c138d049e
1381056549,"Motacilla aguimp Temminck, 1820",0.22692,34.884655,2015-06-20,2015,6,20.0,HUMAN_OBSERVATION,4fa7b334-ce0d-4e88-aaae-2e0c138d049e
1381056552,"Nectarinia kilimensis Shelley, 1885",0.22692,34.884655,2015-06-20,2015,6,20.0,HUMAN_OBSERVATION,4fa7b334-ce0d-4e88-aaae-2e0c138d049e
1381056580,"Chlorocichla laetissima (Sharpe, 1899)",0.22692,34.884655,2015-06-20,2015,6,20.0,HUMAN_OBSERVATION,4fa7b334-ce0d-4e88-aaae-2e0c138d049e
1381057345,"Eurillas latirostris (Strickland, 1844)",0.233885,34.86852,2015-06-19,2015,6,19.0,HUMAN_OBSERVATION,4fa7b334-ce0d-4e88-aaae-2e0c138d049e
1381057386,"Buccanodon duchaillui (Cassin, 1855)",0.233885,34.86852,2015-06-19,2015,6,19.0,HUMAN_OBSERVATION,4fa7b334-ce0d-4e88-aaae-2e0c138d049e
1381057387,"Saxicola torquatus (Linnaeus, 1766)",0.233885,34.86852,2015-06-19,2015,6,19.0,HUMAN_OBSERVATION,4fa7b334-ce0d-4e88-aaae-2e0c138d049e
1381057399,"Motacilla aguimp Temminck, 1820",0.233885,34.86852,2015-06-19,2015,6,19.0,HUMAN_OBSERVATION,4fa7b334-ce0d-4e88-aaae-2e0c138d049e
1381057408,"Muscicapa adusta (F.Boie, 1828)",0.233885,34.86852,2015-06-19,2015,6,19.0,HUMAN_OBSERVATION,4fa7b334-ce0d-4e88-aaae-2e0c138d049e
1381057416,"Megabyas flammulatus J.Verreaux & E.Verreaux, 1855",0.233885,34.86852,2015-06-19,2015,6,19.0,HUMAN_OBSERVATION,4fa7b334-ce0d-4e88-aaae-2e0c138d049e
1381057424,"Zosterops senegalensis Bonaparte, 1850",0.233885,34.86852,2015-06-19,2015,6,19.0,HUMAN_OBSERVATION,4fa7b334-ce0d-4e88-aaae-2e0c138d049e
1381057455,"Elminia longicauda (Swainson, 1838)",0.233885,34.86852,2015-06-19,2015,6,19.0,HUMAN_OBSERVATION,4fa7b334-ce0d-4e88-aaae-2e0c138d049e
1099972962,"Eidolon helvum (Kerr, 1792)",-0.06794,34.501676,2015-07-03,2015,7,3.0,HUMAN_OBSERVATION,50c9509d-22c7-4a22-a47d-8c48425ef4a7
1405213135,"Elminia longicauda (Swainson, 1838)",0.24726,34.87463,2015-07-31,2015,7,31.0,HUMAN_OBSERVATION,4fa7b334-ce0d-4e88-aaae-2e0c138d049e
1405213162,"Motacilla aguimp Temminck, 1820",0.24726,34.87463,2015-07-31,2015,7,31.0,HUMAN_OBSERVATION,4fa7b334-ce0d-4e88-aaae-2e0c138d049e
1405213188,"Zosterops senegalensis Bonaparte, 1850",0.24726,34.87463,2015-07-31,2015,7,31.0,HUMAN_OBSERVATION,4fa7b334-ce0d-4e88-aaae-2e0c138d049e
1405213199,"Chamaetylas poliocephala (Bonaparte, 1850)",0.24726,34.87463,2015-07-31,2015,7,31.0,HUMAN_OBSERVATION,4fa7b334-ce0d-4e88-aaae-2e0c138d049e
1405213204,"Bycanistes subcylindricus (P.L.Sclater, 1871)",0.24726,34.87463,2015-07-31,2015,7,31.0,HUMAN_OBSERVATION,4fa7b334-ce0d-4e88-aaae-2e0c138d049e
1405213222,"Platysteira cyanea (Statius Muller, 1776)",0.24726,34.87463,2015-07-31,2015,7,31.0,HUMAN_OBSERVATION,4fa7b334-ce0d-4e88-aaae-2e0c138d049e
1405213223,"Nectarinia kilimensis Shelley, 1885",0.24726,34.87463,2015-07-31,2015,7,31.0,HUMAN_OBSERVATION,4fa7b334-ce0d-4e88-aaae-2e0c138d049e
1405213229,"Bathmocercus rufus Reichenow, 1895",0.24726,34.87463,2015-07-31,2015,7,31.0,HUMAN_OBSERVATION,4fa7b334-ce0d-4e88-aaae-2e0c138d049e
1405213246,"Dendropicos fuscescens (Vieillot, 1818)",0.24726,34.87463,2015-07-31,2015,7,31.0,HUMAN_OBSERVATION,4fa7b334-ce0d-4e88-aaae-2e0c138d049e
1405213247,"Cossypha cyanocampter (Bonaparte, 1850)",0.24726,34.87463,2015-07-31,2015,7,31.0,HUMAN_OBSERVATION,4fa7b334-ce0d-4e88-aaae-2e0c138d049e
1405213250,"Oreolais pulcher (Sharpe, 1891)",0.24726,34.87463,2015-07-31,2015,7,31.0,HUMAN_OBSERVATION,4fa7b334-ce0d-4e88-aaae-2e0c138d049e
1405213284,"Ploceus nigricollis (Vieillot, 1805)",0.24726,34.87463,2015-07-31,2015,7,31.0,HUMAN_OBSERVATION,4fa7b334-ce0d-4e88-aaae-2e0c138d049e
1233594560,"Trachylaemus purpuratus elgonensis (Sharpe, 1891)",0.263531,34.878793,2015-08-24T11:23,2015,8,24.0,HUMAN_OBSERVATION,50c9509d-22c7-4a22-a47d-8c48425ef4a7
1233594561,"Laniarius luehderi Reichenow, 1874",0.271771,34.884973,2015-08-24T07:06,2015,8,24.0,HUMAN_OBSERVATION,50c9509d-22c7-4a22-a47d-8c48425ef4a7
1233594562,"Gymnobucco bonapartei cinereiceps Sharpe, 1891",0.249798,34.878106,2015-08-24T07:26,2015,8,24.0,HUMAN_OBSERVATION,50c9509d-22c7-4a22-a47d-8c48425ef4a7
1233594564,"Indicator minor Stephens, 1815",0.253746,34.876733,2015-08-24T07:54,2015,8,24.0,HUMAN_OBSERVATION,50c9509d-22c7-4a22-a47d-8c48425ef4a7
1233594566,"Merops oreobates (Sharpe, 1892)",0.261471,34.880853,2015-08-24T12:47,2015,8,24.0,HUMAN_OBSERVATION,50c9509d-22c7-4a22-a47d-8c48425ef4a7
1233594567,"Apaloderma vittatum Shelley, 1882",0.252545,34.871926,2015-08-24T12:05,2015,8,24.0,HUMAN_OBSERVATION,50c9509d-22c7-4a22-a47d-8c48425ef4a7
1233594569,"Sheppardia polioptera (Reichenow, 1892)",0.257351,34.87536,2015-08-24T14:35,2015,8,24.0,HUMAN_OBSERVATION,50c9509d-22c7-4a22-a47d-8c48425ef4a7
1233594570,"Cercopithecus mitis stuhlmanni Matschie, 1893",0.260785,34.878106,2015-08-24T14:51,2015,8,24.0,HUMAN_OBSERVATION,50c9509d-22c7-4a22-a47d-8c48425ef4a7
1233594571,"Neocossyphus poensis (Strickland, 1844)",0.255978,34.882226,2015-08-24T14:12,2015,8,24.0,HUMAN_OBSERVATION,50c9509d-22c7-4a22-a47d-8c48425ef4a7
1233594572,"Merops muelleri (Cassin, 1857)",0.253231,34.880853,2015-08-25T09:24,2015,8,25.0,HUMAN_OBSERVATION,50c9509d-22c7-4a22-a47d-8c48425ef4a7
1233594573,"Ardea alba Linnaeus, 1758",-0.171692,34.909695,2015-08-25T12:26,2015,8,25.0,HUMAN_OBSERVATION,50c9509d-22c7-4a22-a47d-8c48425ef4a7
1233594574,"Egretta garzetta (Linnaeus, 1766)",-0.172004,34.911246,2015-08-25T12:27,2015,8,25.0,HUMAN_OBSERVATION,50c9509d-22c7-4a22-a47d-8c48425ef4a7
1233594575,"Ardea melanocephala Children & Vigors, 1826",-0.171864,34.909695,2015-08-25T12:25,2015,8,25.0,HUMAN_OBSERVATION,50c9509d-22c7-4a22-a47d-8c48425ef4a7
1391930677,"Elminia longicauda (Swainson, 1838)",0.24726,34.87463,2015-09-02,2015,9,2.0,HUMAN_OBSERVATION,4fa7b334-ce0d-4e88-aaae-2e0c138d049e
1391930678,"Terpsiphone viridis (Statius Muller, 1776)",0.24726,34.87463,2015-09-02,2015,9,2.0,HUMAN_OBSERVATION,4fa7b334-ce0d-4e88-aaae-2e0c138d049e
1391930686,"Merops muelleri (Cassin, 1857)",0.24726,34.87463,2015-09-02,2015,9,2.0,HUMAN_OBSERVATION,4fa7b334-ce0d-4e88-aaae-2e0c138d049e
1391930687,"Bathmocercus rufus Reichenow, 1895",0.24726,34.87463,2015-09-02,2015,9,2.0,HUMAN_OBSERVATION,4fa7b334-ce0d-4e88-aaae-2e0c138d049e
1391930689,"Elanus caeruleus (Desfontaines, 1789)",0.24726,34.87463,2015-09-02,2015,9,2.0,HUMAN_OBSERVATION,4fa7b334-ce0d-4e88-aaae-2e0c138d049e
1391930690,"Milvus migrans (Boddaert, 1783)",0.24726,34.87463,2015-09-02,2015,9,2.0,HUMAN_OBSERVATION,4fa7b334-ce0d-4e88-aaae-2e0c138d049e
1391930691,"Dendropicos fuscescens (Vieillot, 1818)",0.24726,34.87463,2015-09-02,2015,9,2.0,HUMAN_OBSERVATION,4fa7b334-ce0d-4e88-aaae-2e0c138d049e
1391930693,"Estrilda nonnula Hartlaub, 1883",0.24726,34.87463,2015-09-02,2015,9,2.0,HUMAN_OBSERVATION,4fa7b334-ce0d-4e88-aaae-2e0c138d049e
1391930694,"Merops oreobates (Sharpe, 1892)",0.24726,34.87463,2015-09-02,2015,9,2.0,HUMAN_OBSERVATION,4fa7b334-ce0d-4e88-aaae-2e0c138d049e
1391930695,"Cossypha cyanocampter (Bonaparte, 1850)",0.24726,34.87463,2015-09-02,2015,9,2.0,HUMAN_OBSERVATION,4fa7b334-ce0d-4e88-aaae-2e0c138d049e
1391930696,"Pycnonotus barbatus (Desfontaines, 1789)",0.24726,34.87463,2015-09-02,2015,9,2.0,HUMAN_OBSERVATION,4fa7b334-ce0d-4e88-aaae-2e0c138d049e
1391931992,"Estrilda astrild (Linnaeus, 1758)",0.24726,34.87463,2015-09-02,2015,9,2.0,HUMAN_OBSERVATION,4fa7b334-ce0d-4e88-aaae-2e0c138d049e
1391931998,"Lamprotornis chalybaeus Hemprich & Ehrenberg, 1828",0.24726,34.87463,2015-09-02,2015,9,2.0,HUMAN_OBSERVATION,4fa7b334-ce0d-4e88-aaae-2e0c138d049e
1403226803,"Saxicola torquatus (Linnaeus, 1766)",0.24726,34.87463,2015-10-25,2015,10,25.0,HUMAN_OBSERVATION,4fa7b334-ce0d-4e88-aaae-2e0c138d049e
1403226812,"Hirundo rustica Linnaeus, 1758",0.24726,34.87463,2015-10-25,2015,10,25.0,HUMAN_OBSERVATION,4fa7b334-ce0d-4e88-aaae-2e0c138d049e
1403226823,"Platysteira cyanea (Statius Muller, 1776)",0.24726,34.87463,2015-10-25,2015,10,25.0,HUMAN_OBSERVATION,4fa7b334-ce0d-4e88-aaae-2e0c138d049e
1403226834,"Turtur afer (Linnaeus, 1766)",0.24726,34.87463,2015-10-25,2015,10,25.0,HUMAN_OBSERVATION,4fa7b334-ce0d-4e88-aaae-2e0c138d049e
1403226839,"Apalis jacksoni Sharpe, 1891",0.24726,34.87463,2015-10-25,2015,10,25.0,HUMAN_OBSERVATION,4fa7b334-ce0d-4e88-aaae-2e0c138d049e
1403226841,"Zosterops senegalensis Bonaparte, 1850",0.24726,34.87463,2015-10-25,2015,10,25.0,HUMAN_OBSERVATION,4fa7b334-ce0d-4e88-aaae-2e0c138d049e
1403226851,"Merops muelleri (Cassin, 1857)",0.24726,34.87463,2015-10-25,2015,10,25.0,HUMAN_OBSERVATION,4fa7b334-ce0d-4e88-aaae-2e0c138d049e
1403226866,"Bycanistes subcylindricus (P.L.Sclater, 1871)",0.24726,34.87463,2015-10-25,2015,10,25.0,HUMAN_OBSERVATION,4fa7b334-ce0d-4e88-aaae-2e0c138d049e
1403226867,"Motacilla aguimp Temminck, 1820",0.24726,34.87463,2015-10-25,2015,10,25.0,HUMAN_OBSERVATION,4fa7b334-ce0d-4e88-aaae-2e0c138d049e
1403226870,"Elminia longicauda (Swainson, 1838)",0.24726,34.87463,2015-10-25,2015,10,25.0,HUMAN_OBSERVATION,4fa7b334-ce0d-4e88-aaae-2e0c138d049e
1403226873,"Merops oreobates (Sharpe, 1892)",0.24726,34.87463,2015-10-25,2015,10,25.0,HUMAN_OBSERVATION,4fa7b334-ce0d-4e88-aaae-2e0c138d049e
1403226883,"Cisticola chubbi Sharpe, 1892",0.24726,34.87463,2015-10-25,2015,10,25.0,HUMAN_OBSERVATION,4fa7b334-ce0d-4e88-aaae-2e0c138d049e
1403226895,"Nigrita canicapillus (Strickland, 1841)",0.24726,34.87463,2015-10-26,2015,10,26.0,HUMAN_OBSERVATION,4fa7b334-ce0d-4e88-aaae-2e0c138d049e
2611310689,"Ciconia ciconia (Linnaeus, 1758)",-0.16066,35.283398,2015-11-25T15:13,2015,11,25.0,HUMAN_OBSERVATION,50c9509d-22c7-4a22-a47d-8c48425ef4a7
3201667969,"Bathmocercus rufus Reichenow, 1895",0.22692,34.884655,2015-11-18,2015,11,18.0,HUMAN_OBSERVATION,4fa7b334-ce0d-4e88-aaae-2e0c138d049e
3206152105,"Ploceus nigerrimus Vieillot, 1819",0.22692,34.884655,2015-11-18,2015,11,18.0,HUMAN_OBSERVATION,4fa7b334-ce0d-4e88-aaae-2e0c138d049e
3206758044,"Gymnobucco bonapartei Hartlaub, 1854",0.22692,34.884655,2015-11-18,2015,11,18.0,HUMAN_OBSERVATION,4fa7b334-ce0d-4e88-aaae-2e0c138d049e
3207526955,"Merops albicollis Vieillot, 1817",0.22692,34.884655,2015-11-18,2015,11,18.0,HUMAN_OBSERVATION,4fa7b334-ce0d-4e88-aaae-2e0c138d049e
3208388326,"Phylloscopus budongoensis (Seth-Smith, 1907)",0.22692,34.884655,2015-11-18,2015,11,18.0,HUMAN_OBSERVATION,4fa7b334-ce0d-4e88-aaae-2e0c138d049e
3208809997,"Platysteira cyanea (Statius Muller, 1776)",0.22692,34.884655,2015-11-18,2015,11,18.0,HUMAN_OBSERVATION,4fa7b334-ce0d-4e88-aaae-2e0c138d049e
3210643283,"Stephanoaetus coronatus (Linnaeus, 1766)",0.22692,34.884655,2015-11-18,2015,11,18.0,HUMAN_OBSERVATION,4fa7b334-ce0d-4e88-aaae-2e0c138d049e
3211382944,"Oreolais pulcher (Sharpe, 1891)",0.22692,34.884655,2015-11-18,2015,11,18.0,HUMAN_OBSERVATION,4fa7b334-ce0d-4e88-aaae-2e0c138d049e
3211768823,"Lanius mackinnoni Sharpe, 1891",0.22692,34.884655,2015-11-18,2015,11,18.0,HUMAN_OBSERVATION,4fa7b334-ce0d-4e88-aaae-2e0c138d049e
3212209779,"Malimbus rubricollis (Swainson, 1838)",0.22692,34.884655,2015-11-18,2015,11,18.0,HUMAN_OBSERVATION,4fa7b334-ce0d-4e88-aaae-2e0c138d049e
3212500007,"Cossypha niveicapilla (Lafresnaye, 1838)",0.22692,34.884655,2015-11-18,2015,11,18.0,HUMAN_OBSERVATION,4fa7b334-ce0d-4e88-aaae-2e0c138d049e
3213116921,"Motacilla aguimp Temminck, 1820",0.22692,34.884655,2015-11-18,2015,11,18.0,HUMAN_OBSERVATION,4fa7b334-ce0d-4e88-aaae-2e0c138d049e
1403306002,"Balearica regulorum (E.T.Bennett, 1834)",-0.178613,35.230408,2015-12-19,2015,12,19.0,HUMAN_OBSERVATION,4fa7b334-ce0d-4e88-aaae-2e0c138d049e
2005653581,"Chlorocebus tantalus (Ogilby, 1841)",0.125,34.625,2015-12-24,2015,12,24.0,HUMAN_OBSERVATION,999d8fed-d06d-48d8-87ee-cc36e6c8456c
3306566629,"Vidua macroura (Pallas, 1764)",0.125417,34.957917,2015-12-31,2015,12,31.0,HUMAN_OBSERVATION,1cd0cb6d-d8ab-4e4c-9672-70d22fec96b3
3306566630,"Bycanistes subcylindricus (P.L.Sclater, 1871)",0.125417,34.957917,2015-12-19,2015,12,19.0,HUMAN_OBSERVATION,1cd0cb6d-d8ab-4e4c-9672-70d22fec96b3
3306566631,"Accipiter melanoleucus A.Smith, 1830",0.125417,34.957917,2015-12-19,2015,12,19.0,HUMAN_OBSERVATION,1cd0cb6d-d8ab-4e4c-9672-70d22fec96b3
3306567684,"Zosterops senegalensis Bonaparte, 1850",0.125417,34.957917,2015-12-31,2015,12,31.0,HUMAN_OBSERVATION,1cd0cb6d-d8ab-4e4c-9672-70d22fec96b3
3306567685,Milvus parasiticus,0.125417,34.957917,2015-12-19,2015,12,19.0,HUMAN_OBSERVATION,1cd0cb6d-d8ab-4e4c-9672-70d22fec96b3
3306568590,"Hirundo rustica Linnaeus, 1758",0.125417,34.957917,2015-12-31,2015,12,31.0,HUMAN_OBSERVATION,1cd0cb6d-d8ab-4e4c-9672-70d22fec96b3
3306568591,"Lagonosticta senegala (Linnaeus, 1766)",0.125417,34.957917,2015-12-19,2015,12,19.0,HUMAN_OBSERVATION,1cd0cb6d-d8ab-4e4c-9672-70d22fec96b3
3306568592,"Elminia longicauda (Swainson, 1838)",0.125417,34.957917,2015-12-19,2015,12,19.0,HUMAN_OBSERVATION,1cd0cb6d-d8ab-4e4c-9672-70d22fec96b3
3306569689,"Ploceus baglafecht (Daudin, 1802)",0.125417,34.957917,2015-12-31,2015,12,31.0,HUMAN_OBSERVATION,1cd0cb6d-d8ab-4e4c-9672-70d22fec96b3
3306569690,"Cinnyris venustus (Shaw, 1799)",0.125417,34.957917,2015-12-31,2015,12,31.0,HUMAN_OBSERVATION,1cd0cb6d-d8ab-4e4c-9672-70d22fec96b3
3306569691,"Spermestes cucullata Swainson, 1837",0.125417,34.957917,2015-12-31,2015,12,31.0,HUMAN_OBSERVATION,1cd0cb6d-d8ab-4e4c-9672-70d22fec96b3
1710846491,"Icthyophaga vocifer (Daudin, 1800)",-0.162675,34.747555,2016-01-17,2016,1,17.0,HUMAN_OBSERVATION,4fa7b334-ce0d-4e88-aaae-2e0c138d049e
1710846616,"Circus ranivorus (Daudin, 1800)",-0.162675,34.747555,2016-01-17,2016,1,17.0,HUMAN_OBSERVATION,4fa7b334-ce0d-4e88-aaae-2e0c138d049e
1710846644,"Terpsiphone viridis (Statius Muller, 1776)",-0.162675,34.747555,2016-01-17,2016,1,17.0,HUMAN_OBSERVATION,4fa7b334-ce0d-4e88-aaae-2e0c138d049e
1710847404,"Zapornia flavirostra (Swainson, 1837)",-0.162675,34.747555,2016-01-17,2016,1,17.0,HUMAN_OBSERVATION,4fa7b334-ce0d-4e88-aaae-2e0c138d049e
1710847435,"Motacilla aguimp Temminck, 1820",-0.162675,34.747555,2016-01-17,2016,1,17.0,HUMAN_OBSERVATION,4fa7b334-ce0d-4e88-aaae-2e0c138d049e
1710847443,"Actophilornis africanus (J.F.Gmelin, 1789)",-0.162675,34.747555,2016-01-17,2016,1,17.0,HUMAN_OBSERVATION,4fa7b334-ce0d-4e88-aaae-2e0c138d049e
1710847444,"Euplectes axillaris (A.Smith, 1838)",-0.162675,34.747555,2016-01-17,2016,1,17.0,HUMAN_OBSERVATION,4fa7b334-ce0d-4e88-aaae-2e0c138d049e
1710847452,"Hirundo rustica Linnaeus, 1758",-0.162675,34.747555,2016-01-17,2016,1,17.0,HUMAN_OBSERVATION,4fa7b334-ce0d-4e88-aaae-2e0c138d049e
1710847456,"Laniarius erythrogaster (Cretzschmar, 1829)",-0.162675,34.747555,2016-01-17,2016,1,17.0,HUMAN_OBSERVATION,4fa7b334-ce0d-4e88-aaae-2e0c138d049e
1710847473,"Ardea cinerea Linnaeus, 1758",-0.162675,34.747555,2016-01-17,2016,1,17.0,HUMAN_OBSERVATION,4fa7b334-ce0d-4e88-aaae-2e0c138d049e
1710847491,"Actitis hypoleucos (Linnaeus, 1758)",-0.162675,34.747555,2016-01-17,2016,1,17.0,HUMAN_OBSERVATION,4fa7b334-ce0d-4e88-aaae-2e0c138d049e
1710847550,"Phalacrocorax carbo (Linnaeus, 1758)",-0.162675,34.747555,2016-01-17,2016,1,17.0,HUMAN_OBSERVATION,4fa7b334-ce0d-4e88-aaae-2e0c138d049e
1710847602,"Ardea ibis Linnaeus, 1758",-0.162675,34.747555,2016-01-17,2016,1,17.0,HUMAN_OBSERVATION,4fa7b334-ce0d-4e88-aaae-2e0c138d049e
1718230880,"Passer griseus (Vieillot, 1817)",-0.139389,34.738426,2016-02-14,2016,2,14.0,HUMAN_OBSERVATION,4fa7b334-ce0d-4e88-aaae-2e0c138d049e
1718230954,"Buteo buteo (Linnaeus, 1758)",-0.139389,34.738426,2016-02-14,2016,2,14.0,HUMAN_OBSERVATION,4fa7b334-ce0d-4e88-aaae-2e0c138d049e
1718230970,"Uraeginthus bengalus (Linnaeus, 1766)",-0.139389,34.738426,2016-02-14,2016,2,14.0,HUMAN_OBSERVATION,4fa7b334-ce0d-4e88-aaae-2e0c138d049e
1718230986,"Scopus umbretta Gmelin, 1789",-0.139389,34.738426,2016-02-14,2016,2,14.0,HUMAN_OBSERVATION,4fa7b334-ce0d-4e88-aaae-2e0c138d049e
1718231005,"Bostrychia hagedash (Latham, 1790)",-0.139389,34.738426,2016-02-14,2016,2,14.0,HUMAN_OBSERVATION,4fa7b334-ce0d-4e88-aaae-2e0c138d049e
1718231006,"Falco ardosiaceus Vieillot, 1823",-0.139389,34.738426,2016-02-14,2016,2,14.0,HUMAN_OBSERVATION,4fa7b334-ce0d-4e88-aaae-2e0c138d049e
1718231009,"Cinnyris erythrocercus (Hartlaub, 1857)",-0.139389,34.738426,2016-02-14,2016,2,14.0,HUMAN_OBSERVATION,4fa7b334-ce0d-4e88-aaae-2e0c138d049e
1718231029,"Dendropicos goertae (P.L.S.Müller, 1776)",-0.139389,34.738426,2016-02-14,2016,2,14.0,HUMAN_OBSERVATION,4fa7b334-ce0d-4e88-aaae-2e0c138d049e
1718231038,"Streptopelia semitorquata (Rüppell, 1837)",-0.139389,34.738426,2016-02-14,2016,2,14.0,HUMAN_OBSERVATION,4fa7b334-ce0d-4e88-aaae-2e0c138d049e
1718231051,"Crinifer zonurus (Ruppell, 1835)",-0.139389,34.738426,2016-02-14,2016,2,14.0,HUMAN_OBSERVATION,4fa7b334-ce0d-4e88-aaae-2e0c138d049e
1718231052,"Gelochelidon nilotica (J.F.Gmelin, 1789)",-0.139389,34.738426,2016-02-14,2016,2,14.0,HUMAN_OBSERVATION,4fa7b334-ce0d-4e88-aaae-2e0c138d049e
1718231053,"Pycnonotus barbatus (Desfontaines, 1789)",-0.139389,34.738426,2016-02-14,2016,2,14.0,HUMAN_OBSERVATION,4fa7b334-ce0d-4e88-aaae-2e0c138d049e
1718231070,"Actitis hypoleucos (Linnaeus, 1758)",-0.139389,34.738426,2016-02-14,2016,2,14.0,HUMAN_OBSERVATION,4fa7b334-ce0d-4e88-aaae-2e0c138d049e
1723262823,"Hirundo rustica Linnaeus, 1758",0.22692,34.884655,2016-03-25,2016,3,25.0,HUMAN_OBSERVATION,4fa7b334-ce0d-4e88-aaae-2e0c138d049e
1723262891,"Psalidoprocne pristoptera (Rüppell, 1840)",0.22692,34.884655,2016-03-25,2016,3,25.0,HUMAN_OBSERVATION,4fa7b334-ce0d-4e88-aaae-2e0c138d049e
1723262893,"Turdus pelios Bonaparte, 1850",0.22692,34.884655,2016-03-25,2016,3,25.0,HUMAN_OBSERVATION,4fa7b334-ce0d-4e88-aaae-2e0c138d049e
1723262907,"Bycanistes subcylindricus (P.L.Sclater, 1871)",0.22692,34.884655,2016-03-25,2016,3,25.0,HUMAN_OBSERVATION,4fa7b334-ce0d-4e88-aaae-2e0c138d049e
1723262910,"Terpsiphone viridis (Statius Muller, 1776)",0.22692,34.884655,2016-03-25,2016,3,25.0,HUMAN_OBSERVATION,4fa7b334-ce0d-4e88-aaae-2e0c138d049e
1723263022,"Oreolais pulcher (Sharpe, 1891)",0.22692,34.884655,2016-03-25,2016,3,25.0,HUMAN_OBSERVATION,4fa7b334-ce0d-4e88-aaae-2e0c138d049e
1723263106,"Chamaetylas poliocephala (Bonaparte, 1850)",0.22692,34.884655,2016-03-25,2016,3,25.0,HUMAN_OBSERVATION,4fa7b334-ce0d-4e88-aaae-2e0c138d049e
1723263999,"Pogoniulus bilineatus (Sundevall, 1850)",0.22692,34.884655,2016-03-25,2016,3,25.0,HUMAN_OBSERVATION,4fa7b334-ce0d-4e88-aaae-2e0c138d049e
1723264066,"Psalidoprocne albiceps P.L.Sclater, 1864",0.22692,34.884655,2016-03-25,2016,3,25.0,HUMAN_OBSERVATION,4fa7b334-ce0d-4e88-aaae-2e0c138d049e
1723264067,"Phyllastrephus cabanisi (Sharpe, 1882)",0.22692,34.884655,2016-03-25,2016,3,25.0,HUMAN_OBSERVATION,4fa7b334-ce0d-4e88-aaae-2e0c138d049e
1723264083,"Pycnonotus barbatus (Desfontaines, 1789)",0.22692,34.884655,2016-03-25,2016,3,25.0,HUMAN_OBSERVATION,4fa7b334-ce0d-4e88-aaae-2e0c138d049e
1723264101,"Cossypha niveicapilla (Lafresnaye, 1838)",0.22692,34.884655,2016-03-25,2016,3,25.0,HUMAN_OBSERVATION,4fa7b334-ce0d-4e88-aaae-2e0c138d049e
1723264108,"Apalis rufogularis (Fraser, 1843)",0.22692,34.884655,2016-03-25,2016,3,25.0,HUMAN_OBSERVATION,4fa7b334-ce0d-4e88-aaae-2e0c138d049e
1729504745,"Nigrita canicapillus (Strickland, 1841)",0.24726,34.87463,2016-04-20,2016,4,20.0,HUMAN_OBSERVATION,4fa7b334-ce0d-4e88-aaae-2e0c138d049e
1729504769,"Glaucidium tephronotum Sharpe, 1875",0.24726,34.87463,2016-04-20,2016,4,20.0,HUMAN_OBSERVATION,4fa7b334-ce0d-4e88-aaae-2e0c138d049e
1729504794,"Passer griseus (Vieillot, 1817)",0.24726,34.87463,2016-04-20,2016,4,20.0,HUMAN_OBSERVATION,4fa7b334-ce0d-4e88-aaae-2e0c138d049e
1729504910,"Campephaga petiti Oustalet, 1884",0.24726,34.87463,2016-04-20,2016,4,20.0,HUMAN_OBSERVATION,4fa7b334-ce0d-4e88-aaae-2e0c138d049e
1729504975,"Baeopogon indicator (J.Verreaux & E.Verreaux, 1855)",0.24726,34.87463,2016-04-20,2016,4,20.0,HUMAN_OBSERVATION,4fa7b334-ce0d-4e88-aaae-2e0c138d049e
1729504983,"Spermophaga ruficapilla (Shelley, 1888)",0.24726,34.87463,2016-04-20,2016,4,20.0,HUMAN_OBSERVATION,4fa7b334-ce0d-4e88-aaae-2e0c138d049e
1729504986,"Cecropis abyssinica (Guerin-Meneville, 1843)",0.24726,34.87463,2016-04-20,2016,4,20.0,HUMAN_OBSERVATION,4fa7b334-ce0d-4e88-aaae-2e0c138d049e
1729505025,"Lanius mackinnoni Sharpe, 1891",0.24726,34.87463,2016-04-20,2016,4,20.0,HUMAN_OBSERVATION,4fa7b334-ce0d-4e88-aaae-2e0c138d049e
1729505026,"Laniarius luehderi Reichenow, 1874",0.24726,34.87463,2016-04-20,2016,4,20.0,HUMAN_OBSERVATION,4fa7b334-ce0d-4e88-aaae-2e0c138d049e
1729505041,"Platysteira jamesoni (Sharpe, 1890)",0.24726,34.87463,2016-04-20,2016,4,20.0,HUMAN_OBSERVATION,4fa7b334-ce0d-4e88-aaae-2e0c138d049e
1729505044,"Cinnyris reichenowi Sharpe, 1891",0.24726,34.87463,2016-04-20,2016,4,20.0,HUMAN_OBSERVATION,4fa7b334-ce0d-4e88-aaae-2e0c138d049e
1729505047,"Eurillas virens (Cassin, 1857)",0.24726,34.87463,2016-04-20,2016,4,20.0,HUMAN_OBSERVATION,4fa7b334-ce0d-4e88-aaae-2e0c138d049e
1729505057,"Tricholaema hirsuta (Swainson, 1821)",0.24726,34.87463,2016-04-20,2016,4,20.0,HUMAN_OBSERVATION,4fa7b334-ce0d-4e88-aaae-2e0c138d049e
2249871237,BOLD:ADE1279,0.2347,35.1408,2016-05-04,2016,5,4.0,MATERIAL_SAMPLE,040c5662-da76-4782-a48e-cdea1892d14c
2249871344,BOLD:ADE1279,0.2347,35.1408,2016-05-04,2016,5,4.0,MATERIAL_SAMPLE,040c5662-da76-4782-a48e-cdea1892d14c
2249871727,BOLD:ADE1279,0.2234,35.1347,2016-05-04,2016,5,4.0,MATERIAL_SAMPLE,040c5662-da76-4782-a48e-cdea1892d14c
2249871780,BOLD:ADE1279,0.2234,35.1347,2016-05-04,2016,5,4.0,MATERIAL_SAMPLE,040c5662-da76-4782-a48e-cdea1892d14c
2249871804,BOLD:ADE1279,0.175,35.0876,2016-05-05,2016,5,5.0,MATERIAL_SAMPLE,040c5662-da76-4782-a48e-cdea1892d14c
2249871870,BOLD:ADE1279,0.2234,35.1347,2016-05-04,2016,5,4.0,MATERIAL_SAMPLE,040c5662-da76-4782-a48e-cdea1892d14c
2249871956,BOLD:ADE1279,0.175,35.0876,2016-05-05,2016,5,5.0,MATERIAL_SAMPLE,040c5662-da76-4782-a48e-cdea1892d14c
2249872051,BOLD:ADE1279,0.2347,35.1408,2016-05-04,2016,5,4.0,MATERIAL_SAMPLE,040c5662-da76-4782-a48e-cdea1892d14c
2249872064,BOLD:ADE1279,0.2234,35.1347,2016-05-04,2016,5,4.0,MATERIAL_SAMPLE,040c5662-da76-4782-a48e-cdea1892d14c
2249872108,BOLD:ADE1279,0.175,35.0876,2016-05-05,2016,5,5.0,MATERIAL_SAMPLE,040c5662-da76-4782-a48e-cdea1892d14c
2249872569,BOLD:ADE1279,0.175,35.0876,2016-05-05,2016,5,5.0,MATERIAL_SAMPLE,040c5662-da76-4782-a48e-cdea1892d14c
2249872929,BOLD:ADE1279,0.2234,35.1347,2016-05-04,2016,5,4.0,MATERIAL_SAMPLE,040c5662-da76-4782-a48e-cdea1892d14c
2249873176,BOLD:ADE1279,0.2347,35.1408,2016-05-04,2016,5,4.0,MATERIAL_SAMPLE,040c5662-da76-4782-a48e-cdea1892d14c
1743644347,"Elminia longicauda (Swainson, 1838)",0.22692,34.884655,2016-06-04,2016,6,4.0,HUMAN_OBSERVATION,4fa7b334-ce0d-4e88-aaae-2e0c138d049e
1743644554,"Muscicapa adusta (F.Boie, 1828)",0.22692,34.884655,2016-06-04,2016,6,4.0,HUMAN_OBSERVATION,4fa7b334-ce0d-4e88-aaae-2e0c138d049e
1743644629,"Motacilla aguimp Temminck, 1820",0.22692,34.884655,2016-06-04,2016,6,4.0,HUMAN_OBSERVATION,4fa7b334-ce0d-4e88-aaae-2e0c138d049e
1743645152,"Passer griseus (Vieillot, 1817)",0.22692,34.884655,2016-06-04,2016,6,4.0,HUMAN_OBSERVATION,4fa7b334-ce0d-4e88-aaae-2e0c138d049e
1743645168,"Gymnobucco bonapartei Hartlaub, 1854",0.22692,34.884655,2016-06-04,2016,6,4.0,HUMAN_OBSERVATION,4fa7b334-ce0d-4e88-aaae-2e0c138d049e
1743645187,"Camaroptera brachyura (Vieillot, 1821)",0.22692,34.884655,2016-06-04,2016,6,4.0,HUMAN_OBSERVATION,4fa7b334-ce0d-4e88-aaae-2e0c138d049e
1743645188,"Merops oreobates (Sharpe, 1892)",0.22692,34.884655,2016-06-04,2016,6,4.0,HUMAN_OBSERVATION,4fa7b334-ce0d-4e88-aaae-2e0c138d049e
1743645191,"Sheppardia polioptera (Reichenow, 1892)",0.22692,34.884655,2016-06-04,2016,6,4.0,HUMAN_OBSERVATION,4fa7b334-ce0d-4e88-aaae-2e0c138d049e
1743645312,"Chlorocichla laetissima (Sharpe, 1899)",0.22692,34.884655,2016-06-04,2016,6,4.0,HUMAN_OBSERVATION,4fa7b334-ce0d-4e88-aaae-2e0c138d049e
1743645314,"Corythaeola cristata (Vieillot, 1816)",0.22692,34.884655,2016-06-04,2016,6,4.0,HUMAN_OBSERVATION,4fa7b334-ce0d-4e88-aaae-2e0c138d049e
1743645318,"Hedydipna collaris (Vieillot, 1819)",0.22692,34.884655,2016-06-04,2016,6,4.0,HUMAN_OBSERVATION,4fa7b334-ce0d-4e88-aaae-2e0c138d049e
1743645337,"Nigrita canicapillus (Strickland, 1841)",0.22692,34.884655,2016-06-04,2016,6,4.0,HUMAN_OBSERVATION,4fa7b334-ce0d-4e88-aaae-2e0c138d049e
1743645340,"Pycnonotus barbatus (Desfontaines, 1789)",0.22692,34.884655,2016-06-04,2016,6,4.0,HUMAN_OBSERVATION,4fa7b334-ce0d-4e88-aaae-2e0c138d049e
2005653874,"Stenocypha tenuis (Longfield, 1936)",-0.625,35.375,2016-07-30,2016,7,30.0,HUMAN_OBSERVATION,999d8fed-d06d-48d8-87ee-cc36e6c8456c
2005653960,"Umma saphirina Förster, 1916",-0.375,34.875,2016-07-30,2016,7,30.0,HUMAN_OBSERVATION,999d8fed-d06d-48d8-87ee-cc36e6c8456c
3306575701,"Lophaetus occipitalis (Daudin, 1800)",-0.124583,34.79125,2016-07-10,2016,7,10.0,HUMAN_OBSERVATION,1cd0cb6d-d8ab-4e4c-9672-70d22fec96b3
3306575702,"Apus affinis (J.E.Gray, 1830)",-0.124583,34.79125,2016-07-10,2016,7,10.0,HUMAN_OBSERVATION,1cd0cb6d-d8ab-4e4c-9672-70d22fec96b3
3306575705,"Crinifer zonurus (Ruppell, 1835)",-0.124583,34.707917,2016-07-10,2016,7,10.0,HUMAN_OBSERVATION,1cd0cb6d-d8ab-4e4c-9672-70d22fec96b3
3306577749,"Colius striatus J.F.Gmelin, 1789",-0.124583,34.79125,2016-07-10,2016,7,10.0,HUMAN_OBSERVATION,1cd0cb6d-d8ab-4e4c-9672-70d22fec96b3
3306577750,"Cecropis abyssinica (Guerin-Meneville, 1843)",-0.124583,34.79125,2016-07-10,2016,7,10.0,HUMAN_OBSERVATION,1cd0cb6d-d8ab-4e4c-9672-70d22fec96b3
3306577753,"Bubulcus ibis (Linnaeus, 1758)",-0.124583,34.707917,2016-07-10,2016,7,10.0,HUMAN_OBSERVATION,1cd0cb6d-d8ab-4e4c-9672-70d22fec96b3
3306578643,"Ploceus cucullatus (Statius Muller, 1776)",-0.124583,34.79125,2016-07-10,2016,7,10.0,HUMAN_OBSERVATION,1cd0cb6d-d8ab-4e4c-9672-70d22fec96b3
3306579756,"Columba guinea Linnaeus, 1758",-0.124583,34.79125,2016-07-10,2016,7,10.0,HUMAN_OBSERVATION,1cd0cb6d-d8ab-4e4c-9672-70d22fec96b3
3306579757,"Laniarius erythrogaster (Cretzschmar, 1829)",-0.124583,34.79125,2016-07-10,2016,7,10.0,HUMAN_OBSERVATION,1cd0cb6d-d8ab-4e4c-9672-70d22fec96b3
3306579761,"Lamprotornis superbus Rüppell, 1845",-0.124583,34.707917,2016-07-10,2016,7,10.0,HUMAN_OBSERVATION,1cd0cb6d-d8ab-4e4c-9672-70d22fec96b3
3306579762,"Corvus albus Statius Muller, 1776",-0.124583,34.707917,2016-07-10,2016,7,10.0,HUMAN_OBSERVATION,1cd0cb6d-d8ab-4e4c-9672-70d22fec96b3
2005653921,"Chlorocypha curta (Hagen, 1853)",-0.625,35.375,2016-08-04,2016,8,4.0,HUMAN_OBSERVATION,999d8fed-d06d-48d8-87ee-cc36e6c8456c
2533581814,"Pseudagrion kersteni (Gerstäcker, 1869)",-0.375,34.875,2016-08-02,2016,8,2.0,HUMAN_OBSERVATION,999d8fed-d06d-48d8-87ee-cc36e6c8456c
2705617034,"Illadopsis pyrrhoptera (Reichenow & Neumann, 1895)",0.22692,34.884655,2016-08-30,2016,8,30.0,HUMAN_OBSERVATION,4fa7b334-ce0d-4e88-aaae-2e0c138d049e
2705710862,"Anthreptes tephrolaemus (Jardine & Fraser, 1852)",0.22692,34.884655,2016-08-30,2016,8,30.0,HUMAN_OBSERVATION,4fa7b334-ce0d-4e88-aaae-2e0c138d049e
2707007055,"Schistolais leucopogon (Cabanis, 1875)",0.22692,34.884655,2016-08-31,2016,8,31.0,HUMAN_OBSERVATION,4fa7b334-ce0d-4e88-aaae-2e0c138d049e
2707154132,"Arizelocichla masukuensis (Shelley, 1897)",0.22692,34.884655,2016-08-31,2016,8,31.0,HUMAN_OBSERVATION,4fa7b334-ce0d-4e88-aaae-2e0c138d049e
2707382928,"Oreolais pulcher (Sharpe, 1891)",0.22692,34.884655,2016-08-30,2016,8,30.0,HUMAN_OBSERVATION,4fa7b334-ce0d-4e88-aaae-2e0c138d049e
2707628230,"Chlorocichla laetissima (Sharpe, 1899)",0.22692,34.884655,2016-08-30,2016,8,30.0,HUMAN_OBSERVATION,4fa7b334-ce0d-4e88-aaae-2e0c138d049e
2708269210,"Spermophaga ruficapilla (Shelley, 1888)",0.22692,34.884655,2016-08-30,2016,8,30.0,HUMAN_OBSERVATION,4fa7b334-ce0d-4e88-aaae-2e0c138d049e
2708777007,"Phylloscopus budongoensis (Seth-Smith, 1907)",0.22692,34.884655,2016-08-30,2016,8,30.0,HUMAN_OBSERVATION,4fa7b334-ce0d-4e88-aaae-2e0c138d049e
2709384354,"Fraseria lendu (Chapin, 1932)",0.22692,34.884655,2016-08-31,2016,8,31.0,HUMAN_OBSERVATION,4fa7b334-ce0d-4e88-aaae-2e0c138d049e
2709881248,"Eurillas latirostris (Strickland, 1844)",0.22692,34.884655,2016-08-30,2016,8,30.0,HUMAN_OBSERVATION,4fa7b334-ce0d-4e88-aaae-2e0c138d049e
2710852108,"Sheppardia aequatorialis (Jackson, 1906)",0.22692,34.884655,2016-08-30,2016,8,30.0,HUMAN_OBSERVATION,4fa7b334-ce0d-4e88-aaae-2e0c138d049e
1759740025,"Platysteira cyanea (Statius Muller, 1776)",0.212681,34.92315,2016-09-07,2016,9,7.0,HUMAN_OBSERVATION,4fa7b334-ce0d-4e88-aaae-2e0c138d049e
1759740049,"Cisticola chubbi Sharpe, 1892",0.212681,34.92315,2016-09-07,2016,9,7.0,HUMAN_OBSERVATION,4fa7b334-ce0d-4e88-aaae-2e0c138d049e
1759740086,"Pardipicus caroli (Malherbe, 1852)",0.212681,34.92315,2016-09-07,2016,9,7.0,HUMAN_OBSERVATION,4fa7b334-ce0d-4e88-aaae-2e0c138d049e
1759740090,"Terpsiphone viridis (Statius Muller, 1776)",0.212681,34.92315,2016-09-07,2016,9,7.0,HUMAN_OBSERVATION,4fa7b334-ce0d-4e88-aaae-2e0c138d049e
1759740091,"Phyllastrephus cabanisi (Sharpe, 1882)",0.212681,34.92315,2016-09-07,2016,9,7.0,HUMAN_OBSERVATION,4fa7b334-ce0d-4e88-aaae-2e0c138d049e
1759740126,"Zosterops senegalensis Bonaparte, 1850",0.212681,34.92315,2016-09-07,2016,9,7.0,HUMAN_OBSERVATION,4fa7b334-ce0d-4e88-aaae-2e0c138d049e
1759740144,"Oreolais pulcher (Sharpe, 1891)",0.212681,34.92315,2016-09-07,2016,9,7.0,HUMAN_OBSERVATION,4fa7b334-ce0d-4e88-aaae-2e0c138d049e
1759740151,"Bycanistes subcylindricus (P.L.Sclater, 1871)",0.212681,34.92315,2016-09-07,2016,9,7.0,HUMAN_OBSERVATION,4fa7b334-ce0d-4e88-aaae-2e0c138d049e
1759740167,"Psalidoprocne pristoptera (Rüppell, 1840)",0.212681,34.92315,2016-09-07,2016,9,7.0,HUMAN_OBSERVATION,4fa7b334-ce0d-4e88-aaae-2e0c138d049e
1759740188,"Ploceus nigricollis (Vieillot, 1805)",0.212681,34.92315,2016-09-07,2016,9,7.0,HUMAN_OBSERVATION,4fa7b334-ce0d-4e88-aaae-2e0c138d049e
1759740193,"Apalis rufogularis (Fraser, 1843)",0.212681,34.92315,2016-09-07,2016,9,7.0,HUMAN_OBSERVATION,4fa7b334-ce0d-4e88-aaae-2e0c138d049e
1759740213,"Eurillas ansorgei (Hartert, 1907)",0.212681,34.92315,2016-09-07,2016,9,7.0,HUMAN_OBSERVATION,4fa7b334-ce0d-4e88-aaae-2e0c138d049e
1759740219,"Motacilla aguimp Temminck, 1820",0.212681,34.92315,2016-09-07,2016,9,7.0,HUMAN_OBSERVATION,4fa7b334-ce0d-4e88-aaae-2e0c138d049e
1453532561,"Chamaetylas poliocephala (Bonaparte, 1850)",0.231007,34.884853,2016-10-24T08:45,2016,10,24.0,HUMAN_OBSERVATION,50c9509d-22c7-4a22-a47d-8c48425ef4a7
1457638467,"Corythaeola cristata (Vieillot, 1816)",0.22628,34.884725,2016-10-24T18:30,2016,10,24.0,HUMAN_OBSERVATION,50c9509d-22c7-4a22-a47d-8c48425ef4a7
1500225634,"Lanius mackinnoni Sharpe, 1891",0.227481,34.881763,2016-10-24T12:35,2016,10,24.0,HUMAN_OBSERVATION,50c9509d-22c7-4a22-a47d-8c48425ef4a7
1562920716,"Ploceus nigerrimus Vieillot, 1819",0.226887,34.884596,2016-10-25T12:33,2016,10,25.0,HUMAN_OBSERVATION,50c9509d-22c7-4a22-a47d-8c48425ef4a7
1562954631,"Scopus umbretta Gmelin, 1789",-0.126215,34.741436,2016-10-25T18:25,2016,10,25.0,HUMAN_OBSERVATION,50c9509d-22c7-4a22-a47d-8c48425ef4a7
1562957880,"Corythornis cristatus (Pallas, 1764)",-0.12927,34.740309,2016-10-26T08:23,2016,10,26.0,HUMAN_OBSERVATION,50c9509d-22c7-4a22-a47d-8c48425ef4a7
1562957906,"Crinifer zonurus (Ruppell, 1835)",-0.12927,34.740309,2016-10-25T17:50,2016,10,25.0,HUMAN_OBSERVATION,50c9509d-22c7-4a22-a47d-8c48425ef4a7
1562972110,"Turtur afer (Linnaeus, 1766)",-0.12927,34.740309,2016-10-26T08:52,2016,10,26.0,HUMAN_OBSERVATION,50c9509d-22c7-4a22-a47d-8c48425ef4a7
1571117389,"Egretta garzetta (Linnaeus, 1766)",-0.129532,34.740727,2016-10-26T07:29,2016,10,26.0,HUMAN_OBSERVATION,50c9509d-22c7-4a22-a47d-8c48425ef4a7
1703128167,Plantago palmata Hook.fil.,0.229915,34.883995,2016-10-24T09:57,2016,10,24.0,HUMAN_OBSERVATION,50c9509d-22c7-4a22-a47d-8c48425ef4a7
1767384159,"Elminia longicauda (Swainson, 1838)",0.22692,34.884655,2016-10-02,2016,10,2.0,HUMAN_OBSERVATION,4fa7b334-ce0d-4e88-aaae-2e0c138d049e
1767384169,"Turdus pelios Bonaparte, 1850",0.22692,34.884655,2016-10-02,2016,10,2.0,HUMAN_OBSERVATION,4fa7b334-ce0d-4e88-aaae-2e0c138d049e
1767384177,"Muscicapa adusta (F.Boie, 1828)",0.22692,34.884655,2016-10-02,2016,10,2.0,HUMAN_OBSERVATION,4fa7b334-ce0d-4e88-aaae-2e0c138d049e
1773285192,"Terpsiphone viridis (Statius Muller, 1776)",0.24726,34.87463,2016-11-14,2016,11,14.0,HUMAN_OBSERVATION,4fa7b334-ce0d-4e88-aaae-2e0c138d049e
1773285199,"Elminia longicauda (Swainson, 1838)",0.24726,34.87463,2016-11-14,2016,11,14.0,HUMAN_OBSERVATION,4fa7b334-ce0d-4e88-aaae-2e0c138d049e
1773285260,"Motacilla aguimp Temminck, 1820",0.24726,34.87463,2016-11-14,2016,11,14.0,HUMAN_OBSERVATION,4fa7b334-ce0d-4e88-aaae-2e0c138d049e
1773285291,"Turdus pelios Bonaparte, 1850",0.24726,34.87463,2016-11-14,2016,11,14.0,HUMAN_OBSERVATION,4fa7b334-ce0d-4e88-aaae-2e0c138d049e
1773285310,"Zosterops senegalensis Bonaparte, 1850",0.24726,34.87463,2016-11-14,2016,11,14.0,HUMAN_OBSERVATION,4fa7b334-ce0d-4e88-aaae-2e0c138d049e
1773285332,"Eurillas ansorgei (Hartert, 1907)",0.24726,34.87463,2016-11-14,2016,11,14.0,HUMAN_OBSERVATION,4fa7b334-ce0d-4e88-aaae-2e0c138d049e
1773285424,"Megabyas flammulatus J.Verreaux & E.Verreaux, 1855",0.24726,34.87463,2016-11-14,2016,11,14.0,HUMAN_OBSERVATION,4fa7b334-ce0d-4e88-aaae-2e0c138d049e
1773286486,"Dendropicos fuscescens (Vieillot, 1818)",0.24726,34.87463,2016-11-14,2016,11,14.0,HUMAN_OBSERVATION,4fa7b334-ce0d-4e88-aaae-2e0c138d049e
1773286581,"Ploceus insignis (Sharpe, 1891)",0.24726,34.87463,2016-11-14,2016,11,14.0,HUMAN_OBSERVATION,4fa7b334-ce0d-4e88-aaae-2e0c138d049e
1773286588,"Cuculus clamosus Latham, 1802",0.24726,34.87463,2016-11-14,2016,11,14.0,HUMAN_OBSERVATION,4fa7b334-ce0d-4e88-aaae-2e0c138d049e
1773286597,"Delichon urbicum (Linnaeus, 1758)",0.24726,34.87463,2016-11-14,2016,11,14.0,HUMAN_OBSERVATION,4fa7b334-ce0d-4e88-aaae-2e0c138d049e
1773286614,"Illadopsis fulvescens (Cassin, 1859)",0.24726,34.87463,2016-11-14,2016,11,14.0,HUMAN_OBSERVATION,4fa7b334-ce0d-4e88-aaae-2e0c138d049e
1773286622,"Prinia bairdii (Cassin, 1855)",0.24726,34.87463,2016-11-14,2016,11,14.0,HUMAN_OBSERVATION,4fa7b334-ce0d-4e88-aaae-2e0c138d049e
1778900494,"Zosterops senegalensis Bonaparte, 1850",0.227822,34.88376,2016-12-16,2016,12,16.0,HUMAN_OBSERVATION,4fa7b334-ce0d-4e88-aaae-2e0c138d049e
1778900499,"Megabyas flammulatus J.Verreaux & E.Verreaux, 1855",0.227822,34.88376,2016-12-16,2016,12,16.0,HUMAN_OBSERVATION,4fa7b334-ce0d-4e88-aaae-2e0c138d049e
1778900613,"Hirundo rustica Linnaeus, 1758",0.227822,34.88376,2016-12-16,2016,12,16.0,HUMAN_OBSERVATION,4fa7b334-ce0d-4e88-aaae-2e0c138d049e
1778900621,"Turdus pelios Bonaparte, 1850",0.227822,34.88376,2016-12-16,2016,12,16.0,HUMAN_OBSERVATION,4fa7b334-ce0d-4e88-aaae-2e0c138d049e
1778900622,"Motacilla aguimp Temminck, 1820",0.227822,34.88376,2016-12-16,2016,12,16.0,HUMAN_OBSERVATION,4fa7b334-ce0d-4e88-aaae-2e0c138d049e
1778900627,"Stephanoaetus coronatus (Linnaeus, 1766)",0.227822,34.88376,2016-12-16,2016,12,16.0,HUMAN_OBSERVATION,4fa7b334-ce0d-4e88-aaae-2e0c138d049e
1778900630,"Chlorocichla laetissima (Sharpe, 1899)",0.227822,34.88376,2016-12-16,2016,12,16.0,HUMAN_OBSERVATION,4fa7b334-ce0d-4e88-aaae-2e0c138d049e
1778900635,"Amblyospiza albifrons (Vigors, 1831)",0.227822,34.88376,2016-12-16,2016,12,16.0,HUMAN_OBSERVATION,4fa7b334-ce0d-4e88-aaae-2e0c138d049e
1778900639,"Treron calvus (Temminck, 1811)",0.227822,34.88376,2016-12-16,2016,12,16.0,HUMAN_OBSERVATION,4fa7b334-ce0d-4e88-aaae-2e0c138d049e
1778900645,"Hylia prasina (Cassin, 1855)",0.227822,34.88376,2016-12-16,2016,12,16.0,HUMAN_OBSERVATION,4fa7b334-ce0d-4e88-aaae-2e0c138d049e
1778900647,"Terpsiphone viridis (Statius Muller, 1776)",0.227822,34.88376,2016-12-16,2016,12,16.0,HUMAN_OBSERVATION,4fa7b334-ce0d-4e88-aaae-2e0c138d049e
1778900656,"Bycanistes subcylindricus (P.L.Sclater, 1871)",0.227822,34.88376,2016-12-16,2016,12,16.0,HUMAN_OBSERVATION,4fa7b334-ce0d-4e88-aaae-2e0c138d049e
1778900662,"Gymnobucco bonapartei Hartlaub, 1854",0.227822,34.88376,2016-12-16,2016,12,16.0,HUMAN_OBSERVATION,4fa7b334-ce0d-4e88-aaae-2e0c138d049e
2029933396,"Turdus pelios Bonaparte, 1850",0.24726,34.87463,2017-01-07,2017,1,7.0,HUMAN_OBSERVATION,4fa7b334-ce0d-4e88-aaae-2e0c138d049e
2029934196,"Corythaeola cristata (Vieillot, 1816)",0.24726,34.87463,2017-01-07,2017,1,7.0,HUMAN_OBSERVATION,4fa7b334-ce0d-4e88-aaae-2e0c138d049e
2029934290,"Melaniparus funereus J.Verreaux & É.Verreaux, 1855",0.24726,34.87463,2017-01-07,2017,1,7.0,HUMAN_OBSERVATION,4fa7b334-ce0d-4e88-aaae-2e0c138d049e
2029934394,"Eremomela turneri Someren, 1920",0.24726,34.87463,2017-01-07,2017,1,7.0,HUMAN_OBSERVATION,4fa7b334-ce0d-4e88-aaae-2e0c138d049e
2029934395,"Motacilla clara Sharpe, 1908",0.24726,34.87463,2017-01-07,2017,1,7.0,HUMAN_OBSERVATION,4fa7b334-ce0d-4e88-aaae-2e0c138d049e
2029934398,"Indicator minor Stephens, 1815",0.24726,34.87463,2017-01-07,2017,1,7.0,HUMAN_OBSERVATION,4fa7b334-ce0d-4e88-aaae-2e0c138d049e
2029934487,"Eurillas latirostris (Strickland, 1844)",0.24726,34.87463,2017-01-07,2017,1,7.0,HUMAN_OBSERVATION,4fa7b334-ce0d-4e88-aaae-2e0c138d049e
2029934488,"Polyboroides typus A.Smith, 1829",0.24726,34.87463,2017-01-07,2017,1,7.0,HUMAN_OBSERVATION,4fa7b334-ce0d-4e88-aaae-2e0c138d049e
2029934691,"Melaenornis edolioides (Swainson, 1837)",0.24726,34.87463,2017-01-07,2017,1,7.0,HUMAN_OBSERVATION,4fa7b334-ce0d-4e88-aaae-2e0c138d049e
2029934695,"Nigrita canicapillus (Strickland, 1841)",0.24726,34.87463,2017-01-07,2017,1,7.0,HUMAN_OBSERVATION,4fa7b334-ce0d-4e88-aaae-2e0c138d049e
2029934980,"Cossypha niveicapilla (Lafresnaye, 1838)",0.24726,34.87463,2017-01-07,2017,1,7.0,HUMAN_OBSERVATION,4fa7b334-ce0d-4e88-aaae-2e0c138d049e
2029935269,"Phylloscopus budongoensis (Seth-Smith, 1907)",0.24726,34.87463,2017-01-07,2017,1,7.0,HUMAN_OBSERVATION,4fa7b334-ce0d-4e88-aaae-2e0c138d049e
2029935270,"Tauraco rossae (Gould, 1852)",0.24726,34.87463,2017-01-07,2017,1,7.0,HUMAN_OBSERVATION,4fa7b334-ce0d-4e88-aaae-2e0c138d049e
2529387225,"Chamaetylas poliocephala (Bonaparte, 1850)",0.291683,34.856134,2017-02-12T17:18,2017,2,12.0,HUMAN_OBSERVATION,50c9509d-22c7-4a22-a47d-8c48425ef4a7
2979477921,"Schistosoma mansoni Sambon, 1907",-0.318111,35.00689,2017-02-17,2017,2,17.0,MATERIAL_SAMPLE,040c5662-da76-4782-a48e-cdea1892d14c
2979481808,"Calicophoron Näsmark, 1937",-0.318111,35.00689,2017-02-17,2017,2,17.0,MATERIAL_SAMPLE,040c5662-da76-4782-a48e-cdea1892d14c
3306584101,"Lophaetus occipitalis (Daudin, 1800)",0.20875,34.957917,2017-02-05,2017,2,5.0,HUMAN_OBSERVATION,1cd0cb6d-d8ab-4e4c-9672-70d22fec96b3
3306584102,"Hirundo rustica Linnaeus, 1758",0.20875,34.957917,2017-02-05,2017,2,5.0,HUMAN_OBSERVATION,1cd0cb6d-d8ab-4e4c-9672-70d22fec96b3
3306584103,Aves,0.20875,34.957917,2017-02-05,2017,2,5.0,HUMAN_OBSERVATION,1cd0cb6d-d8ab-4e4c-9672-70d22fec96b3
3306584109,"Buteo augur (Ruppell, 1836)",0.042083,35.04125,2017-02-06,2017,2,6.0,HUMAN_OBSERVATION,1cd0cb6d-d8ab-4e4c-9672-70d22fec96b3
3306584199,"Spermestes cucullata Swainson, 1837",0.042083,35.04125,2017-02-22,2017,2,22.0,HUMAN_OBSERVATION,1cd0cb6d-d8ab-4e4c-9672-70d22fec96b3
3306584219,"Bleda syndactylus (Swainson, 1837)",0.042083,35.04125,2017-02-27,2017,2,27.0,HUMAN_OBSERVATION,1cd0cb6d-d8ab-4e4c-9672-70d22fec96b3
3306587039,Milvus parasiticus,0.20875,34.957917,2017-02-05,2017,2,5.0,HUMAN_OBSERVATION,1cd0cb6d-d8ab-4e4c-9672-70d22fec96b3
3306587040,"Motacilla clara Sharpe, 1908",0.20875,34.957917,2017-02-05,2017,2,5.0,HUMAN_OBSERVATION,1cd0cb6d-d8ab-4e4c-9672-70d22fec96b3
3306587041,"Spermestes cucullata Swainson, 1837",0.20875,34.957917,2017-02-05,2017,2,5.0,HUMAN_OBSERVATION,1cd0cb6d-d8ab-4e4c-9672-70d22fec96b3
3306587047,"Phyllastrephus cabanisi (Sharpe, 1882)",0.042083,35.04125,2017-02-06,2017,2,6.0,HUMAN_OBSERVATION,1cd0cb6d-d8ab-4e4c-9672-70d22fec96b3
2040409166,"Cossypha cyanocampter (Bonaparte, 1850)",0.24726,34.87463,2017-03-29,2017,3,29.0,HUMAN_OBSERVATION,4fa7b334-ce0d-4e88-aaae-2e0c138d049e
2040410520,"Polemaetus bellicosus (Daudin, 1800)",0.24726,34.87463,2017-03-29,2017,3,29.0,HUMAN_OBSERVATION,4fa7b334-ce0d-4e88-aaae-2e0c138d049e
2040413699,"Dryoscopus angolensis Hartlaub, 1860",0.24726,34.87463,2017-03-29,2017,3,29.0,HUMAN_OBSERVATION,4fa7b334-ce0d-4e88-aaae-2e0c138d049e
2040413923,"Spermestes bicolor (Fraser, 1843)",0.24726,34.87463,2017-03-29,2017,3,29.0,HUMAN_OBSERVATION,4fa7b334-ce0d-4e88-aaae-2e0c138d049e
2040415514,"Psalidoprocne albiceps P.L.Sclater, 1864",0.24726,34.87463,2017-03-29,2017,3,29.0,HUMAN_OBSERVATION,4fa7b334-ce0d-4e88-aaae-2e0c138d049e
2040415588,"Bycanistes subcylindricus (P.L.Sclater, 1871)",0.24726,34.87463,2017-03-29,2017,3,29.0,HUMAN_OBSERVATION,4fa7b334-ce0d-4e88-aaae-2e0c138d049e
2040415998,"Amblyospiza albifrons (Vigors, 1831)",0.24726,34.87463,2017-03-29,2017,3,29.0,HUMAN_OBSERVATION,4fa7b334-ce0d-4e88-aaae-2e0c138d049e
2040416343,"Motacilla aguimp Temminck, 1820",0.24726,34.87463,2017-03-29,2017,3,29.0,HUMAN_OBSERVATION,4fa7b334-ce0d-4e88-aaae-2e0c138d049e
2040416704,"Cyanomitra olivacea (A.Smith, 1840)",0.24726,34.87463,2017-03-29,2017,3,29.0,HUMAN_OBSERVATION,4fa7b334-ce0d-4e88-aaae-2e0c138d049e
2040418047,"Stelgidillas gracilirostris (Strickland, 1844)",0.24726,34.87463,2017-03-29,2017,3,29.0,HUMAN_OBSERVATION,4fa7b334-ce0d-4e88-aaae-2e0c138d049e
2040418941,"Vidua macroura (Pallas, 1764)",0.24726,34.87463,2017-03-29,2017,3,29.0,HUMAN_OBSERVATION,4fa7b334-ce0d-4e88-aaae-2e0c138d049e
2040419223,"Arizelocichla masukuensis (Shelley, 1897)",0.24726,34.87463,2017-03-29,2017,3,29.0,HUMAN_OBSERVATION,4fa7b334-ce0d-4e88-aaae-2e0c138d049e
2040419544,"Anthreptes tephrolaemus (Jardine & Fraser, 1852)",0.24726,34.87463,2017-03-29,2017,3,29.0,HUMAN_OBSERVATION,4fa7b334-ce0d-4e88-aaae-2e0c138d049e
2043123356,"Passer domesticus (Linnaeus, 1758)",-0.125407,34.742504,2017-04-12,2017,4,12.0,HUMAN_OBSERVATION,4fa7b334-ce0d-4e88-aaae-2e0c138d049e
2043123401,"Lophaetus occipitalis (Daudin, 1800)",-0.125407,34.742504,2017-04-12,2017,4,12.0,HUMAN_OBSERVATION,4fa7b334-ce0d-4e88-aaae-2e0c138d049e
2043124016,"Bostrychia hagedash (Latham, 1790)",-0.125407,34.742504,2017-04-12,2017,4,12.0,HUMAN_OBSERVATION,4fa7b334-ce0d-4e88-aaae-2e0c138d049e
2043127329,"Lamprotornis purpuroptera Rüppell, 1845",-0.125407,34.742504,2017-04-12,2017,4,12.0,HUMAN_OBSERVATION,4fa7b334-ce0d-4e88-aaae-2e0c138d049e
2043127337,"Ardea goliath Cretzschmar, 1829",-0.125407,34.742504,2017-04-12,2017,4,12.0,HUMAN_OBSERVATION,4fa7b334-ce0d-4e88-aaae-2e0c138d049e
2043128517,"Cinnyris erythrocercus (Hartlaub, 1857)",-0.125407,34.742504,2017-04-12,2017,4,12.0,HUMAN_OBSERVATION,4fa7b334-ce0d-4e88-aaae-2e0c138d049e
2043128633,"Ploceus cucullatus (Statius Muller, 1776)",-0.125407,34.742504,2017-04-12,2017,4,12.0,HUMAN_OBSERVATION,4fa7b334-ce0d-4e88-aaae-2e0c138d049e
2043129432,"Columba guinea Linnaeus, 1758",-0.125407,34.742504,2017-04-12,2017,4,12.0,HUMAN_OBSERVATION,4fa7b334-ce0d-4e88-aaae-2e0c138d049e
2043131117,"Cyanomitra verticalis (Latham, 1790)",-0.125407,34.742504,2017-04-12,2017,4,12.0,HUMAN_OBSERVATION,4fa7b334-ce0d-4e88-aaae-2e0c138d049e
2043133979,"Corvus albus Statius Muller, 1776",-0.125407,34.742504,2017-04-12,2017,4,12.0,HUMAN_OBSERVATION,4fa7b334-ce0d-4e88-aaae-2e0c138d049e
2043134968,"Actophilornis africanus (J.F.Gmelin, 1789)",-0.125407,34.742504,2017-04-12,2017,4,12.0,HUMAN_OBSERVATION,4fa7b334-ce0d-4e88-aaae-2e0c138d049e
2043139972,"Chalcomitra senegalensis (Linnaeus, 1766)",-0.125407,34.742504,2017-04-12,2017,4,12.0,HUMAN_OBSERVATION,4fa7b334-ce0d-4e88-aaae-2e0c138d049e
2043573110,"Dendrocygna viduata (Linnaeus, 1766)",-0.400724,34.77319,2017-04-14,2017,4,14.0,HUMAN_OBSERVATION,4fa7b334-ce0d-4e88-aaae-2e0c138d049e
2052397240,"Milvus migrans (Boddaert, 1783)",-0.125407,34.742504,2017-05-13,2017,5,13.0,HUMAN_OBSERVATION,4fa7b334-ce0d-4e88-aaae-2e0c138d049e
2052399456,"Dendrocygna viduata (Linnaeus, 1766)",-0.125407,34.742504,2017-05-13,2017,5,13.0,HUMAN_OBSERVATION,4fa7b334-ce0d-4e88-aaae-2e0c138d049e
2052402246,"Ardea ibis Linnaeus, 1758",-0.125407,34.742504,2017-05-13,2017,5,13.0,HUMAN_OBSERVATION,4fa7b334-ce0d-4e88-aaae-2e0c138d049e
2052402413,"Acrocephalus gracilirostris (Hartlaub, 1864)",-0.125407,34.742504,2017-05-13,2017,5,13.0,HUMAN_OBSERVATION,4fa7b334-ce0d-4e88-aaae-2e0c138d049e
2052404768,"Ardea alba Linnaeus, 1758",-0.125407,34.742504,2017-05-13,2017,5,13.0,HUMAN_OBSERVATION,4fa7b334-ce0d-4e88-aaae-2e0c138d049e
2052408421,"Circus ranivorus (Daudin, 1800)",-0.125407,34.742504,2017-05-13,2017,5,13.0,HUMAN_OBSERVATION,4fa7b334-ce0d-4e88-aaae-2e0c138d049e
2052409178,"Cisticola marginatus (Heuglin, 1869)",-0.125407,34.742504,2017-05-13,2017,5,13.0,HUMAN_OBSERVATION,4fa7b334-ce0d-4e88-aaae-2e0c138d049e
2052409535,"Passer domesticus (Linnaeus, 1758)",-0.125407,34.742504,2017-05-13,2017,5,13.0,HUMAN_OBSERVATION,4fa7b334-ce0d-4e88-aaae-2e0c138d049e
2052410218,"Anhinga rufa (Daudin, 1802)",-0.125407,34.742504,2017-05-13,2017,5,13.0,HUMAN_OBSERVATION,4fa7b334-ce0d-4e88-aaae-2e0c138d049e
2052410316,"Euplectes gierowii Cabanis, 1880",-0.125407,34.742504,2017-05-13,2017,5,13.0,HUMAN_OBSERVATION,4fa7b334-ce0d-4e88-aaae-2e0c138d049e
2052414509,"Polyboroides typus A.Smith, 1829",-0.125407,34.742504,2017-05-13,2017,5,13.0,HUMAN_OBSERVATION,4fa7b334-ce0d-4e88-aaae-2e0c138d049e
2052416451,"Pycnonotus barbatus (Desfontaines, 1789)",-0.125407,34.742504,2017-05-13,2017,5,13.0,HUMAN_OBSERVATION,4fa7b334-ce0d-4e88-aaae-2e0c138d049e
2052420301,"Streptopelia capicola (Sundevall, 1857)",-0.125407,34.742504,2017-05-13,2017,5,13.0,HUMAN_OBSERVATION,4fa7b334-ce0d-4e88-aaae-2e0c138d049e
1986731356,"Accipiter melanoleucus A.Smith, 1830",0.333333,34.873333,2017-06-01,2017,6,1.0,HUMAN_OBSERVATION,d1e8a7af-097a-4ca8-aa91-62d3ff834711
1986731481,"Accipiter melanoleucus A.Smith, 1830",0.359667,34.8535,2017-06-01,2017,6,1.0,HUMAN_OBSERVATION,d1e8a7af-097a-4ca8-aa91-62d3ff834711
1986731482,"Accipiter melanoleucus A.Smith, 1830",0.359667,34.8535,2017-06-01,2017,6,1.0,HUMAN_OBSERVATION,d1e8a7af-097a-4ca8-aa91-62d3ff834711
1986731484,"Accipiter melanoleucus A.Smith, 1830",0.333333,34.873333,2017-06-01,2017,6,1.0,HUMAN_OBSERVATION,d1e8a7af-097a-4ca8-aa91-62d3ff834711
1986731495,"Accipiter melanoleucus A.Smith, 1830",0.359667,34.8535,2017-06-01,2017,6,1.0,HUMAN_OBSERVATION,d1e8a7af-097a-4ca8-aa91-62d3ff834711
1986731555,"Accipiter minullus (Daudin, 1800)",0.283333,34.883333,2017-06-01,2017,6,1.0,HUMAN_OBSERVATION,d1e8a7af-097a-4ca8-aa91-62d3ff834711
1986731559,"Accipiter minullus (Daudin, 1800)",0.283333,34.883333,2017-06-01,2017,6,1.0,HUMAN_OBSERVATION,d1e8a7af-097a-4ca8-aa91-62d3ff834711
1986731562,"Accipiter rufiventris A.Smith, 1830",0.283333,34.883333,2017-06-01,2017,6,1.0,HUMAN_OBSERVATION,d1e8a7af-097a-4ca8-aa91-62d3ff834711
1986731824,"Acrocephalus gracilirostris (Hartlaub, 1864)",-0.166667,34.783333,2017-06-01,2017,6,1.0,HUMAN_OBSERVATION,d1e8a7af-097a-4ca8-aa91-62d3ff834711
1986732130,"Actitis hypoleucos (Linnaeus, 1758)",-0.166667,34.783333,2017-06-01,2017,6,1.0,HUMAN_OBSERVATION,d1e8a7af-097a-4ca8-aa91-62d3ff834711
1986732183,"Actophilornis africanus (J.F.Gmelin, 1789)",-0.166667,34.783333,2017-06-01,2017,6,1.0,HUMAN_OBSERVATION,d1e8a7af-097a-4ca8-aa91-62d3ff834711
1986732270,"Alcedo cristata cristata Pallas, 1764",-0.166667,34.783333,2017-06-01,2017,6,1.0,HUMAN_OBSERVATION,d1e8a7af-097a-4ca8-aa91-62d3ff834711
1986732273,"Alcedo cristata cristata Pallas, 1764",-0.166667,34.783333,2017-06-01,2017,6,1.0,HUMAN_OBSERVATION,d1e8a7af-097a-4ca8-aa91-62d3ff834711
1986735382,"Anthreptes rectirostris (Shaw, 1812)",0.225902,34.885247,2017-07-30,2017,7,30.0,HUMAN_OBSERVATION,d1e8a7af-097a-4ca8-aa91-62d3ff834711
1986737309,"Apaloderma vittatum Shelley, 1882",0.237399,34.867683,2017-07-31,2017,7,31.0,HUMAN_OBSERVATION,d1e8a7af-097a-4ca8-aa91-62d3ff834711
1986737703,"Apus affinis (J.E.Gray, 1830)",0.320102,35.178074,2017-07-24,2017,7,24.0,HUMAN_OBSERVATION,d1e8a7af-097a-4ca8-aa91-62d3ff834711
1986738665,"Arizelocichla masukuensis (Shelley, 1897)",0.227096,34.884681,2017-07-31,2017,7,31.0,HUMAN_OBSERVATION,d1e8a7af-097a-4ca8-aa91-62d3ff834711
1986738703,"Arizelocichla masukuensis (Shelley, 1897)",0.227096,34.884681,2017-07-31,2017,7,31.0,HUMAN_OBSERVATION,d1e8a7af-097a-4ca8-aa91-62d3ff834711
1986738709,"Arizelocichla masukuensis (Shelley, 1897)",0.226024,34.885418,2017-07-30,2017,7,30.0,HUMAN_OBSERVATION,d1e8a7af-097a-4ca8-aa91-62d3ff834711
1986738746,"Baeopogon indicator (J.Verreaux & E.Verreaux, 1855)",0.227096,34.884681,2017-07-31,2017,7,31.0,HUMAN_OBSERVATION,d1e8a7af-097a-4ca8-aa91-62d3ff834711
1986738959,"Balearica regulorum (E.T.Bennett, 1834)",0.174683,35.237587,2017-07-12,2017,7,12.0,HUMAN_OBSERVATION,d1e8a7af-097a-4ca8-aa91-62d3ff834711
1986740174,"Bostrychia hagedash (Latham, 1790)",0.070095,35.03368,2017-07-07,2017,7,7.0,HUMAN_OBSERVATION,d1e8a7af-097a-4ca8-aa91-62d3ff834711
1986741377,"Bathmocercus rufus Reichenow, 1895",0.233388,34.868644,2017-07-31,2017,7,31.0,HUMAN_OBSERVATION,d1e8a7af-097a-4ca8-aa91-62d3ff834711
1986741397,"Bathmocercus rufus Reichenow, 1895",0.227096,34.884681,2017-07-31,2017,7,31.0,HUMAN_OBSERVATION,d1e8a7af-097a-4ca8-aa91-62d3ff834711
1986741938,"Bubulcus ibis (Linnaeus, 1758)",0.174833,35.237547,2017-07-11,2017,7,11.0,HUMAN_OBSERVATION,d1e8a7af-097a-4ca8-aa91-62d3ff834711
1986742749,"Bostrychia hagedash (Latham, 1790)",0.17474,35.2376,2017-07-12,2017,7,12.0,HUMAN_OBSERVATION,d1e8a7af-097a-4ca8-aa91-62d3ff834711
1986736564,"Apus caffer (M.H.K.Lichtenstein, 1823)",0.202888,35.104058,2017-08-11,2017,8,11.0,HUMAN_OBSERVATION,d1e8a7af-097a-4ca8-aa91-62d3ff834711
1986736574,"Apus barbatus (P.L.Sclater, 1866)",-0.02047,34.87033,2017-08-05,2017,8,5.0,HUMAN_OBSERVATION,d1e8a7af-097a-4ca8-aa91-62d3ff834711
1986736815,"Apus caffer (M.H.K.Lichtenstein, 1823)",-0.020523,34.870335,2017-08-05,2017,8,5.0,HUMAN_OBSERVATION,d1e8a7af-097a-4ca8-aa91-62d3ff834711
1986738222,"Ardea melanocephala Children & Vigors, 1826",0.202837,35.104342,2017-08-11,2017,8,11.0,HUMAN_OBSERVATION,d1e8a7af-097a-4ca8-aa91-62d3ff834711
1986738954,"Balearica regulorum (E.T.Bennett, 1834)",0.203115,35.11258,2017-08-11,2017,8,11.0,HUMAN_OBSERVATION,d1e8a7af-097a-4ca8-aa91-62d3ff834711
1986742987,"Buteo augur (Ruppell, 1836)",-0.019792,34.873933,2017-08-05,2017,8,5.0,HUMAN_OBSERVATION,d1e8a7af-097a-4ca8-aa91-62d3ff834711
1986746387,"Cecropis daurica (Laxmann, 1769)",-0.020517,34.870377,2017-08-05,2017,8,5.0,HUMAN_OBSERVATION,d1e8a7af-097a-4ca8-aa91-62d3ff834711
1986754744,"Colius striatus J.F.Gmelin, 1789",0.19338,35.120802,2017-08-11,2017,8,11.0,HUMAN_OBSERVATION,d1e8a7af-097a-4ca8-aa91-62d3ff834711
1986755711,"Columba guinea Linnaeus, 1758",0.198308,35.120027,2017-08-11,2017,8,11.0,HUMAN_OBSERVATION,d1e8a7af-097a-4ca8-aa91-62d3ff834711
1986757552,"Corvus albus Statius Muller, 1776",0.203622,35.106142,2017-08-11,2017,8,11.0,HUMAN_OBSERVATION,d1e8a7af-097a-4ca8-aa91-62d3ff834711
1986762204,"Crithagra sulphurata (Linnaeus, 1766)",0.199847,35.119548,2017-08-11,2017,8,11.0,HUMAN_OBSERVATION,d1e8a7af-097a-4ca8-aa91-62d3ff834711
1986762654,"Cyanomitra verticalis (Latham, 1790)",0.199587,35.119665,2017-08-11,2017,8,11.0,HUMAN_OBSERVATION,d1e8a7af-097a-4ca8-aa91-62d3ff834711
1986779406,"Lonchura nigriceps (Cassin, 1852)",0.203543,35.110948,2017-08-11,2017,8,11.0,HUMAN_OBSERVATION,d1e8a7af-097a-4ca8-aa91-62d3ff834711
1668880191,"Bucorvus leadbeateri (Vigors, 1825)",-0.281562,35.259043,2017-09-15T17:58,2017,9,15.0,HUMAN_OBSERVATION,50c9509d-22c7-4a22-a47d-8c48425ef4a7
1668880348,"Halcyon senegalensis (Linnaeus, 1766)",-0.368897,35.286286,2017-09-15T18:00,2017,9,15.0,HUMAN_OBSERVATION,50c9509d-22c7-4a22-a47d-8c48425ef4a7
1986732202,"Actophilornis africanus (J.F.Gmelin, 1789)",-0.152055,34.81543,2017-09-07,2017,9,7.0,HUMAN_OBSERVATION,d1e8a7af-097a-4ca8-aa91-62d3ff834711
1986732203,"Actophilornis africanus (J.F.Gmelin, 1789)",-0.155151,34.847689,2017-09-24,2017,9,24.0,HUMAN_OBSERVATION,d1e8a7af-097a-4ca8-aa91-62d3ff834711
1986734023,"Anastomus lamelligerus Temminck, 1823",-0.170376,34.875957,2017-09-07,2017,9,7.0,HUMAN_OBSERVATION,d1e8a7af-097a-4ca8-aa91-62d3ff834711
1986737292,"Ardea alba Linnaeus, 1758",-0.172686,34.914028,2017-09-07,2017,9,7.0,HUMAN_OBSERVATION,d1e8a7af-097a-4ca8-aa91-62d3ff834711
1986740774,"Bostrychia hagedash (Latham, 1790)",-0.137415,34.739051,2017-09-06,2017,9,6.0,HUMAN_OBSERVATION,d1e8a7af-097a-4ca8-aa91-62d3ff834711
1986741895,"Bubulcus ibis (Linnaeus, 1758)",-0.153983,34.832298,2017-09-24,2017,9,24.0,HUMAN_OBSERVATION,d1e8a7af-097a-4ca8-aa91-62d3ff834711
1986744838,"Burhinus senegalensis (Swainson, 1837)",-0.136949,34.73863,2017-09-06,2017,9,6.0,HUMAN_OBSERVATION,d1e8a7af-097a-4ca8-aa91-62d3ff834711
1986748523,"Ceryle rudis (Linnaeus, 1758)",-0.074895,34.708186,2017-09-06,2017,9,6.0,HUMAN_OBSERVATION,d1e8a7af-097a-4ca8-aa91-62d3ff834711
1986755152,"Colius striatus J.F.Gmelin, 1789",-0.137415,34.739051,2017-09-07,2017,9,7.0,HUMAN_OBSERVATION,d1e8a7af-097a-4ca8-aa91-62d3ff834711
1986755738,"Columba guinea Linnaeus, 1758",-0.16056,35.073509,2017-09-07,2017,9,7.0,HUMAN_OBSERVATION,d1e8a7af-097a-4ca8-aa91-62d3ff834711
1986756195,"Coracias caudatus Linnaeus, 1766",-0.160873,35.074113,2017-09-07,2017,9,7.0,HUMAN_OBSERVATION,d1e8a7af-097a-4ca8-aa91-62d3ff834711
1699394686,"Junonia gregorii Butler, 1895",0.225596,34.889275,2017-10-08T09:49:33,2017,10,8.0,HUMAN_OBSERVATION,50c9509d-22c7-4a22-a47d-8c48425ef4a7
1699394735,"Balacra rubricincta Holland, 1893",0.227032,34.886395,2017-10-08T20:36:12,2017,10,8.0,HUMAN_OBSERVATION,50c9509d-22c7-4a22-a47d-8c48425ef4a7
1986528443,"Nandinia binotata (Gray, 1830)",0.227849,34.887356,2017-10-30T20:10,2017,10,30.0,HUMAN_OBSERVATION,50c9509d-22c7-4a22-a47d-8c48425ef4a7
1986528474,"Corythaeola cristata (Vieillot, 1816)",0.225292,34.884031,2017-10-30T17:43,2017,10,30.0,HUMAN_OBSERVATION,50c9509d-22c7-4a22-a47d-8c48425ef4a7
1986530894,"Bycanistes subcylindricus (P.L.Sclater, 1871)",0.227436,34.884644,2017-10-31T17:39,2017,10,31.0,HUMAN_OBSERVATION,50c9509d-22c7-4a22-a47d-8c48425ef4a7
1986531317,"Cercopithecus mitis stuhlmanni Matschie, 1893",0.227022,34.884517,2017-10-31T07:59,2017,10,31.0,HUMAN_OBSERVATION,50c9509d-22c7-4a22-a47d-8c48425ef4a7
1986531506,"Papilio phorcas Cramer, 1775",0.223399,34.89072,2017-10-31T14:17,2017,10,31.0,HUMAN_OBSERVATION,50c9509d-22c7-4a22-a47d-8c48425ef4a7
1986531580,"Corythaeola cristata (Vieillot, 1816)",0.226191,34.884246,2017-10-31T17:59,2017,10,31.0,HUMAN_OBSERVATION,50c9509d-22c7-4a22-a47d-8c48425ef4a7
1986531732,"Bycanistes subcylindricus (P.L.Sclater, 1871)",0.226313,34.884898,2017-10-31T17:17,2017,10,31.0,HUMAN_OBSERVATION,50c9509d-22c7-4a22-a47d-8c48425ef4a7
1986531736,"Colobus guereza matschiei Neumann, 1899",0.226232,34.887306,2017-10-31T14:59,2017,10,31.0,HUMAN_OBSERVATION,50c9509d-22c7-4a22-a47d-8c48425ef4a7
1986531747,"Cercopithecus mitis stuhlmanni Matschie, 1893",0.2252,34.887682,2017-10-31T14:48,2017,10,31.0,HUMAN_OBSERVATION,50c9509d-22c7-4a22-a47d-8c48425ef4a7
1986531755,"Cercopithecus ascanius schmidti Matschie, 1892",0.21733,34.891893,2017-10-31T10:46,2017,10,31.0,HUMAN_OBSERVATION,50c9509d-22c7-4a22-a47d-8c48425ef4a7
1986533484,"Colobus guereza matschiei Neumann, 1899",0.220098,34.898398,2017-10-31T11:57,2017,10,31.0,HUMAN_OBSERVATION,50c9509d-22c7-4a22-a47d-8c48425ef4a7
1986731743,"Accipiter tachiro (Daudin, 1800)",0.079592,34.487123,2017-11-17,2017,11,17.0,HUMAN_OBSERVATION,d1e8a7af-097a-4ca8-aa91-62d3ff834711
1986732100,"Actophilornis africanus (J.F.Gmelin, 1789)",-0.168935,34.944842,2017-11-22,2017,11,22.0,HUMAN_OBSERVATION,d1e8a7af-097a-4ca8-aa91-62d3ff834711
1986732174,"Actophilornis africanus (J.F.Gmelin, 1789)",-0.158207,34.864292,2017-11-22,2017,11,22.0,HUMAN_OBSERVATION,d1e8a7af-097a-4ca8-aa91-62d3ff834711
1986732207,"Actophilornis africanus (J.F.Gmelin, 1789)",-0.154332,34.837755,2017-11-12,2017,11,12.0,HUMAN_OBSERVATION,d1e8a7af-097a-4ca8-aa91-62d3ff834711
1986732209,"Actophilornis africanus (J.F.Gmelin, 1789)",-0.164601,34.95333,2017-11-22,2017,11,22.0,HUMAN_OBSERVATION,d1e8a7af-097a-4ca8-aa91-62d3ff834711
1986732384,"Agapornis swindernianus (Kuhl, 1820)",0.100857,34.505443,2017-11-21,2017,11,21.0,HUMAN_OBSERVATION,d1e8a7af-097a-4ca8-aa91-62d3ff834711
1986733659,"Anaplectes rubriceps (Sundevall, 1850)",-0.192201,35.131277,2017-11-12,2017,11,12.0,HUMAN_OBSERVATION,d1e8a7af-097a-4ca8-aa91-62d3ff834711
1986733968,"Anastomus lamelligerus Temminck, 1823",-0.071718,34.775727,2017-11-22,2017,11,22.0,HUMAN_OBSERVATION,d1e8a7af-097a-4ca8-aa91-62d3ff834711
1986733976,"Anastomus lamelligerus Temminck, 1823",-0.171,34.907,2017-11-16,2017,11,16.0,HUMAN_OBSERVATION,d1e8a7af-097a-4ca8-aa91-62d3ff834711
1986733991,"Anastomus lamelligerus Temminck, 1823",-0.17,34.876,2017-11-22,2017,11,22.0,HUMAN_OBSERVATION,d1e8a7af-097a-4ca8-aa91-62d3ff834711
1986735751,"Apalis jacksoni Sharpe, 1891",0.210988,34.956987,2017-11-01,2017,11,1.0,HUMAN_OBSERVATION,d1e8a7af-097a-4ca8-aa91-62d3ff834711
1986736514,"Apus apus (Linnaeus, 1758)",-0.157,35.065,2017-11-08,2017,11,8.0,HUMAN_OBSERVATION,d1e8a7af-097a-4ca8-aa91-62d3ff834711
1986736816,"Apus niansae (Reichenow, 1887)",-0.097,34.645,2017-11-11,2017,11,11.0,HUMAN_OBSERVATION,d1e8a7af-097a-4ca8-aa91-62d3ff834711
1986732058,"Actitis hypoleucos (Linnaeus, 1758)",-0.153245,34.740419,2017-12-19,2017,12,19.0,HUMAN_OBSERVATION,d1e8a7af-097a-4ca8-aa91-62d3ff834711
1986732186,"Actophilornis africanus (J.F.Gmelin, 1789)",-0.145486,34.73702,2017-12-19,2017,12,19.0,HUMAN_OBSERVATION,d1e8a7af-097a-4ca8-aa91-62d3ff834711
1986732396,"Agricola pallidus (J.W.Müller, 1851)",0.104637,35.081925,2017-12-04,2017,12,4.0,HUMAN_OBSERVATION,d1e8a7af-097a-4ca8-aa91-62d3ff834711
1986733653,"Anaplectes rubriceps (Sundevall, 1850)",0.074498,34.486647,2017-12-29,2017,12,29.0,HUMAN_OBSERVATION,d1e8a7af-097a-4ca8-aa91-62d3ff834711
1986737069,"Apalis rufogularis (Fraser, 1843)",0.227513,34.880555,2017-12-28,2017,12,28.0,HUMAN_OBSERVATION,d1e8a7af-097a-4ca8-aa91-62d3ff834711
1986737511,"Ardea alba Linnaeus, 1758",-0.133744,34.737741,2017-12-19,2017,12,19.0,HUMAN_OBSERVATION,d1e8a7af-097a-4ca8-aa91-62d3ff834711
1986738680,"Atimastillas flavicollis (Swainson, 1837)",0.227118,34.884625,2017-12-28,2017,12,28.0,HUMAN_OBSERVATION,d1e8a7af-097a-4ca8-aa91-62d3ff834711
1986740756,"Bostrychia hagedash (Latham, 1790)",-0.046,34.793,2017-12-24,2017,12,24.0,HUMAN_OBSERVATION,d1e8a7af-097a-4ca8-aa91-62d3ff834711
1986740788,"Bostrychia hagedash (Latham, 1790)",0.08,34.488,2017-12-27,2017,12,27.0,HUMAN_OBSERVATION,d1e8a7af-097a-4ca8-aa91-62d3ff834711
1986740856,"Bostrychia hagedash (Latham, 1790)",-0.145473,34.736915,2017-12-19,2017,12,19.0,HUMAN_OBSERVATION,d1e8a7af-097a-4ca8-aa91-62d3ff834711
1986740893,"Bostrychia hagedash (Latham, 1790)",-0.08,34.753,2017-12-27,2017,12,27.0,HUMAN_OBSERVATION,d1e8a7af-097a-4ca8-aa91-62d3ff834711
1986740929,"Bostrychia hagedash (Latham, 1790)",0.069243,34.486187,2017-12-29,2017,12,29.0,HUMAN_OBSERVATION,d1e8a7af-097a-4ca8-aa91-62d3ff834711
1986740955,"Bostrychia hagedash (Latham, 1790)",-0.047,34.792,2017-12-23,2017,12,23.0,HUMAN_OBSERVATION,d1e8a7af-097a-4ca8-aa91-62d3ff834711
1986739598,"Bostrychia hagedash (Latham, 1790)",0.068532,35.033685,2018-01-05,2018,1,5.0,HUMAN_OBSERVATION,d1e8a7af-097a-4ca8-aa91-62d3ff834711
1986739778,"Bostrychia hagedash (Latham, 1790)",0.070252,35.033732,2018-01-15,2018,1,15.0,HUMAN_OBSERVATION,d1e8a7af-097a-4ca8-aa91-62d3ff834711
1986739820,"Bostrychia hagedash (Latham, 1790)",-0.046683,34.792473,2018-01-02,2018,1,2.0,HUMAN_OBSERVATION,d1e8a7af-097a-4ca8-aa91-62d3ff834711
1986739877,"Bostrychia hagedash (Latham, 1790)",0.069822,35.033418,2018-01-26,2018,1,26.0,HUMAN_OBSERVATION,d1e8a7af-097a-4ca8-aa91-62d3ff834711
1986741452,"Bubulcus ibis (Linnaeus, 1758)",-0.088,34.738,2018-01-04,2018,1,4.0,HUMAN_OBSERVATION,d1e8a7af-097a-4ca8-aa91-62d3ff834711
1986741612,"Bubulcus ibis (Linnaeus, 1758)",-0.047,34.792,2018-01-02,2018,1,2.0,HUMAN_OBSERVATION,d1e8a7af-097a-4ca8-aa91-62d3ff834711
1986741819,"Bubulcus ibis (Linnaeus, 1758)",-0.098,34.772,2018-01-04,2018,1,4.0,HUMAN_OBSERVATION,d1e8a7af-097a-4ca8-aa91-62d3ff834711
1986741901,"Bubulcus ibis (Linnaeus, 1758)",-0.09,34.776,2018-01-02,2018,1,2.0,HUMAN_OBSERVATION,d1e8a7af-097a-4ca8-aa91-62d3ff834711
1986742019,"Bostrychia hagedash (Latham, 1790)",0.068505,35.033373,2018-01-10,2018,1,10.0,HUMAN_OBSERVATION,d1e8a7af-097a-4ca8-aa91-62d3ff834711
1986742072,"Bostrychia hagedash (Latham, 1790)",0.0681,35.032698,2018-01-17,2018,1,17.0,HUMAN_OBSERVATION,d1e8a7af-097a-4ca8-aa91-62d3ff834711
1986742427,"Bostrychia hagedash (Latham, 1790)",0.066978,35.033198,2018-01-29,2018,1,29.0,HUMAN_OBSERVATION,d1e8a7af-097a-4ca8-aa91-62d3ff834711
1986742930,"Buteo augur (Ruppell, 1836)",0.067553,35.02402,2018-01-05,2018,1,5.0,HUMAN_OBSERVATION,d1e8a7af-097a-4ca8-aa91-62d3ff834711
1986743541,"Bycanistes subcylindricus (P.L.Sclater, 1871)",0.069228,35.033307,2018-01-05,2018,1,5.0,HUMAN_OBSERVATION,d1e8a7af-097a-4ca8-aa91-62d3ff834711
1831098922,"Trioceros ellioti (Günther, 1895)",0.230712,34.754133,2018-02-26T11:18Z,2018,2,26.0,HUMAN_OBSERVATION,50c9509d-22c7-4a22-a47d-8c48425ef4a7
1986731295,"Accipiter badius (Gmelin, 1788)",-0.046657,34.792103,2018-02-15,2018,2,15.0,HUMAN_OBSERVATION,d1e8a7af-097a-4ca8-aa91-62d3ff834711
1986731296,"Accipiter badius (Gmelin, 1788)",-0.048082,34.82152,2018-02-16,2018,2,16.0,HUMAN_OBSERVATION,d1e8a7af-097a-4ca8-aa91-62d3ff834711
1986732080,"Actophilornis africanus (J.F.Gmelin, 1789)",-0.153908,34.832556,2018-02-10,2018,2,10.0,HUMAN_OBSERVATION,d1e8a7af-097a-4ca8-aa91-62d3ff834711
1986737800,"Apus apus (Linnaeus, 1758)",-0.083647,34.77446,2018-02-15,2018,2,15.0,HUMAN_OBSERVATION,d1e8a7af-097a-4ca8-aa91-62d3ff834711
1986738103,"Apus apus (Linnaeus, 1758)",-0.172333,34.919265,2018-02-16,2018,2,16.0,HUMAN_OBSERVATION,d1e8a7af-097a-4ca8-aa91-62d3ff834711
1986738897,"Ardea cinerea Linnaeus, 1758",-0.090035,34.764013,2018-02-12,2018,2,12.0,HUMAN_OBSERVATION,d1e8a7af-097a-4ca8-aa91-62d3ff834711
1986739225,"Ardea cinerea Linnaeus, 1758",-0.170659,34.877198,2018-02-16,2018,2,16.0,HUMAN_OBSERVATION,d1e8a7af-097a-4ca8-aa91-62d3ff834711
1986739594,"Bostrychia hagedash (Latham, 1790)",-0.046708,34.79207,2018-02-15,2018,2,15.0,HUMAN_OBSERVATION,d1e8a7af-097a-4ca8-aa91-62d3ff834711
1986739744,"Bostrychia hagedash (Latham, 1790)",-0.046783,34.79224,2018-02-11,2018,2,11.0,HUMAN_OBSERVATION,d1e8a7af-097a-4ca8-aa91-62d3ff834711
1986739760,"Bostrychia hagedash (Latham, 1790)",-0.108922,34.771607,2018-02-10,2018,2,10.0,HUMAN_OBSERVATION,d1e8a7af-097a-4ca8-aa91-62d3ff834711
1986739884,"Bostrychia hagedash (Latham, 1790)",0.067943,35.033778,2018-02-02,2018,2,2.0,HUMAN_OBSERVATION,d1e8a7af-097a-4ca8-aa91-62d3ff834711
1986740007,"Bostrychia hagedash (Latham, 1790)",-0.047,34.792,2018-02-12,2018,2,12.0,HUMAN_OBSERVATION,d1e8a7af-097a-4ca8-aa91-62d3ff834711
1986731376,"Accipiter minullus (Daudin, 1800)",-0.536035,34.671627,2018-03-20,2018,3,20.0,HUMAN_OBSERVATION,d1e8a7af-097a-4ca8-aa91-62d3ff834711
1986731377,"Accipiter minullus (Daudin, 1800)",-0.111986,34.74566,2018-03-26,2018,3,26.0,HUMAN_OBSERVATION,d1e8a7af-097a-4ca8-aa91-62d3ff834711
1986733298,"Anaplectes rubriceps (Sundevall, 1850)",0.074229,34.486227,2018-03-28,2018,3,28.0,HUMAN_OBSERVATION,d1e8a7af-097a-4ca8-aa91-62d3ff834711
1986733423,"Anaplectes rubriceps (Sundevall, 1850)",-0.53712,34.67125,2018-03-20,2018,3,20.0,HUMAN_OBSERVATION,d1e8a7af-097a-4ca8-aa91-62d3ff834711
1986733794,"Anastomus lamelligerus Temminck, 1823",-0.047,34.792,2018-03-26,2018,3,26.0,HUMAN_OBSERVATION,d1e8a7af-097a-4ca8-aa91-62d3ff834711
1986737493,"Ardea cinerea Linnaeus, 1758",-0.105696,34.754598,2018-03-26,2018,3,26.0,HUMAN_OBSERVATION,d1e8a7af-097a-4ca8-aa91-62d3ff834711
1986738903,"Balearica regulorum (E.T.Bennett, 1834)",-0.067179,34.82468,2018-03-30,2018,3,30.0,HUMAN_OBSERVATION,d1e8a7af-097a-4ca8-aa91-62d3ff834711
1986740032,"Bostrychia hagedash (Latham, 1790)",0.080004,34.486597,2018-03-27,2018,3,27.0,HUMAN_OBSERVATION,d1e8a7af-097a-4ca8-aa91-62d3ff834711
1986740052,"Bostrychia hagedash (Latham, 1790)",-0.046693,34.79242,2018-03-25,2018,3,25.0,HUMAN_OBSERVATION,d1e8a7af-097a-4ca8-aa91-62d3ff834711
1986740084,"Bostrychia hagedash (Latham, 1790)",-0.081308,34.750427,2018-03-27,2018,3,27.0,HUMAN_OBSERVATION,d1e8a7af-097a-4ca8-aa91-62d3ff834711
1986740152,"Bostrychia hagedash (Latham, 1790)",0.08011,34.486043,2018-03-27,2018,3,27.0,HUMAN_OBSERVATION,d1e8a7af-097a-4ca8-aa91-62d3ff834711
1986741328,"Bathmocercus rufus Reichenow, 1895",0.071798,35.020942,2018-03-01,2018,3,1.0,HUMAN_OBSERVATION,d1e8a7af-097a-4ca8-aa91-62d3ff834711
1986741878,"Bubulcus ibis (Linnaeus, 1758)",-0.045,34.792,2018-03-25,2018,3,25.0,HUMAN_OBSERVATION,d1e8a7af-097a-4ca8-aa91-62d3ff834711
1847604269,"Threskiornis aethiopicus (Latham, 1790)",-0.113674,34.733625,2018-04-21T20:07,2018,4,21.0,HUMAN_OBSERVATION,50c9509d-22c7-4a22-a47d-8c48425ef4a7
1947775586,"Xenopus victorianus Ahl, 1924",0.30725,34.76004,2018-04-06,2018,4,6.0,PRESERVED_SPECIMEN,4bfac3ea-8763-4f4b-a71a-76a6f5f243d3
1947775587,"Xenopus victorianus Ahl, 1924",0.30725,34.76004,2018-04-06,2018,4,6.0,PRESERVED_SPECIMEN,4bfac3ea-8763-4f4b-a71a-76a6f5f243d3
1947775589,"Xenopus victorianus Ahl, 1924",-0.12248,35.25958,2018-04-05,2018,4,5.0,PRESERVED_SPECIMEN,4bfac3ea-8763-4f4b-a71a-76a6f5f243d3
1947775593,"Xenopus victorianus Ahl, 1924",0.14782,35.15558,2018-04-09,2018,4,9.0,PRESERVED_SPECIMEN,4bfac3ea-8763-4f4b-a71a-76a6f5f243d3
1947775595,"Xenopus victorianus Ahl, 1924",-0.14041,35.27434,2018-04-10,2018,4,10.0,PRESERVED_SPECIMEN,4bfac3ea-8763-4f4b-a71a-76a6f5f243d3
1947775597,"Xenopus victorianus Ahl, 1924",-0.12248,35.25958,2018-04-05,2018,4,5.0,PRESERVED_SPECIMEN,4bfac3ea-8763-4f4b-a71a-76a6f5f243d3
1947775599,"Xenopus victorianus Ahl, 1924",-0.14041,35.27434,2018-04-05,2018,4,5.0,PRESERVED_SPECIMEN,4bfac3ea-8763-4f4b-a71a-76a6f5f243d3
1947775681,"Xenopus victorianus Ahl, 1924",0.21024,34.94552,2018-04-06,2018,4,6.0,PRESERVED_SPECIMEN,4bfac3ea-8763-4f4b-a71a-76a6f5f243d3
1947775682,"Xenopus victorianus Ahl, 1924",-0.14041,35.27434,2018-04-05,2018,4,5.0,PRESERVED_SPECIMEN,4bfac3ea-8763-4f4b-a71a-76a6f5f243d3
1947775684,"Xenopus victorianus Ahl, 1924",0.30725,34.76004,2018-04-06,2018,4,6.0,PRESERVED_SPECIMEN,4bfac3ea-8763-4f4b-a71a-76a6f5f243d3
1947775685,"Amietia nutti (Boulenger, 1896)",0.14782,35.15558,2018-04-09,2018,4,9.0,PRESERVED_SPECIMEN,4bfac3ea-8763-4f4b-a71a-76a6f5f243d3
1947775688,"Xenopus victorianus Ahl, 1924",-0.14041,35.27434,2018-04-05,2018,4,5.0,PRESERVED_SPECIMEN,4bfac3ea-8763-4f4b-a71a-76a6f5f243d3
1850911265,"Menemerus bivittatus (Dufour, 1831)",-0.088294,34.725745,2018-05-26T13:30,2018,5,26.0,HUMAN_OBSERVATION,50c9509d-22c7-4a22-a47d-8c48425ef4a7
1883910361,Chrysomya marginalis,-0.088294,34.725745,2018-05-27,2018,5,27.0,HUMAN_OBSERVATION,50c9509d-22c7-4a22-a47d-8c48425ef4a7
1986731321,"Accipiter badius (Gmelin, 1788)",-0.111963,34.745546,2018-05-05,2018,5,5.0,HUMAN_OBSERVATION,d1e8a7af-097a-4ca8-aa91-62d3ff834711
1986740323,"Bostrychia hagedash (Latham, 1790)",-0.112064,34.745578,2018-05-05,2018,5,5.0,HUMAN_OBSERVATION,d1e8a7af-097a-4ca8-aa91-62d3ff834711
1986757220,"Corvus albus Statius Muller, 1776",-0.111963,34.745546,2018-05-05,2018,5,5.0,HUMAN_OBSERVATION,d1e8a7af-097a-4ca8-aa91-62d3ff834711
1986760813,"Crinifer zonurus (Ruppell, 1835)",-0.112064,34.745578,2018-05-05,2018,5,5.0,HUMAN_OBSERVATION,d1e8a7af-097a-4ca8-aa91-62d3ff834711
1986761036,"Crithagra gularis (A.Smith, 1836)",0.182011,35.235375,2018-05-12,2018,5,12.0,HUMAN_OBSERVATION,d1e8a7af-097a-4ca8-aa91-62d3ff834711
1986765912,"Egretta garzetta (Linnaeus, 1766)",-0.111963,34.745546,2018-05-05,2018,5,5.0,HUMAN_OBSERVATION,d1e8a7af-097a-4ca8-aa91-62d3ff834711
1986770711,"Haliaeetus vocifer (Daudin, 1800)",-0.111911,34.745614,2018-05-05,2018,5,5.0,HUMAN_OBSERVATION,d1e8a7af-097a-4ca8-aa91-62d3ff834711
1986775922,"Laniarius erythrogaster (Cretzschmar, 1829)",-0.111911,34.745614,2018-05-05,2018,5,5.0,HUMAN_OBSERVATION,d1e8a7af-097a-4ca8-aa91-62d3ff834711
1986778341,"Leptoptilos crumenifer (R.P.Lesson, 1831)",-0.111963,34.745546,2018-05-05,2018,5,5.0,HUMAN_OBSERVATION,d1e8a7af-097a-4ca8-aa91-62d3ff834711
1986779663,"Lybius bidentatus (Shaw, 1799)",0.182023,35.235379,2018-05-12,2018,5,12.0,HUMAN_OBSERVATION,d1e8a7af-097a-4ca8-aa91-62d3ff834711
1986784157,"Milvus aegyptius (Gmelin, 1788)",-0.111963,34.745546,2018-05-05,2018,5,5.0,HUMAN_OBSERVATION,d1e8a7af-097a-4ca8-aa91-62d3ff834711
2170625756,"Motacilla aguimp Temminck, 1820",-0.026098,34.683025,2018-06-18,2018,6,18.0,HUMAN_OBSERVATION,4fa7b334-ce0d-4e88-aaae-2e0c138d049e
2170626260,"Uraeginthus bengalus (Linnaeus, 1766)",-0.026098,34.683025,2018-06-18,2018,6,18.0,HUMAN_OBSERVATION,4fa7b334-ce0d-4e88-aaae-2e0c138d049e
2170632540,"Upupa epops Linnaeus, 1758",-0.026098,34.683025,2018-06-21,2018,6,21.0,HUMAN_OBSERVATION,4fa7b334-ce0d-4e88-aaae-2e0c138d049e
2170633814,"Laniarius erythrogaster (Cretzschmar, 1829)",-0.026098,34.683025,2018-06-20,2018,6,20.0,HUMAN_OBSERVATION,4fa7b334-ce0d-4e88-aaae-2e0c138d049e
2170637381,"Terpsiphone viridis (Statius Muller, 1776)",-0.026098,34.683025,2018-06-20,2018,6,20.0,HUMAN_OBSERVATION,4fa7b334-ce0d-4e88-aaae-2e0c138d049e
2170650304,"Tchagra senegalus (Linnaeus, 1766)",-0.026098,34.683025,2018-06-21,2018,6,21.0,HUMAN_OBSERVATION,4fa7b334-ce0d-4e88-aaae-2e0c138d049e
2170708541,"Ephippiorhynchus senegalensis (Shaw, 1800)",-0.125407,34.742504,2018-06-23,2018,6,23.0,HUMAN_OBSERVATION,4fa7b334-ce0d-4e88-aaae-2e0c138d049e
2182206088,"Crithagra mozambica (P.L.Statius Müller, 1776)",-0.026098,34.683025,2018-06-22,2018,6,22.0,HUMAN_OBSERVATION,4fa7b334-ce0d-4e88-aaae-2e0c138d049e
2182207962,"Ploceus baglafecht (Daudin, 1802)",-0.026098,34.683025,2018-06-22,2018,6,22.0,HUMAN_OBSERVATION,4fa7b334-ce0d-4e88-aaae-2e0c138d049e
2182208690,"Egretta garzetta (Linnaeus, 1766)",-0.125407,34.742504,2018-06-23,2018,6,23.0,HUMAN_OBSERVATION,4fa7b334-ce0d-4e88-aaae-2e0c138d049e
2182209335,"Ardea melanocephala Children & Vigors, 1826",-0.125407,34.742504,2018-06-23,2018,6,23.0,HUMAN_OBSERVATION,4fa7b334-ce0d-4e88-aaae-2e0c138d049e
2182213267,"Ploceus baglafecht (Daudin, 1802)",-0.125407,34.742504,2018-06-23,2018,6,23.0,HUMAN_OBSERVATION,4fa7b334-ce0d-4e88-aaae-2e0c138d049e
2182223246,"Mycteria ibis (Linnaeus, 1766)",-0.125407,34.742504,2018-06-23,2018,6,23.0,HUMAN_OBSERVATION,4fa7b334-ce0d-4e88-aaae-2e0c138d049e
1898812412,"Hemidactylus mabouia (Moreau De Jonnès, 1818)",0.2356,34.862316,2018-07-24T22:51,2018,7,24.0,HUMAN_OBSERVATION,50c9509d-22c7-4a22-a47d-8c48425ef4a7
1898812413,"Cossypha heuglini Hartlaub, 1866",0.2356,34.862316,2018-07-24T14:39,2018,7,24.0,HUMAN_OBSERVATION,50c9509d-22c7-4a22-a47d-8c48425ef4a7
1898812576,"Lanius mackinnoni Sharpe, 1891",0.237021,34.864415,2018-07-25T08:39,2018,7,25.0,HUMAN_OBSERVATION,50c9509d-22c7-4a22-a47d-8c48425ef4a7
1898812625,"Colius striatus J.F.Gmelin, 1789",0.237021,34.864415,2018-07-25T07:52,2018,7,25.0,HUMAN_OBSERVATION,50c9509d-22c7-4a22-a47d-8c48425ef4a7
1898812635,"Colobus guereza Rüppell, 1835",0.236377,34.865102,2018-07-25T10:04,2018,7,25.0,HUMAN_OBSERVATION,50c9509d-22c7-4a22-a47d-8c48425ef4a7
1898812708,"Bleda syndactylus (Swainson, 1837)",0.236377,34.865102,2018-07-25T09:52,2018,7,25.0,HUMAN_OBSERVATION,50c9509d-22c7-4a22-a47d-8c48425ef4a7
1898812743,"Trachylepis striata (Peters, 1844)",0.235577,34.862462,2018-07-25T13:08,2018,7,25.0,HUMAN_OBSERVATION,50c9509d-22c7-4a22-a47d-8c48425ef4a7
1898812747,"Gymnobucco bonapartei Hartlaub, 1854",0.217256,34.916805,2018-07-25T15:16,2018,7,25.0,HUMAN_OBSERVATION,50c9509d-22c7-4a22-a47d-8c48425ef4a7
1898812760,"Cossypha cyanocampter (Bonaparte, 1850)",0.236377,34.865102,2018-07-25T09:38,2018,7,25.0,HUMAN_OBSERVATION,50c9509d-22c7-4a22-a47d-8c48425ef4a7
1898812769,"Merops muelleri (Cassin, 1857)",0.236377,34.865102,2018-07-25T12:10,2018,7,25.0,HUMAN_OBSERVATION,50c9509d-22c7-4a22-a47d-8c48425ef4a7
1898812872,"Achatina stuhlmanni E.von Martens, 1892",0.225407,34.888351,2018-07-25T16:58,2018,7,25.0,HUMAN_OBSERVATION,50c9509d-22c7-4a22-a47d-8c48425ef4a7
1898812924,"Merops oreobates (Sharpe, 1892)",0.23562,34.862591,2018-07-26T09:06,2018,7,26.0,HUMAN_OBSERVATION,50c9509d-22c7-4a22-a47d-8c48425ef4a7
1898813003,"Bycanistes subcylindricus (P.L.Sclater, 1871)",0.23562,34.862591,2018-07-26T09:19,2018,7,26.0,HUMAN_OBSERVATION,50c9509d-22c7-4a22-a47d-8c48425ef4a7
2177155484,"Chlorocichla laetissima (Sharpe, 1899)",0.24726,34.87463,2018-08-06,2018,8,6.0,HUMAN_OBSERVATION,4fa7b334-ce0d-4e88-aaae-2e0c138d049e
2177161508,"Zosterops senegalensis Bonaparte, 1850",0.24726,34.87463,2018-08-06,2018,8,6.0,HUMAN_OBSERVATION,4fa7b334-ce0d-4e88-aaae-2e0c138d049e
2177161832,"Elanus caeruleus (Desfontaines, 1789)",0.24726,34.87463,2018-08-06,2018,8,6.0,HUMAN_OBSERVATION,4fa7b334-ce0d-4e88-aaae-2e0c138d049e
2177165660,"Estrilda nonnula Hartlaub, 1883",0.24726,34.87463,2018-08-06,2018,8,6.0,HUMAN_OBSERVATION,4fa7b334-ce0d-4e88-aaae-2e0c138d049e
2177167016,"Sarothrura pulchra (J.E.Gray, 1829)",0.24726,34.87463,2018-08-06,2018,8,6.0,HUMAN_OBSERVATION,4fa7b334-ce0d-4e88-aaae-2e0c138d049e
2177167635,"Cecropis F.Boie, 1826",0.24726,34.87463,2018-08-06,2018,8,6.0,HUMAN_OBSERVATION,4fa7b334-ce0d-4e88-aaae-2e0c138d049e
2177169775,"Ploceus insignis (Sharpe, 1891)",0.24726,34.87463,2018-08-06,2018,8,6.0,HUMAN_OBSERVATION,4fa7b334-ce0d-4e88-aaae-2e0c138d049e
2177169791,"Turtur tympanistria (Temminck, 1809)",0.24726,34.87463,2018-08-06,2018,8,6.0,HUMAN_OBSERVATION,4fa7b334-ce0d-4e88-aaae-2e0c138d049e
2177170413,"Cinnyris venustus (Shaw, 1799)",0.24726,34.87463,2018-08-06,2018,8,6.0,HUMAN_OBSERVATION,4fa7b334-ce0d-4e88-aaae-2e0c138d049e
2177172076,"Eurillas latirostris (Strickland, 1844)",0.24726,34.87463,2018-08-06,2018,8,6.0,HUMAN_OBSERVATION,4fa7b334-ce0d-4e88-aaae-2e0c138d049e
2177180994,"Merops oreobates (Sharpe, 1892)",0.24726,34.87463,2018-08-06,2018,8,6.0,HUMAN_OBSERVATION,4fa7b334-ce0d-4e88-aaae-2e0c138d049e
2177192984,"Motacilla aguimp Temminck, 1820",0.24726,34.87463,2018-08-06,2018,8,6.0,HUMAN_OBSERVATION,4fa7b334-ce0d-4e88-aaae-2e0c138d049e
2177195040,"Eurillas curvirostris (Cassin, 1859)",0.24726,34.87463,2018-08-06,2018,8,6.0,HUMAN_OBSERVATION,4fa7b334-ce0d-4e88-aaae-2e0c138d049e
2186852184,"Passer griseus (Vieillot, 1817)",0.24726,34.87463,2018-09-18,2018,9,18.0,HUMAN_OBSERVATION,4fa7b334-ce0d-4e88-aaae-2e0c138d049e
2186852416,"Lanius mackinnoni Sharpe, 1891",0.24726,34.87463,2018-09-18,2018,9,18.0,HUMAN_OBSERVATION,4fa7b334-ce0d-4e88-aaae-2e0c138d049e
2186852909,"Zosterops senegalensis Bonaparte, 1850",0.24726,34.87463,2018-09-18,2018,9,18.0,HUMAN_OBSERVATION,4fa7b334-ce0d-4e88-aaae-2e0c138d049e
2186853432,"Cinnyris chloropygius (Jardine, 1842)",0.24726,34.87463,2018-09-18,2018,9,18.0,HUMAN_OBSERVATION,4fa7b334-ce0d-4e88-aaae-2e0c138d049e
2186855356,"Cyanomitra olivacea (A.Smith, 1840)",0.24726,34.87463,2018-09-18,2018,9,18.0,HUMAN_OBSERVATION,4fa7b334-ce0d-4e88-aaae-2e0c138d049e
2186855965,"Poeoptera stuhlmanni (Reichenow, 1893)",0.24726,34.87463,2018-09-18,2018,9,18.0,HUMAN_OBSERVATION,4fa7b334-ce0d-4e88-aaae-2e0c138d049e
2186860043,"Anthreptes tephrolaemus (Jardine & Fraser, 1852)",0.24726,34.87463,2018-09-18,2018,9,18.0,HUMAN_OBSERVATION,4fa7b334-ce0d-4e88-aaae-2e0c138d049e
2186860758,"Ploceus bicolor Vieillot, 1819",0.24726,34.87463,2018-09-18,2018,9,18.0,HUMAN_OBSERVATION,4fa7b334-ce0d-4e88-aaae-2e0c138d049e
2186865287,"Schistolais leucopogon (Cabanis, 1875)",0.24726,34.87463,2018-09-18,2018,9,18.0,HUMAN_OBSERVATION,4fa7b334-ce0d-4e88-aaae-2e0c138d049e
2186866265,"Colius striatus J.F.Gmelin, 1789",0.24726,34.87463,2018-09-18,2018,9,18.0,HUMAN_OBSERVATION,4fa7b334-ce0d-4e88-aaae-2e0c138d049e
2186867697,"Campephaga petiti Oustalet, 1884",0.24726,34.87463,2018-09-18,2018,9,18.0,HUMAN_OBSERVATION,4fa7b334-ce0d-4e88-aaae-2e0c138d049e
2186868276,"Oreolais pulcher (Sharpe, 1891)",0.24726,34.87463,2018-09-18,2018,9,18.0,HUMAN_OBSERVATION,4fa7b334-ce0d-4e88-aaae-2e0c138d049e
2186869861,"Chrysococcyx klaas (Stephens, 1815)",0.24726,34.87463,2018-09-18,2018,9,18.0,HUMAN_OBSERVATION,4fa7b334-ce0d-4e88-aaae-2e0c138d049e
2005652404,"Phrynobatrachus scheffleri (Nieden, 1911)",-0.125,34.875,2018-10-17,2018,10,17.0,HUMAN_OBSERVATION,999d8fed-d06d-48d8-87ee-cc36e6c8456c
2005655505,"Lygodactylus capensis (Smith, 1849)",-0.125,34.875,2018-10-17,2018,10,17.0,HUMAN_OBSERVATION,999d8fed-d06d-48d8-87ee-cc36e6c8456c
2190402668,"Muscicapa aquatica Heuglin, 1864",-0.12973,34.740883,2018-10-01,2018,10,1.0,HUMAN_OBSERVATION,4fa7b334-ce0d-4e88-aaae-2e0c138d049e
2190406883,"Cecropis abyssinica (Guerin-Meneville, 1843)",-0.12973,34.740883,2018-10-01,2018,10,1.0,HUMAN_OBSERVATION,4fa7b334-ce0d-4e88-aaae-2e0c138d049e
2190407770,"Crinifer personatus (Rüppell, 1842)",-0.12973,34.740883,2018-10-01,2018,10,1.0,HUMAN_OBSERVATION,4fa7b334-ce0d-4e88-aaae-2e0c138d049e
2190408762,"Cypsiurus parvus (M.H.K.Lichtenstein, 1823)",-0.12973,34.740883,2018-10-01,2018,10,1.0,HUMAN_OBSERVATION,4fa7b334-ce0d-4e88-aaae-2e0c138d049e
2190409747,"Alopochen aegyptiaca (Linnaeus, 1766)",-0.12973,34.740883,2018-10-01,2018,10,1.0,HUMAN_OBSERVATION,4fa7b334-ce0d-4e88-aaae-2e0c138d049e
2190417981,"Butorides striata (Linnaeus, 1758)",-0.12973,34.740883,2018-10-01,2018,10,1.0,HUMAN_OBSERVATION,4fa7b334-ce0d-4e88-aaae-2e0c138d049e
2190418173,"Columba guinea Linnaeus, 1758",-0.12973,34.740883,2018-10-01,2018,10,1.0,HUMAN_OBSERVATION,4fa7b334-ce0d-4e88-aaae-2e0c138d049e
2190419810,"Burhinus vermiculatus (Cabanis, 1868)",-0.12973,34.740883,2018-10-01,2018,10,1.0,HUMAN_OBSERVATION,4fa7b334-ce0d-4e88-aaae-2e0c138d049e
2190420537,"Vanellus spinosus (Linnaeus, 1758)",-0.12973,34.740883,2018-10-01,2018,10,1.0,HUMAN_OBSERVATION,4fa7b334-ce0d-4e88-aaae-2e0c138d049e
2190423642,"Microcarbo africanus (Gmelin, 1789)",-0.12973,34.740883,2018-10-01,2018,10,1.0,HUMAN_OBSERVATION,4fa7b334-ce0d-4e88-aaae-2e0c138d049e
2190429785,"Chlidonias hybrida (Pallas, 1811)",-0.12973,34.740883,2018-10-01,2018,10,1.0,HUMAN_OBSERVATION,4fa7b334-ce0d-4e88-aaae-2e0c138d049e
1946344053,"Evena Westwood, 1850",0.23959,34.864876,2018-11-11T08:14,2018,11,11.0,HUMAN_OBSERVATION,50c9509d-22c7-4a22-a47d-8c48425ef4a7
1949987330,"Junonia sophia infracta Butler, 1888",0.298791,35.401015,2018-11-10T13:37,2018,11,10.0,HUMAN_OBSERVATION,50c9509d-22c7-4a22-a47d-8c48425ef4a7
1978449907,"Euxerus erythropus (E.Geoffroy Saint-Hilaire, 1803)",0.227135,34.88452,2018-11-12T17:34,2018,11,12.0,HUMAN_OBSERVATION,50c9509d-22c7-4a22-a47d-8c48425ef4a7
2029107695,"Aquila pomarina C.L.Brehm, 1831",-0.02912,35.41544,2018-11-13T12:05Z,2018,11,13.0,MACHINE_OBSERVATION,712dba38-74cc-4704-87c0-63d1bf8484bc
2029113530,"Aquila pomarina C.L.Brehm, 1831",0.15406,35.30154,2018-11-13T11:05Z,2018,11,13.0,MACHINE_OBSERVATION,712dba38-74cc-4704-87c0-63d1bf8484bc
2202648004,"Corythornis cristatus (Pallas, 1764)",0.303932,35.379368,2018-11-10,2018,11,10.0,HUMAN_OBSERVATION,4fa7b334-ce0d-4e88-aaae-2e0c138d049e
2202648392,"Lanius humeralis Stanley, 1814",0.303932,35.379368,2018-11-10,2018,11,10.0,HUMAN_OBSERVATION,4fa7b334-ce0d-4e88-aaae-2e0c138d049e
2202649235,"Cinnyris reichenowi Sharpe, 1891",0.303932,35.379368,2018-11-10,2018,11,10.0,HUMAN_OBSERVATION,4fa7b334-ce0d-4e88-aaae-2e0c138d049e
2202651513,"Crithagra striolata (Rüppell, 1840)",0.303932,35.379368,2018-11-10,2018,11,10.0,HUMAN_OBSERVATION,4fa7b334-ce0d-4e88-aaae-2e0c138d049e
2202651936,"Pycnonotus barbatus (Desfontaines, 1789)",0.303932,35.379368,2018-11-10,2018,11,10.0,HUMAN_OBSERVATION,4fa7b334-ce0d-4e88-aaae-2e0c138d049e
2202652103,"Rhinopomastus cyanomelas (Vieillot, 1819)",0.303932,35.379368,2018-11-10,2018,11,10.0,HUMAN_OBSERVATION,4fa7b334-ce0d-4e88-aaae-2e0c138d049e
2202652924,"Indicator variegatus R.Lesson, 1830",0.303932,35.379368,2018-11-10,2018,11,10.0,HUMAN_OBSERVATION,4fa7b334-ce0d-4e88-aaae-2e0c138d049e
2202655511,"Eminia lepida Hartlaub, 1881",0.303932,35.379368,2018-11-10,2018,11,10.0,HUMAN_OBSERVATION,4fa7b334-ce0d-4e88-aaae-2e0c138d049e
1978425726,"Balearica regulorum (E.T.Bennett, 1834)",-0.301522,34.762761,2018-12-07T09:35:58,2018,12,7.0,HUMAN_OBSERVATION,50c9509d-22c7-4a22-a47d-8c48425ef4a7
1978453956,"Ploceus nigerrimus Vieillot, 1819",0.226528,34.884947,2018-12-06T13:01:22,2018,12,6.0,HUMAN_OBSERVATION,50c9509d-22c7-4a22-a47d-8c48425ef4a7
1978453964,"Tauraco rossae (Gould, 1852)",0.225938,34.887371,2018-12-06T08:11:30,2018,12,6.0,HUMAN_OBSERVATION,50c9509d-22c7-4a22-a47d-8c48425ef4a7
1978453972,"Trachylaemus purpuratus (J.Verreaux & E.Verreaux, 1851)",0.226422,34.88422,2018-12-06T14:45:19,2018,12,6.0,HUMAN_OBSERVATION,50c9509d-22c7-4a22-a47d-8c48425ef4a7
1978453974,"Ploceus melanogaster Shelley, 1887",0.226127,34.885252,2018-12-06T14:41:02,2018,12,6.0,HUMAN_OBSERVATION,50c9509d-22c7-4a22-a47d-8c48425ef4a7
1978453982,"Gymnobucco bonapartei Hartlaub, 1854",0.226506,34.884289,2018-12-06T12:22:37,2018,12,6.0,HUMAN_OBSERVATION,50c9509d-22c7-4a22-a47d-8c48425ef4a7
1978453987,"Oreolais pulcher (Sharpe, 1891)",0.233688,34.877404,2018-12-06T14:39:57,2018,12,6.0,HUMAN_OBSERVATION,50c9509d-22c7-4a22-a47d-8c48425ef4a7
1986515831,"Threskiornis aethiopicus (Latham, 1790)",-0.386328,34.628691,2018-12-08T09:09:42,2018,12,8.0,HUMAN_OBSERVATION,50c9509d-22c7-4a22-a47d-8c48425ef4a7
1986535759,"Apis mellifera Linnaeus, 1758",-0.116812,34.747865,2018-12-30T09:22,2018,12,30.0,HUMAN_OBSERVATION,50c9509d-22c7-4a22-a47d-8c48425ef4a7
2005273427,"Sheppardia aequatorialis (Jackson, 1906)",0.232583,34.871929,2018-12-06T09:53,2018,12,6.0,HUMAN_OBSERVATION,50c9509d-22c7-4a22-a47d-8c48425ef4a7
2005273429,"Sheppardia polioptera (Reichenow, 1892)",0.225998,34.884486,2018-12-06T14:32:39,2018,12,6.0,HUMAN_OBSERVATION,50c9509d-22c7-4a22-a47d-8c48425ef4a7
2209854485,"Lanius humeralis Stanley, 1814",-0.224339,34.957073,2018-12-04,2018,12,4.0,HUMAN_OBSERVATION,4fa7b334-ce0d-4e88-aaae-2e0c138d049e
2209885270,"Halcyon senegalensis (Linnaeus, 1766)",-0.130202,34.74135,2018-12-04,2018,12,4.0,HUMAN_OBSERVATION,4fa7b334-ce0d-4e88-aaae-2e0c138d049e
1990542069,Cryptacrus comes,-0.115762,34.748042,2019-01-20T12:27:02,2019,1,20.0,HUMAN_OBSERVATION,50c9509d-22c7-4a22-a47d-8c48425ef4a7
2653304228,"Camaroptera chloronota Reichenow, 1895",0.24726,34.87463,2019-01-04,2019,1,4.0,HUMAN_OBSERVATION,4fa7b334-ce0d-4e88-aaae-2e0c138d049e
2653312314,"Pogoniulus bilineatus (Sundevall, 1850)",0.24726,34.87463,2019-01-04,2019,1,4.0,HUMAN_OBSERVATION,4fa7b334-ce0d-4e88-aaae-2e0c138d049e
2653354326,"Phoeniculus bollei (Hartlaub, 1858)",0.24726,34.87463,2019-01-04,2019,1,4.0,HUMAN_OBSERVATION,4fa7b334-ce0d-4e88-aaae-2e0c138d049e
2653355339,"Apalis rufogularis (Fraser, 1843)",0.24726,34.87463,2019-01-04,2019,1,4.0,HUMAN_OBSERVATION,4fa7b334-ce0d-4e88-aaae-2e0c138d049e
2653439285,"Tauraco schuettii (Cabanis, 1879)",0.24726,34.87463,2019-01-04,2019,1,4.0,HUMAN_OBSERVATION,4fa7b334-ce0d-4e88-aaae-2e0c138d049e
2653459233,"Hylia prasina (Cassin, 1855)",0.24726,34.87463,2019-01-04,2019,1,4.0,HUMAN_OBSERVATION,4fa7b334-ce0d-4e88-aaae-2e0c138d049e
2653487295,"Malimbus rubricollis (Swainson, 1838)",0.24726,34.87463,2019-01-04,2019,1,4.0,HUMAN_OBSERVATION,4fa7b334-ce0d-4e88-aaae-2e0c138d049e
2653541329,"Sheppardia polioptera (Reichenow, 1892)",0.24726,34.87463,2019-01-04,2019,1,4.0,HUMAN_OBSERVATION,4fa7b334-ce0d-4e88-aaae-2e0c138d049e
2653621268,"Cuculus solitarius Stephens, 1815",0.24726,34.87463,2019-01-04,2019,1,4.0,HUMAN_OBSERVATION,4fa7b334-ce0d-4e88-aaae-2e0c138d049e
2653684327,"Ploceus nigerrimus Vieillot, 1819",0.24726,34.87463,2019-01-04,2019,1,4.0,HUMAN_OBSERVATION,4fa7b334-ce0d-4e88-aaae-2e0c138d049e
2653692471,"Motacilla cinerea Tunstall, 1771",0.24726,34.87463,2019-01-04,2019,1,4.0,HUMAN_OBSERVATION,4fa7b334-ce0d-4e88-aaae-2e0c138d049e
2653699302,"Saxicola torquatus (Linnaeus, 1766)",0.24726,34.87463,2019-01-04,2019,1,4.0,HUMAN_OBSERVATION,4fa7b334-ce0d-4e88-aaae-2e0c138d049e
2006095147,Artocarpus heterophyllus Lam.,-0.038333,34.752777,2019-02-28T09:36:28,2019,2,28.0,HUMAN_OBSERVATION,50c9509d-22c7-4a22-a47d-8c48425ef4a7
2654920236,"Hedydipna collaris (Vieillot, 1819)",0.22692,34.884655,2019-02-08,2019,2,8.0,HUMAN_OBSERVATION,4fa7b334-ce0d-4e88-aaae-2e0c138d049e
2654924171,"Campephaga flava Vieillot, 1817",0.22692,34.884655,2019-02-08,2019,2,8.0,HUMAN_OBSERVATION,4fa7b334-ce0d-4e88-aaae-2e0c138d049e
2654995078,"Ploceus insignis (Sharpe, 1891)",0.22692,34.884655,2019-02-08,2019,2,8.0,HUMAN_OBSERVATION,4fa7b334-ce0d-4e88-aaae-2e0c138d049e
2655012566,"Ploceus melanocephalus (Linnaeus, 1758)",-0.125407,34.742504,2019-02-10,2019,2,10.0,HUMAN_OBSERVATION,4fa7b334-ce0d-4e88-aaae-2e0c138d049e
2655728774,"Cypsiurus parvus (M.H.K.Lichtenstein, 1823)",-0.081278,34.72753,2019-02-07,2019,2,7.0,HUMAN_OBSERVATION,4fa7b334-ce0d-4e88-aaae-2e0c138d049e
2655729182,"Lanius mackinnoni Sharpe, 1891",0.22692,34.884655,2019-02-08,2019,2,8.0,HUMAN_OBSERVATION,4fa7b334-ce0d-4e88-aaae-2e0c138d049e
2655781600,"Buccanodon duchaillui (Cassin, 1855)",0.22692,34.884655,2019-02-11,2019,2,11.0,HUMAN_OBSERVATION,4fa7b334-ce0d-4e88-aaae-2e0c138d049e
2655888485,"Threskiornis aethiopicus (Latham, 1790)",-0.125407,34.742504,2019-02-11,2019,2,11.0,HUMAN_OBSERVATION,4fa7b334-ce0d-4e88-aaae-2e0c138d049e
2655922229,"Phylloscopus budongoensis (Seth-Smith, 1907)",0.22692,34.884655,2019-02-08,2019,2,8.0,HUMAN_OBSERVATION,4fa7b334-ce0d-4e88-aaae-2e0c138d049e
2655961620,"Chlidonias leucopterus (Temminck, 1815)",-0.125407,34.742504,2019-02-11,2019,2,11.0,HUMAN_OBSERVATION,4fa7b334-ce0d-4e88-aaae-2e0c138d049e
2655961672,"Pogoniulus bilineatus (Sundevall, 1850)",0.233885,34.86852,2019-02-12,2019,2,12.0,HUMAN_OBSERVATION,4fa7b334-ce0d-4e88-aaae-2e0c138d049e
2655971207,"Centropus superciliosus Hemprich & Ehrenberg, 1829",-0.125407,34.742504,2019-02-21,2019,2,21.0,HUMAN_OBSERVATION,4fa7b334-ce0d-4e88-aaae-2e0c138d049e
2012968496,"Milvus migrans (Boddaert, 1783)",-0.471702,35.176,2019-03-01T17:48,2019,3,1.0,HUMAN_OBSERVATION,50c9509d-22c7-4a22-a47d-8c48425ef4a7
2012968506,"Pycnonotus barbatus (Desfontaines, 1789)",-0.471702,35.176,2019-03-01T18:25,2019,3,1.0,HUMAN_OBSERVATION,50c9509d-22c7-4a22-a47d-8c48425ef4a7
2366589721,"Anomalurus derbianus (Gray, 1842)",0.125,34.875,2019-03-14,2019,3,14.0,HUMAN_OBSERVATION,999d8fed-d06d-48d8-87ee-cc36e6c8456c
2657841146,"Threskiornis aethiopicus (Latham, 1790)",-0.125407,34.742504,2019-03-02,2019,3,2.0,HUMAN_OBSERVATION,4fa7b334-ce0d-4e88-aaae-2e0c138d049e
2660181145,"Vanellus spinosus (Linnaeus, 1758)",-0.125407,34.742504,2019-03-02,2019,3,2.0,HUMAN_OBSERVATION,4fa7b334-ce0d-4e88-aaae-2e0c138d049e
2661617404,"Turtur tympanistria (Temminck, 1809)",-0.507703,34.491104,2019-03-16,2019,3,16.0,HUMAN_OBSERVATION,4fa7b334-ce0d-4e88-aaae-2e0c138d049e
2662350173,"Bostrychia hagedash (Latham, 1790)",-0.507703,34.491104,2019-03-16,2019,3,16.0,HUMAN_OBSERVATION,4fa7b334-ce0d-4e88-aaae-2e0c138d049e
2666400125,"Hirundo angolensis Bocage, 1868",-0.125407,34.742504,2019-03-02,2019,3,2.0,HUMAN_OBSERVATION,4fa7b334-ce0d-4e88-aaae-2e0c138d049e
2673257143,"Atimastillas flavigula (Cabanis, 1880)",-0.125407,34.742504,2019-03-02,2019,3,2.0,HUMAN_OBSERVATION,4fa7b334-ce0d-4e88-aaae-2e0c138d049e
2674467328,"Gelochelidon nilotica (J.F.Gmelin, 1789)",-0.125407,34.742504,2019-03-02,2019,3,2.0,HUMAN_OBSERVATION,4fa7b334-ce0d-4e88-aaae-2e0c138d049e
2675785205,"Milvus migrans (Boddaert, 1783)",-0.125407,34.742504,2019-03-02,2019,3,2.0,HUMAN_OBSERVATION,4fa7b334-ce0d-4e88-aaae-2e0c138d049e
2704729134,"Phylloscopus budongoensis (Seth-Smith, 1907)",0.22692,34.884655,2019-03-01,2019,3,1.0,HUMAN_OBSERVATION,4fa7b334-ce0d-4e88-aaae-2e0c138d049e
2704984182,"Platysteira concreta Hartlaub, 1855",0.22692,34.884655,2019-03-01,2019,3,1.0,HUMAN_OBSERVATION,4fa7b334-ce0d-4e88-aaae-2e0c138d049e
2648135682,Ricinus communis L.,-0.166851,35.364723,2019-04-20T11:04:50.276Z,2019,4,20.0,HUMAN_OBSERVATION,14d5676a-2c54-4f94-9023-1e8dcd822aa0
3306641357,"Lanius mackinnoni Sharpe, 1891",0.042083,35.04125,2019-04-14,2019,4,14.0,HUMAN_OBSERVATION,1cd0cb6d-d8ab-4e4c-9672-70d22fec96b3
3306643431,"Lophaetus occipitalis (Daudin, 1800)",0.042083,35.04125,2019-04-14,2019,4,14.0,HUMAN_OBSERVATION,1cd0cb6d-d8ab-4e4c-9672-70d22fec96b3
3306648431,"Pogoniulus bilineatus (Sundevall, 1850)",0.042083,35.04125,2019-04-14,2019,4,14.0,HUMAN_OBSERVATION,1cd0cb6d-d8ab-4e4c-9672-70d22fec96b3
3306657416,"Elminia longicauda (Swainson, 1838)",0.042083,35.04125,2019-04-14,2019,4,14.0,HUMAN_OBSERVATION,1cd0cb6d-d8ab-4e4c-9672-70d22fec96b3
3306658359,"Nectarinia kilimensis Shelley, 1885",0.042083,35.04125,2019-04-14,2019,4,14.0,HUMAN_OBSERVATION,1cd0cb6d-d8ab-4e4c-9672-70d22fec96b3
3306660339,"Muscicapa adusta (F.Boie, 1828)",0.042083,35.04125,2019-04-14,2019,4,14.0,HUMAN_OBSERVATION,1cd0cb6d-d8ab-4e4c-9672-70d22fec96b3
3306660340,"Ploceus baglafecht (Daudin, 1802)",0.042083,35.04125,2019-04-14,2019,4,14.0,HUMAN_OBSERVATION,1cd0cb6d-d8ab-4e4c-9672-70d22fec96b3
3306882519,"Merops oreobates (Sharpe, 1892)",0.042083,35.04125,2019-04-14,2019,4,14.0,HUMAN_OBSERVATION,1cd0cb6d-d8ab-4e4c-9672-70d22fec96b3
3306883476,"Motacilla aguimp Temminck, 1820",0.042083,35.04125,2019-04-14,2019,4,14.0,HUMAN_OBSERVATION,1cd0cb6d-d8ab-4e4c-9672-70d22fec96b3
3306887508,"Dioptrornis fischeri Reichenow, 1884",0.042083,35.04125,2019-04-14,2019,4,14.0,HUMAN_OBSERVATION,1cd0cb6d-d8ab-4e4c-9672-70d22fec96b3
3306888490,"Corvus albus Statius Muller, 1776",0.042083,35.04125,2019-04-14,2019,4,14.0,HUMAN_OBSERVATION,1cd0cb6d-d8ab-4e4c-9672-70d22fec96b3
3306915397,"Vidua macroura (Pallas, 1764)",0.042083,35.04125,2019-04-14,2019,4,14.0,HUMAN_OBSERVATION,1cd0cb6d-d8ab-4e4c-9672-70d22fec96b3
2668664298,"Ceblepyris caesius Lichtenstein & Mhc, 1823",0.0724,34.97738,2019-05-02,2019,5,2.0,HUMAN_OBSERVATION,4fa7b334-ce0d-4e88-aaae-2e0c138d049e
2668758518,"Camaroptera brachyura (Vieillot, 1821)",0.06314,34.913345,2019-05-03,2019,5,3.0,HUMAN_OBSERVATION,4fa7b334-ce0d-4e88-aaae-2e0c138d049e
2668780533,"Megabyas flammulatus J.Verreaux & E.Verreaux, 1855",0.081892,34.988647,2019-05-03,2019,5,3.0,HUMAN_OBSERVATION,4fa7b334-ce0d-4e88-aaae-2e0c138d049e
2668811144,"Melaenornis fischeri (Reichenow, 1884)",0.0724,34.97738,2019-05-02,2019,5,2.0,HUMAN_OBSERVATION,4fa7b334-ce0d-4e88-aaae-2e0c138d049e
2668890279,"Pycnonotus barbatus (Desfontaines, 1789)",0.0724,34.97738,2019-05-02,2019,5,2.0,HUMAN_OBSERVATION,4fa7b334-ce0d-4e88-aaae-2e0c138d049e
2668986243,"Dryoscopus angolensis Hartlaub, 1860",0.0724,34.97738,2019-05-02,2019,5,2.0,HUMAN_OBSERVATION,4fa7b334-ce0d-4e88-aaae-2e0c138d049e
2669352034,"Oreolais pulcher (Sharpe, 1891)",0.0724,34.97738,2019-05-02,2019,5,2.0,HUMAN_OBSERVATION,4fa7b334-ce0d-4e88-aaae-2e0c138d049e
2669388624,"Cisticola cantans (Heuglin, 1869)",0.06314,34.913345,2019-05-04,2019,5,4.0,HUMAN_OBSERVATION,4fa7b334-ce0d-4e88-aaae-2e0c138d049e
2669414356,"Elminia longicauda (Swainson, 1838)",0.0724,34.97738,2019-05-03,2019,5,3.0,HUMAN_OBSERVATION,4fa7b334-ce0d-4e88-aaae-2e0c138d049e
2669519487,"Ploceus baglafecht (Daudin, 1802)",0.06314,34.913345,2019-05-04,2019,5,4.0,HUMAN_OBSERVATION,4fa7b334-ce0d-4e88-aaae-2e0c138d049e
2669519574,"Chrysococcyx caprius (Boddaert, 1783)",0.148795,34.880146,2019-05-04,2019,5,4.0,HUMAN_OBSERVATION,4fa7b334-ce0d-4e88-aaae-2e0c138d049e
2669556626,"Motacilla aguimp Temminck, 1820",0.06314,34.913345,2019-05-04,2019,5,4.0,HUMAN_OBSERVATION,4fa7b334-ce0d-4e88-aaae-2e0c138d049e
2669561376,"Ploceus bicolor Vieillot, 1819",0.0724,34.97738,2019-05-02,2019,5,2.0,HUMAN_OBSERVATION,4fa7b334-ce0d-4e88-aaae-2e0c138d049e
2265825932,"Papio anubis (Lesson, 1827)",-0.236903,35.395503,2019-06-07T10:29:55,2019,6,7.0,HUMAN_OBSERVATION,50c9509d-22c7-4a22-a47d-8c48425ef4a7
2265828260,Psidium guajava L.,-0.518264,35.388301,2019-06-08T11:19:36,2019,6,8.0,HUMAN_OBSERVATION,50c9509d-22c7-4a22-a47d-8c48425ef4a7
2679954652,"Cyanomitra verticalis (Latham, 1790)",0.22692,34.884655,2019-06-16,2019,6,16.0,HUMAN_OBSERVATION,4fa7b334-ce0d-4e88-aaae-2e0c138d049e
2680268045,"Merops muelleri (Cassin, 1857)",0.238735,34.86586,2019-06-18,2019,6,18.0,HUMAN_OBSERVATION,4fa7b334-ce0d-4e88-aaae-2e0c138d049e
2680268046,"Gymnobucco bonapartei Hartlaub, 1854",0.234334,34.890766,2019-06-18,2019,6,18.0,HUMAN_OBSERVATION,4fa7b334-ce0d-4e88-aaae-2e0c138d049e
2680755056,"Psalidoprocne pristoptera (Rüppell, 1840)",0.22692,34.884655,2019-06-17,2019,6,17.0,HUMAN_OBSERVATION,4fa7b334-ce0d-4e88-aaae-2e0c138d049e
2680837898,"Cypsiurus parvus (M.H.K.Lichtenstein, 1823)",0.22692,34.884655,2019-06-17,2019,6,17.0,HUMAN_OBSERVATION,4fa7b334-ce0d-4e88-aaae-2e0c138d049e
2680979995,"Hirundo angolensis Bocage, 1868",-0.493138,34.75114,2019-06-19,2019,6,19.0,HUMAN_OBSERVATION,4fa7b334-ce0d-4e88-aaae-2e0c138d049e
2680997965,"Muscicapa adusta (F.Boie, 1828)",0.238735,34.86586,2019-06-18,2019,6,18.0,HUMAN_OBSERVATION,4fa7b334-ce0d-4e88-aaae-2e0c138d049e
2681325813,"Campephaga petiti Oustalet, 1884",0.22692,34.884655,2019-06-17,2019,6,17.0,HUMAN_OBSERVATION,4fa7b334-ce0d-4e88-aaae-2e0c138d049e
2681362951,"Cisticola chubbi Sharpe, 1892",0.238735,34.86586,2019-06-18,2019,6,18.0,HUMAN_OBSERVATION,4fa7b334-ce0d-4e88-aaae-2e0c138d049e
2681502615,"Poeoptera stuhlmanni (Reichenow, 1893)",0.22692,34.884655,2019-06-16,2019,6,16.0,HUMAN_OBSERVATION,4fa7b334-ce0d-4e88-aaae-2e0c138d049e
2681546843,"Turtur tympanistria (Temminck, 1809)",0.22692,34.884655,2019-06-17,2019,6,17.0,HUMAN_OBSERVATION,4fa7b334-ce0d-4e88-aaae-2e0c138d049e
2294623033,"Chlorocebus pygerythrus (F.Cuvier, 1821)",-0.008033,34.598592,2019-07-19T08:38,2019,7,19.0,HUMAN_OBSERVATION,50c9509d-22c7-4a22-a47d-8c48425ef4a7
2683153675,"Laniarius erythrogaster (Cretzschmar, 1829)",-0.125407,34.742504,2019-07-07,2019,7,7.0,HUMAN_OBSERVATION,4fa7b334-ce0d-4e88-aaae-2e0c138d049e
2683417077,"Ploceus melanogaster Shelley, 1887",0.24726,34.87463,2019-07-08,2019,7,8.0,HUMAN_OBSERVATION,4fa7b334-ce0d-4e88-aaae-2e0c138d049e
2683630917,"Chlorocichla laetissima (Sharpe, 1899)",0.24726,34.87463,2019-07-08,2019,7,8.0,HUMAN_OBSERVATION,4fa7b334-ce0d-4e88-aaae-2e0c138d049e
2683795762,"Dyaphorophyia castanea Fraser, 1843",0.24726,34.87463,2019-07-08,2019,7,8.0,HUMAN_OBSERVATION,4fa7b334-ce0d-4e88-aaae-2e0c138d049e
2683825012,"Bleda syndactylus (Swainson, 1837)",0.353234,34.863804,2019-07-15,2019,7,15.0,HUMAN_OBSERVATION,4fa7b334-ce0d-4e88-aaae-2e0c138d049e
2684053176,"Guttera verreauxi (D.G.Elliot, 1870)",0.212681,34.92315,2019-07-17,2019,7,17.0,HUMAN_OBSERVATION,4fa7b334-ce0d-4e88-aaae-2e0c138d049e
2684200727,"Ceuthmochares aereus (Vieillot, 1817)",0.24726,34.87463,2019-07-08,2019,7,8.0,HUMAN_OBSERVATION,4fa7b334-ce0d-4e88-aaae-2e0c138d049e
2684274170,"Granatina ianthinogaster (Reichenow, 1879)",-0.029039,34.852093,2019-07-20,2019,7,20.0,HUMAN_OBSERVATION,4fa7b334-ce0d-4e88-aaae-2e0c138d049e
2684295883,"Pycnonotus barbatus (Desfontaines, 1789)",-0.125407,34.742504,2019-07-07,2019,7,7.0,HUMAN_OBSERVATION,4fa7b334-ce0d-4e88-aaae-2e0c138d049e
2684295884,"Anastomus lamelligerus Temminck, 1823",-0.171318,34.910065,2019-07-07,2019,7,7.0,HUMAN_OBSERVATION,4fa7b334-ce0d-4e88-aaae-2e0c138d049e
2684563585,"Oriolus brachyrynchus Swainson, 1837",0.24726,34.87463,2019-07-08,2019,7,8.0,HUMAN_OBSERVATION,4fa7b334-ce0d-4e88-aaae-2e0c138d049e
2684663711,"Icthyophaga vocifer (Daudin, 1800)",-0.125407,34.742504,2019-07-07,2019,7,7.0,HUMAN_OBSERVATION,4fa7b334-ce0d-4e88-aaae-2e0c138d049e
2688336211,"Bycanistes subcylindricus (P.L.Sclater, 1871)",0.179171,35.010883,2019-08-14,2019,8,14.0,HUMAN_OBSERVATION,4fa7b334-ce0d-4e88-aaae-2e0c138d049e
2690641892,"Corvus albus Statius Muller, 1776",0.179171,35.010883,2019-08-14,2019,8,14.0,HUMAN_OBSERVATION,4fa7b334-ce0d-4e88-aaae-2e0c138d049e
2690652007,"Crithagra striolata (Rüppell, 1840)",0.179171,35.010883,2019-08-03,2019,8,3.0,HUMAN_OBSERVATION,4fa7b334-ce0d-4e88-aaae-2e0c138d049e
2692161027,"Euplectes gierowii Cabanis, 1880",0.179171,35.010883,2019-08-24,2019,8,24.0,HUMAN_OBSERVATION,4fa7b334-ce0d-4e88-aaae-2e0c138d049e
2692430838,"Apus affinis (J.E.Gray, 1830)",-0.051978,34.779816,2019-08-28,2019,8,28.0,HUMAN_OBSERVATION,4fa7b334-ce0d-4e88-aaae-2e0c138d049e
2692446125,"Saxicola torquatus (Linnaeus, 1766)",0.179171,35.010883,2019-08-14,2019,8,14.0,HUMAN_OBSERVATION,4fa7b334-ce0d-4e88-aaae-2e0c138d049e
2692556281,"Dendrocygna viduata (Linnaeus, 1766)",-0.171318,34.910065,2019-08-30,2019,8,30.0,HUMAN_OBSERVATION,4fa7b334-ce0d-4e88-aaae-2e0c138d049e
2692784074,"Melaenornis fischeri (Reichenow, 1884)",0.179171,35.010883,2019-08-14,2019,8,14.0,HUMAN_OBSERVATION,4fa7b334-ce0d-4e88-aaae-2e0c138d049e
2692784975,"Crithagra mozambica (P.L.Statius Müller, 1776)",-0.125407,34.742504,2019-08-30,2019,8,30.0,HUMAN_OBSERVATION,4fa7b334-ce0d-4e88-aaae-2e0c138d049e
2693085360,"Plegadis falcinellus (Linnaeus, 1766)",-0.171318,34.910065,2019-08-30,2019,8,30.0,HUMAN_OBSERVATION,4fa7b334-ce0d-4e88-aaae-2e0c138d049e
2693086080,"Ploceus cucullatus (Statius Muller, 1776)",-0.125407,34.742504,2019-08-31,2019,8,31.0,HUMAN_OBSERVATION,4fa7b334-ce0d-4e88-aaae-2e0c138d049e
2693310988,"Buccanodon duchaillui (Cassin, 1855)",0.22692,34.884655,2019-08-31,2019,8,31.0,HUMAN_OBSERVATION,4fa7b334-ce0d-4e88-aaae-2e0c138d049e
2693865738,"Egretta garzetta (Linnaeus, 1766)",-0.171318,34.910065,2019-08-23,2019,8,23.0,HUMAN_OBSERVATION,4fa7b334-ce0d-4e88-aaae-2e0c138d049e
2693482320,"Nectarinia kilimensis Shelley, 1885",0.291555,34.858154,2019-09-02,2019,9,2.0,HUMAN_OBSERVATION,4fa7b334-ce0d-4e88-aaae-2e0c138d049e
2694293201,"Gymnobucco bonapartei Hartlaub, 1854",0.24726,34.87463,2019-09-24,2019,9,24.0,HUMAN_OBSERVATION,4fa7b334-ce0d-4e88-aaae-2e0c138d049e
2694487811,"Lanius mackinnoni Sharpe, 1891",0.22692,34.884655,2019-09-24,2019,9,24.0,HUMAN_OBSERVATION,4fa7b334-ce0d-4e88-aaae-2e0c138d049e
2695100723,"Ploceus bicolor Vieillot, 1819",0.22692,34.884655,2019-09-24,2019,9,24.0,HUMAN_OBSERVATION,4fa7b334-ce0d-4e88-aaae-2e0c138d049e
2696120610,"Bycanistes subcylindricus (P.L.Sclater, 1871)",0.22692,34.884655,2019-09-24,2019,9,24.0,HUMAN_OBSERVATION,4fa7b334-ce0d-4e88-aaae-2e0c138d049e
2696152993,"Polyboroides typus A.Smith, 1829",0.179171,35.010883,2019-09-06,2019,9,6.0,HUMAN_OBSERVATION,4fa7b334-ce0d-4e88-aaae-2e0c138d049e
2696160313,"Bycanistes subcylindricus (P.L.Sclater, 1871)",0.291555,34.858154,2019-09-02,2019,9,2.0,HUMAN_OBSERVATION,4fa7b334-ce0d-4e88-aaae-2e0c138d049e
2696810756,"Malimbus rubricollis (Swainson, 1838)",0.24726,34.87463,2019-09-24,2019,9,24.0,HUMAN_OBSERVATION,4fa7b334-ce0d-4e88-aaae-2e0c138d049e
2696968736,"Ploceus nigerrimus Vieillot, 1819",0.22692,34.884655,2019-09-24,2019,9,24.0,HUMAN_OBSERVATION,4fa7b334-ce0d-4e88-aaae-2e0c138d049e
2696999885,"Platysteira cyanea (Statius Muller, 1776)",0.24726,34.87463,2019-09-24,2019,9,24.0,HUMAN_OBSERVATION,4fa7b334-ce0d-4e88-aaae-2e0c138d049e
2697542356,"Colius striatus J.F.Gmelin, 1789",0.291555,34.858154,2019-09-02,2019,9,2.0,HUMAN_OBSERVATION,4fa7b334-ce0d-4e88-aaae-2e0c138d049e
2697610602,"Chlorocichla laetissima (Sharpe, 1899)",0.22692,34.884655,2019-09-24,2019,9,24.0,HUMAN_OBSERVATION,4fa7b334-ce0d-4e88-aaae-2e0c138d049e
2697658003,"Muscicapa adusta (F.Boie, 1828)",0.179171,35.010883,2019-09-06,2019,9,6.0,HUMAN_OBSERVATION,4fa7b334-ce0d-4e88-aaae-2e0c138d049e
2444962106,"Egretta garzetta (Linnaeus, 1766)",-0.145017,34.736648,2019-10-20T14:28,2019,10,20.0,HUMAN_OBSERVATION,50c9509d-22c7-4a22-a47d-8c48425ef4a7
2444962121,Pontederia crassipes Mart.,-0.160967,34.745667,2019-10-20T15:11,2019,10,20.0,HUMAN_OBSERVATION,50c9509d-22c7-4a22-a47d-8c48425ef4a7
2444966072,"Laniarius erythrogaster (Cretzschmar, 1829)",-0.160967,34.745667,2019-10-20T15:14,2019,10,20.0,HUMAN_OBSERVATION,50c9509d-22c7-4a22-a47d-8c48425ef4a7
2444986047,"Bostrychia hagedash (Latham, 1790)",0.226695,34.884417,2019-10-17T17:35,2019,10,17.0,HUMAN_OBSERVATION,50c9509d-22c7-4a22-a47d-8c48425ef4a7
2445102942,Cyperus papyrus L.,-0.151842,34.74014,2019-10-20T14:43,2019,10,20.0,HUMAN_OBSERVATION,50c9509d-22c7-4a22-a47d-8c48425ef4a7
2445126223,"Mycteria ibis (Linnaeus, 1766)",-0.145052,34.736842,2019-10-20T14:31,2019,10,20.0,HUMAN_OBSERVATION,50c9509d-22c7-4a22-a47d-8c48425ef4a7
2445126245,"Ceryle rudis (Linnaeus, 1758)",-0.160967,34.745667,2019-10-20T15:04,2019,10,20.0,HUMAN_OBSERVATION,50c9509d-22c7-4a22-a47d-8c48425ef4a7
2445161369,Markhamia lutea (Benth.) K.Schum.,-0.145052,34.736842,2019-10-20T14:31,2019,10,20.0,HUMAN_OBSERVATION,50c9509d-22c7-4a22-a47d-8c48425ef4a7
2445162314,"Egretta garzetta (Linnaeus, 1766)",-0.145805,34.737733,2019-10-20T14:35,2019,10,20.0,HUMAN_OBSERVATION,50c9509d-22c7-4a22-a47d-8c48425ef4a7
2445164351,"Mycteria ibis (Linnaeus, 1766)",-0.145032,34.736568,2019-10-20T14:26,2019,10,20.0,HUMAN_OBSERVATION,50c9509d-22c7-4a22-a47d-8c48425ef4a7
2447954521,"Platysteira peltata Sundevall, 1850",0.301639,34.862313,2019-10-21T08:30,2019,10,21.0,HUMAN_OBSERVATION,50c9509d-22c7-4a22-a47d-8c48425ef4a7
2447958223,"Pernis apivorus (Linnaeus, 1758)",0.227102,34.890754,2019-10-21T12:46,2019,10,21.0,HUMAN_OBSERVATION,50c9509d-22c7-4a22-a47d-8c48425ef4a7
2447980606,"Cercopithecus mitis stuhlmanni Matschie, 1893",0.227331,34.872509,2019-10-21T10:03,2019,10,21.0,HUMAN_OBSERVATION,50c9509d-22c7-4a22-a47d-8c48425ef4a7
2460077047,Lantana camara L.,-0.104453,34.719038,2019-11-19T10:00:47,2019,11,19.0,HUMAN_OBSERVATION,50c9509d-22c7-4a22-a47d-8c48425ef4a7
2543076385,"Cercopithecus mitis stuhlmanni Matschie, 1893",0.221384,34.887413,2019-11-26T10:01,2019,11,26.0,HUMAN_OBSERVATION,50c9509d-22c7-4a22-a47d-8c48425ef4a7
2609671193,"Motacilla clara Sharpe, 1908",0.2928,34.8687,2019-11-25,2019,11,25.0,HUMAN_OBSERVATION,b1047888-ae52-4179-9dd5-5448ea342a24
2609674681,"Chamaetylas poliocephala (Bonaparte, 1850)",0.221,34.885,2019-11-26,2019,11,26.0,HUMAN_OBSERVATION,b1047888-ae52-4179-9dd5-5448ea342a24
2609675163,"Chlorophoneus bocagei jacksoni (Sharpe, 1901)",0.2237,34.8892,2019-11-26,2019,11,26.0,HUMAN_OBSERVATION,b1047888-ae52-4179-9dd5-5448ea342a24
2609675570,"Platysteira castanea Fraser, 1843",0.2237,34.8892,2019-11-26,2019,11,26.0,HUMAN_OBSERVATION,b1047888-ae52-4179-9dd5-5448ea342a24
2702302287,"Dryoscopus angolensis Hartlaub, 1860",0.238735,34.86586,2019-11-20,2019,11,20.0,HUMAN_OBSERVATION,4fa7b334-ce0d-4e88-aaae-2e0c138d049e
2702537218,"Actophilornis africanus (J.F.Gmelin, 1789)",-0.125407,34.742504,2019-11-22,2019,11,22.0,HUMAN_OBSERVATION,4fa7b334-ce0d-4e88-aaae-2e0c138d049e
2702622566,"Buccanodon duchaillui (Cassin, 1855)",0.22692,34.884655,2019-11-20,2019,11,20.0,HUMAN_OBSERVATION,4fa7b334-ce0d-4e88-aaae-2e0c138d049e
2702650133,"Bostrychia hagedash (Latham, 1790)",0.22692,34.884655,2019-11-12,2019,11,12.0,HUMAN_OBSERVATION,4fa7b334-ce0d-4e88-aaae-2e0c138d049e
2702749140,"Tauraco rossae (Gould, 1852)",0.22692,34.884655,2019-11-20,2019,11,20.0,HUMAN_OBSERVATION,4fa7b334-ce0d-4e88-aaae-2e0c138d049e
2702862510,"Dicrurus sharpei Oustalet, 1879",0.238735,34.86586,2019-11-20,2019,11,20.0,HUMAN_OBSERVATION,4fa7b334-ce0d-4e88-aaae-2e0c138d049e
2702866838,"Nigrita canicapillus (Strickland, 1841)",0.22692,34.884655,2019-11-20,2019,11,20.0,HUMAN_OBSERVATION,4fa7b334-ce0d-4e88-aaae-2e0c138d049e
2704373055,"Microcarbo africanus (Gmelin, 1789)",-0.125407,34.742504,2019-12-02,2019,12,2.0,HUMAN_OBSERVATION,4fa7b334-ce0d-4e88-aaae-2e0c138d049e
2704584987,"Pogonornis bidentatus (Shaw, 1798)",-0.125407,34.742504,2019-12-03,2019,12,3.0,HUMAN_OBSERVATION,4fa7b334-ce0d-4e88-aaae-2e0c138d049e
2704610864,"Cypsiurus parvus (M.H.K.Lichtenstein, 1823)",-0.125407,34.742504,2019-12-03,2019,12,3.0,HUMAN_OBSERVATION,4fa7b334-ce0d-4e88-aaae-2e0c138d049e
2704790654,"Merops oreobates (Sharpe, 1892)",0.238735,34.86586,2019-12-04,2019,12,4.0,HUMAN_OBSERVATION,4fa7b334-ce0d-4e88-aaae-2e0c138d049e
2704790741,"Lamprotornis purpuroptera Rüppell, 1845",-0.125407,34.742504,2019-12-04,2019,12,4.0,HUMAN_OBSERVATION,4fa7b334-ce0d-4e88-aaae-2e0c138d049e
2704860591,"Treron calvus (Temminck, 1811)",0.235731,34.862366,2019-12-05,2019,12,5.0,HUMAN_OBSERVATION,4fa7b334-ce0d-4e88-aaae-2e0c138d049e
2704861052,"Melaniparus funereus J.Verreaux & É.Verreaux, 1855",0.238735,34.86586,2019-12-04,2019,12,4.0,HUMAN_OBSERVATION,4fa7b334-ce0d-4e88-aaae-2e0c138d049e
2704946635,"Chlorophoneus bocagei (Reichenow, 1894)",0.238735,34.86586,2019-12-04,2019,12,4.0,HUMAN_OBSERVATION,4fa7b334-ce0d-4e88-aaae-2e0c138d049e
2705066806,"Sheppardia aequatorialis (Jackson, 1906)",0.238735,34.86586,2019-12-04,2019,12,4.0,HUMAN_OBSERVATION,4fa7b334-ce0d-4e88-aaae-2e0c138d049e
2705614995,"Cypsiurus parvus (M.H.K.Lichtenstein, 1823)",-0.125407,34.742504,2019-12-03,2019,12,3.0,HUMAN_OBSERVATION,4fa7b334-ce0d-4e88-aaae-2e0c138d049e
2706063822,"Zosterops senegalensis Bonaparte, 1850",0.238735,34.86586,2019-12-04,2019,12,4.0,HUMAN_OBSERVATION,4fa7b334-ce0d-4e88-aaae-2e0c138d049e
2706063898,"Chlidonias hybrida (Pallas, 1811)",-0.125407,34.742504,2019-12-04,2019,12,4.0,HUMAN_OBSERVATION,4fa7b334-ce0d-4e88-aaae-2e0c138d049e
2706261692,"Microcarbo africanus (Gmelin, 1789)",-0.125407,34.742504,2019-12-03,2019,12,3.0,HUMAN_OBSERVATION,4fa7b334-ce0d-4e88-aaae-2e0c138d049e
2597685822,"Hemisus guineensis Cope, 1865",-0.127355,34.746889,2020-01-12T17:06:27,2020,1,12.0,HUMAN_OBSERVATION,50c9509d-22c7-4a22-a47d-8c48425ef4a7
3030338678,"Culex Linnaeus, 1758",-0.2,35.3333,2020-01,2020,1,,HUMAN_OBSERVATION,c3969d4c-b9c1-439a-96be-ebf369f17a0c
3030436151,"Culex Linnaeus, 1758",-0.2,35.3333,2020-01,2020,1,,HUMAN_OBSERVATION,c3969d4c-b9c1-439a-96be-ebf369f17a0c
3030444377,"Culex Linnaeus, 1758",-0.2,35.3333,2020-01,2020,1,,HUMAN_OBSERVATION,c3969d4c-b9c1-439a-96be-ebf369f17a0c
3030471158,"Culex Linnaeus, 1758",-0.2,35.3333,2020-01,2020,1,,HUMAN_OBSERVATION,c3969d4c-b9c1-439a-96be-ebf369f17a0c
3030479318,"Culex Linnaeus, 1758",-0.2,35.3333,2020-01,2020,1,,HUMAN_OBSERVATION,c3969d4c-b9c1-439a-96be-ebf369f17a0c
3030717410,"Culex Linnaeus, 1758",-0.2,35.3333,2020-01,2020,1,,HUMAN_OBSERVATION,c3969d4c-b9c1-439a-96be-ebf369f17a0c
3030837070,"Culex Linnaeus, 1758",-0.2,35.3333,2020-01,2020,1,,HUMAN_OBSERVATION,c3969d4c-b9c1-439a-96be-ebf369f17a0c
3124759371,"Junonia sophia (Fabricius, 1793)",0.285498,34.88083,2020-01-11T15:26:47Z,2020,1,11.0,HUMAN_OBSERVATION,50c9509d-22c7-4a22-a47d-8c48425ef4a7
3132286222,"Atimastillas flavigula (Cabanis, 1880)",0.22692,34.884655,2020-01-12,2020,1,12.0,HUMAN_OBSERVATION,4fa7b334-ce0d-4e88-aaae-2e0c138d049e
3132286272,"Stelgidillas gracilirostris (Strickland, 1844)",0.226965,34.8905,2020-01-12,2020,1,12.0,HUMAN_OBSERVATION,4fa7b334-ce0d-4e88-aaae-2e0c138d049e
3132287279,"Gymnobucco bonapartei Hartlaub, 1854",0.22692,34.884655,2020-01-12,2020,1,12.0,HUMAN_OBSERVATION,4fa7b334-ce0d-4e88-aaae-2e0c138d049e
3132290861,"Eurillas latirostris (Strickland, 1844)",0.212681,34.92315,2020-01-11,2020,1,11.0,HUMAN_OBSERVATION,4fa7b334-ce0d-4e88-aaae-2e0c138d049e
2574106995,"Ciconia abdimii Lichtenstein, 1823",-0.127383,34.746147,2020-02-23T15:42:38,2020,2,23.0,HUMAN_OBSERVATION,50c9509d-22c7-4a22-a47d-8c48425ef4a7
2596110825,"Evena Westwood, 1850",0.2513,34.877398,2020-02-29,2020,2,29.0,HUMAN_OBSERVATION,50c9509d-22c7-4a22-a47d-8c48425ef4a7
2596130892,"Cyrestis camillus Fabricius, 1781",0.2513,34.877398,2020-02-29,2020,2,29.0,HUMAN_OBSERVATION,50c9509d-22c7-4a22-a47d-8c48425ef4a7
2596322016,Cymothoe hobarti,0.2513,34.877398,2020-02-29,2020,2,29.0,HUMAN_OBSERVATION,50c9509d-22c7-4a22-a47d-8c48425ef4a7
2596343194,"Papilio phorcas Cramer, 1775",0.2513,34.877398,2020-02-29,2020,2,29.0,HUMAN_OBSERVATION,50c9509d-22c7-4a22-a47d-8c48425ef4a7
2596387248,"Papilio lormieri Distant, 1874",0.2513,34.877398,2020-02-29,2020,2,29.0,HUMAN_OBSERVATION,50c9509d-22c7-4a22-a47d-8c48425ef4a7
2609162896,"Vanessula milea latifasciata Joicey & Talbot, 1928",0.2513,34.877398,2020-02-29,2020,2,29.0,HUMAN_OBSERVATION,50c9509d-22c7-4a22-a47d-8c48425ef4a7
2634014518,"Hypolimnas monteironis major Rothschild, 1918",0.2513,34.877398,2020-02-29,2020,2,29.0,HUMAN_OBSERVATION,50c9509d-22c7-4a22-a47d-8c48425ef4a7
2634362537,"Junonia gregorii Butler, 1895",0.2513,34.877398,2020-02-29,2020,2,29.0,HUMAN_OBSERVATION,50c9509d-22c7-4a22-a47d-8c48425ef4a7
2650076766,Psidium guajava L.,-0.140732,34.740452,2020-02-15T09:20:49.944Z,2020,2,15.0,HUMAN_OBSERVATION,14d5676a-2c54-4f94-9023-1e8dcd822aa0
2802589545,"Bebearia sophus audeoudi Riley, 1936",0.2513,34.877398,2020-02-29,2020,2,29.0,HUMAN_OBSERVATION,50c9509d-22c7-4a22-a47d-8c48425ef4a7
2826175419,"Euphaedra rex Stoneham, 1935",0.2513,34.877398,2020-02-29,2020,2,29.0,HUMAN_OBSERVATION,50c9509d-22c7-4a22-a47d-8c48425ef4a7
2848553779,"Platysteira castanea Fraser, 1843",0.2269,34.8884,2020-02-29,2020,2,29.0,HUMAN_OBSERVATION,b1047888-ae52-4179-9dd5-5448ea342a24
2596177091,"Phalanta eurytis (Doubleday, 1847)",0.303626,34.875673,2020-03-01,2020,3,1.0,HUMAN_OBSERVATION,50c9509d-22c7-4a22-a47d-8c48425ef4a7
2626125466,"Bematistes Hemming, 1935",-0.518515,35.048507,2020-03-09,2020,3,9.0,HUMAN_OBSERVATION,50c9509d-22c7-4a22-a47d-8c48425ef4a7
2626392740,Telchinia Hübner,0.303626,34.875673,2020-03-01,2020,3,1.0,HUMAN_OBSERVATION,50c9509d-22c7-4a22-a47d-8c48425ef4a7
2848553788,"Chalcomitra rubescens rubescens (Vieillot, 1819)",0.2269,34.8884,2020-03-01,2020,3,1.0,HUMAN_OBSERVATION,b1047888-ae52-4179-9dd5-5448ea342a24
2848554767,"Sheppardia aequatorialis aequatorialis (Jackson, 1906)",0.2269,34.8884,2020-03-01,2020,3,1.0,HUMAN_OBSERVATION,b1047888-ae52-4179-9dd5-5448ea342a24
2848557795,"Illadopsis pyrrhoptera pyrrhoptera (Reichenow & Neumann, 1895)",0.2269,34.8884,2020-03-01,2020,3,1.0,HUMAN_OBSERVATION,b1047888-ae52-4179-9dd5-5448ea342a24
2848558844,"Oriolus percivali Ogilvie-Grant, 1903",-0.351,35.319,2020-03-10,2020,3,10.0,HUMAN_OBSERVATION,b1047888-ae52-4179-9dd5-5448ea342a24
2848580846,"Gymnobucco bonapartei cinereiceps Sharpe, 1891",-0.351,35.319,2020-03-10,2020,3,10.0,HUMAN_OBSERVATION,b1047888-ae52-4179-9dd5-5448ea342a24
2848584834,"Onychognathus walleri elgonensis (Sharpe, 1891)",-0.351,35.319,2020-03-10,2020,3,10.0,HUMAN_OBSERVATION,b1047888-ae52-4179-9dd5-5448ea342a24
2848585860,"Indicator conirostris (Cassin, 1856)",-0.351,35.319,2020-03-10,2020,3,10.0,HUMAN_OBSERVATION,b1047888-ae52-4179-9dd5-5448ea342a24
2848587807,"Illadopsis pyrrhoptera pyrrhoptera (Reichenow & Neumann, 1895)",0.2269,34.8884,2020-03-01,2020,3,1.0,HUMAN_OBSERVATION,b1047888-ae52-4179-9dd5-5448ea342a24
2848589764,"Phoeniculus bollei jacksoni (Sharpe, 1890)",0.2269,34.8884,2020-03-01,2020,3,1.0,HUMAN_OBSERVATION,b1047888-ae52-4179-9dd5-5448ea342a24
2848589814,"Dryoscopus gambensis malzacii (Heuglin, 1870)",-0.351,35.319,2020-03-10,2020,3,10.0,HUMAN_OBSERVATION,b1047888-ae52-4179-9dd5-5448ea342a24
2838640274,"Lobobunaea phaedusa Drury, 1782",0.35185,34.579507,2020-04-26,2020,4,26.0,HUMAN_OBSERVATION,8a863029-f435-446a-821e-275f4f641165
3030334546,"Culex Linnaeus, 1758",-0.2,35.3333,2020-04,2020,4,,HUMAN_OBSERVATION,c3969d4c-b9c1-439a-96be-ebf369f17a0c
3030335451,"Anopheles Meigen, 1818",-0.2,35.3333,2020-04,2020,4,,HUMAN_OBSERVATION,c3969d4c-b9c1-439a-96be-ebf369f17a0c
3030437091,"Culex Linnaeus, 1758",-0.2,35.3333,2020-04,2020,4,,HUMAN_OBSERVATION,c3969d4c-b9c1-439a-96be-ebf369f17a0c
3030472092,"Culex Linnaeus, 1758",-0.2,35.3333,2020-04,2020,4,,HUMAN_OBSERVATION,c3969d4c-b9c1-439a-96be-ebf369f17a0c
3030473138,"Culex Linnaeus, 1758",-0.2,35.3333,2020-04,2020,4,,HUMAN_OBSERVATION,c3969d4c-b9c1-439a-96be-ebf369f17a0c
3030710679,"Culex Linnaeus, 1758",-0.2,35.3333,2020-04,2020,4,,HUMAN_OBSERVATION,c3969d4c-b9c1-439a-96be-ebf369f17a0c
3030714441,"Culex Linnaeus, 1758",-0.2,35.3333,2020-04,2020,4,,HUMAN_OBSERVATION,c3969d4c-b9c1-439a-96be-ebf369f17a0c
3030714742,"Culex Linnaeus, 1758",-0.2,35.3333,2020-04,2020,4,,HUMAN_OBSERVATION,c3969d4c-b9c1-439a-96be-ebf369f17a0c
3030717720,"Culex Linnaeus, 1758",-0.2,35.3333,2020-04,2020,4,,HUMAN_OBSERVATION,c3969d4c-b9c1-439a-96be-ebf369f17a0c
3030777644,"Culex Linnaeus, 1758",-0.2,35.3333,2020-04,2020,4,,HUMAN_OBSERVATION,c3969d4c-b9c1-439a-96be-ebf369f17a0c
3030778723,"Culex Linnaeus, 1758",-0.2,35.3333,2020-04,2020,4,,HUMAN_OBSERVATION,c3969d4c-b9c1-439a-96be-ebf369f17a0c
3030837119,"Culex Linnaeus, 1758",-0.2,35.3333,2020-04,2020,4,,HUMAN_OBSERVATION,c3969d4c-b9c1-439a-96be-ebf369f17a0c
2619993060,"Lethocerus cordofanus Mayr, 1853",-0.111744,34.745472,2020-05-01T21:09:45,2020,5,1.0,HUMAN_OBSERVATION,50c9509d-22c7-4a22-a47d-8c48425ef4a7
3030317378,"Culex Linnaeus, 1758",-0.2,35.3333,2020-05,2020,5,,HUMAN_OBSERVATION,c3969d4c-b9c1-439a-96be-ebf369f17a0c
3030435096,"Anopheles Meigen, 1818",-0.2,35.3333,2020-05,2020,5,,HUMAN_OBSERVATION,c3969d4c-b9c1-439a-96be-ebf369f17a0c
3030437014,"Culex Linnaeus, 1758",-0.2,35.3333,2020-05,2020,5,,HUMAN_OBSERVATION,c3969d4c-b9c1-439a-96be-ebf369f17a0c
3030470150,"Culex Linnaeus, 1758",-0.2,35.3333,2020-05,2020,5,,HUMAN_OBSERVATION,c3969d4c-b9c1-439a-96be-ebf369f17a0c
3030717436,"Culex Linnaeus, 1758",-0.2,35.3333,2020-05,2020,5,,HUMAN_OBSERVATION,c3969d4c-b9c1-439a-96be-ebf369f17a0c
3030775409,"Culex Linnaeus, 1758",-0.2,35.3333,2020-05,2020,5,,HUMAN_OBSERVATION,c3969d4c-b9c1-439a-96be-ebf369f17a0c
3030775566,"Culex Linnaeus, 1758",-0.2,35.3333,2020-05,2020,5,,HUMAN_OBSERVATION,c3969d4c-b9c1-439a-96be-ebf369f17a0c
3030837219,"Culex Linnaeus, 1758",-0.2,35.3333,2020-05,2020,5,,HUMAN_OBSERVATION,c3969d4c-b9c1-439a-96be-ebf369f17a0c
3149991153,"Phyllastrephus cabanisi (Sharpe, 1882)",0.24726,34.87463,2020-05-09,2020,5,9.0,HUMAN_OBSERVATION,4fa7b334-ce0d-4e88-aaae-2e0c138d049e
3150679118,"Chlorophoneus bocagei (Reichenow, 1894)",0.24726,34.87463,2020-05-09,2020,5,9.0,HUMAN_OBSERVATION,4fa7b334-ce0d-4e88-aaae-2e0c138d049e
3150765320,"Bostrychia hagedash (Latham, 1790)",0.069962,35.04306,2020-05-09,2020,5,9.0,HUMAN_OBSERVATION,4fa7b334-ce0d-4e88-aaae-2e0c138d049e
3150926423,"Eurillas ansorgei (Hartert, 1907)",0.24726,34.87463,2020-05-09,2020,5,9.0,HUMAN_OBSERVATION,4fa7b334-ce0d-4e88-aaae-2e0c138d049e
2803047715,Manihot esculenta Crantz,-0.1,34.77,2020-06-21T14:33:34Z,2020,6,21.0,HUMAN_OBSERVATION,50c9509d-22c7-4a22-a47d-8c48425ef4a7
2974564098,Rotheca myricoides (Hochst.) Steane & Mabb.,0.272638,35.393587,2020-06-12T12:49:39.807Z,2020,6,12.0,HUMAN_OBSERVATION,7a3679ef-5582-4aaa-81f0-8c2545cafc81
2975450156,Ricinus communis L.,0.333082,34.481417,2020-06-02T14:00:31.385Z,2020,6,2.0,HUMAN_OBSERVATION,14d5676a-2c54-4f94-9023-1e8dcd822aa0
2975667153,Ricinus communis L.,0.332772,34.4813,2020-06-02T14:02:15.149Z,2020,6,2.0,HUMAN_OBSERVATION,14d5676a-2c54-4f94-9023-1e8dcd822aa0
2977321152,Pentas lanceolata (Forssk.) Deflers,-0.36709,35.246529,2020-06-17T15:40:41.761Z,2020,6,17.0,HUMAN_OBSERVATION,14d5676a-2c54-4f94-9023-1e8dcd822aa0
3030315562,"Culex Linnaeus, 1758",-0.2,35.3333,2020-06,2020,6,,HUMAN_OBSERVATION,c3969d4c-b9c1-439a-96be-ebf369f17a0c
3030315655,"Culex Linnaeus, 1758",-0.2,35.3333,2020-06,2020,6,,HUMAN_OBSERVATION,c3969d4c-b9c1-439a-96be-ebf369f17a0c
3030334745,"Culex Linnaeus, 1758",-0.2,35.3333,2020-06,2020,6,,HUMAN_OBSERVATION,c3969d4c-b9c1-439a-96be-ebf369f17a0c
3030336444,"Anopheles Meigen, 1818",-0.2,35.3333,2020-06,2020,6,,HUMAN_OBSERVATION,c3969d4c-b9c1-439a-96be-ebf369f17a0c
3030338803,"Culex Linnaeus, 1758",-0.2,35.3333,2020-06,2020,6,,HUMAN_OBSERVATION,c3969d4c-b9c1-439a-96be-ebf369f17a0c
3030437147,"Culex Linnaeus, 1758",-0.2,35.3333,2020-06,2020,6,,HUMAN_OBSERVATION,c3969d4c-b9c1-439a-96be-ebf369f17a0c
3030445359,"Culex Linnaeus, 1758",-0.2,35.3333,2020-06,2020,6,,HUMAN_OBSERVATION,c3969d4c-b9c1-439a-96be-ebf369f17a0c
3030447354,"Anopheles Meigen, 1818",-0.2,35.3333,2020-06,2020,6,,HUMAN_OBSERVATION,c3969d4c-b9c1-439a-96be-ebf369f17a0c
3030309496,"Culex Linnaeus, 1758",-0.2,35.3333,2020-07,2020,7,,HUMAN_OBSERVATION,c3969d4c-b9c1-439a-96be-ebf369f17a0c
3030310423,"Culex Linnaeus, 1758",-0.2,35.3333,2020-07,2020,7,,HUMAN_OBSERVATION,c3969d4c-b9c1-439a-96be-ebf369f17a0c
3030310769,"Culex Linnaeus, 1758",-0.2,35.3333,2020-07,2020,7,,HUMAN_OBSERVATION,c3969d4c-b9c1-439a-96be-ebf369f17a0c
3030338766,"Anopheles Meigen, 1818",-0.2,35.3333,2020-07,2020,7,,HUMAN_OBSERVATION,c3969d4c-b9c1-439a-96be-ebf369f17a0c
3030436236,"Culex Linnaeus, 1758",-0.2,35.3333,2020-07,2020,7,,HUMAN_OBSERVATION,c3969d4c-b9c1-439a-96be-ebf369f17a0c
3030479397,"Culex Linnaeus, 1758",-0.2,35.3333,2020-07,2020,7,,HUMAN_OBSERVATION,c3969d4c-b9c1-439a-96be-ebf369f17a0c
3030480309,"Culex Linnaeus, 1758",-0.2,35.3333,2020-07,2020,7,,HUMAN_OBSERVATION,c3969d4c-b9c1-439a-96be-ebf369f17a0c
3030836183,"Culex Linnaeus, 1758",-0.2,35.3333,2020-07,2020,7,,HUMAN_OBSERVATION,c3969d4c-b9c1-439a-96be-ebf369f17a0c
3030845323,"Culex Linnaeus, 1758",-0.2,35.3333,2020-07,2020,7,,HUMAN_OBSERVATION,c3969d4c-b9c1-439a-96be-ebf369f17a0c
3030910114,"Culex Linnaeus, 1758",-0.2,35.3333,2020-07,2020,7,,HUMAN_OBSERVATION,c3969d4c-b9c1-439a-96be-ebf369f17a0c
3174770317,"Psalidoprocne albiceps P.L.Sclater, 1864",0.323878,34.817707,2020-07-19,2020,7,19.0,HUMAN_OBSERVATION,4fa7b334-ce0d-4e88-aaae-2e0c138d049e
3176948430,"Bycanistes subcylindricus (P.L.Sclater, 1871)",0.323878,34.817707,2020-07-19,2020,7,19.0,HUMAN_OBSERVATION,4fa7b334-ce0d-4e88-aaae-2e0c138d049e
3180441298,"Atimastillas flavigula (Cabanis, 1880)",0.323878,34.817707,2020-07-19,2020,7,19.0,HUMAN_OBSERVATION,4fa7b334-ce0d-4e88-aaae-2e0c138d049e
2882960531,"Pogonornis bidentatus (Shaw, 1798)",-0.042156,34.779603,2020-08-13,2020,8,13.0,HUMAN_OBSERVATION,50c9509d-22c7-4a22-a47d-8c48425ef4a7
2977385248,Nicandra physalodes (L.) Gaertn.,0.153566,35.193998,2020-08-13T11:20:45.346Z,2020,8,13.0,HUMAN_OBSERVATION,14d5676a-2c54-4f94-9023-1e8dcd822aa0
3030309569,"Culex Linnaeus, 1758",-0.2,35.3333,2020-08,2020,8,,HUMAN_OBSERVATION,c3969d4c-b9c1-439a-96be-ebf369f17a0c
3030317825,"Culex Linnaeus, 1758",-0.2,35.3333,2020-08,2020,8,,HUMAN_OBSERVATION,c3969d4c-b9c1-439a-96be-ebf369f17a0c
3030334605,"Culex Linnaeus, 1758",-0.2,35.3333,2020-08,2020,8,,HUMAN_OBSERVATION,c3969d4c-b9c1-439a-96be-ebf369f17a0c
3030337435,"Culex Linnaeus, 1758",-0.2,35.3333,2020-08,2020,8,,HUMAN_OBSERVATION,c3969d4c-b9c1-439a-96be-ebf369f17a0c
3030338650,"Culex Linnaeus, 1758",-0.2,35.3333,2020-08,2020,8,,HUMAN_OBSERVATION,c3969d4c-b9c1-439a-96be-ebf369f17a0c
3030446365,"Culex Linnaeus, 1758",-0.2,35.3333,2020-08,2020,8,,HUMAN_OBSERVATION,c3969d4c-b9c1-439a-96be-ebf369f17a0c
3030713655,"Anopheles Meigen, 1818",-0.2,35.3333,2020-08,2020,8,,HUMAN_OBSERVATION,c3969d4c-b9c1-439a-96be-ebf369f17a0c
3030714504,"Anopheles Meigen, 1818",-0.2,35.3333,2020-08,2020,8,,HUMAN_OBSERVATION,c3969d4c-b9c1-439a-96be-ebf369f17a0c
3030837196,"Culex Linnaeus, 1758",-0.2,35.3333,2020-08,2020,8,,HUMAN_OBSERVATION,c3969d4c-b9c1-439a-96be-ebf369f17a0c
3030838035,"Culex Linnaeus, 1758",-0.2,35.3333,2020-08,2020,8,,HUMAN_OBSERVATION,c3969d4c-b9c1-439a-96be-ebf369f17a0c
3030842257,"Culex Linnaeus, 1758",-0.2,35.3333,2020-08,2020,8,,HUMAN_OBSERVATION,c3969d4c-b9c1-439a-96be-ebf369f17a0c
2873880904,"Bunaea alcinoe Stoll, 1780",-0.61218,34.608202,2020-09-17T12:40:16,2020,9,17.0,HUMAN_OBSERVATION,50c9509d-22c7-4a22-a47d-8c48425ef4a7
2873957740,"Plocepasser mahali A.Smith, 1836",-0.042156,34.779603,2020-09-27T17:10,2020,9,27.0,HUMAN_OBSERVATION,50c9509d-22c7-4a22-a47d-8c48425ef4a7
2874018359,"Bunaea alcinoe Stoll, 1780",-0.042156,34.779603,2020-09-28T07:01:36,2020,9,28.0,HUMAN_OBSERVATION,50c9509d-22c7-4a22-a47d-8c48425ef4a7
2883140589,Thunbergia erecta (Benth.) T.Anderson,-0.011488,34.801694,2020-09-28T10:55:06,2020,9,28.0,HUMAN_OBSERVATION,50c9509d-22c7-4a22-a47d-8c48425ef4a7
3030309691,"Culex Linnaeus, 1758",-0.2,35.3333,2020-09,2020,9,,HUMAN_OBSERVATION,c3969d4c-b9c1-439a-96be-ebf369f17a0c
3030309812,"Culex Linnaeus, 1758",-0.2,35.3333,2020-09,2020,9,,HUMAN_OBSERVATION,c3969d4c-b9c1-439a-96be-ebf369f17a0c
3030314707,"Culex Linnaeus, 1758",-0.2,35.3333,2020-09,2020,9,,HUMAN_OBSERVATION,c3969d4c-b9c1-439a-96be-ebf369f17a0c
3030315394,"Culex Linnaeus, 1758",-0.2,35.3333,2020-09,2020,9,,HUMAN_OBSERVATION,c3969d4c-b9c1-439a-96be-ebf369f17a0c
3030337721,"Culex Linnaeus, 1758",-0.2,35.3333,2020-09,2020,9,,HUMAN_OBSERVATION,c3969d4c-b9c1-439a-96be-ebf369f17a0c
3030436154,"Culex Linnaeus, 1758",-0.2,35.3333,2020-09,2020,9,,HUMAN_OBSERVATION,c3969d4c-b9c1-439a-96be-ebf369f17a0c
3030437139,"Culex Linnaeus, 1758",-0.2,35.3333,2020-09,2020,9,,HUMAN_OBSERVATION,c3969d4c-b9c1-439a-96be-ebf369f17a0c
3030710716,"Anopheles Meigen, 1818",-0.2,35.3333,2020-09,2020,9,,HUMAN_OBSERVATION,c3969d4c-b9c1-439a-96be-ebf369f17a0c
3030775356,"Culex Linnaeus, 1758",-0.2,35.3333,2020-09,2020,9,,HUMAN_OBSERVATION,c3969d4c-b9c1-439a-96be-ebf369f17a0c
2882925903,"Papilio mackinnoni Sharpe, 1891",-0.421283,35.315995,2020-10-05T12:13:21,2020,10,5.0,HUMAN_OBSERVATION,50c9509d-22c7-4a22-a47d-8c48425ef4a7
2882955668,"Junonia Hübner, 1819",-0.420978,35.315742,2020-10-05T12:02:35,2020,10,5.0,HUMAN_OBSERVATION,50c9509d-22c7-4a22-a47d-8c48425ef4a7
2883083767,"Junonia sophia (Fabricius, 1793)",0.227122,34.884322,2020-10-07T08:11:57,2020,10,7.0,HUMAN_OBSERVATION,50c9509d-22c7-4a22-a47d-8c48425ef4a7
2883103293,"Papilio jacksoni Sharpe, 1891",-0.419537,35.313438,2020-10-05T11:45:40,2020,10,5.0,HUMAN_OBSERVATION,50c9509d-22c7-4a22-a47d-8c48425ef4a7
2883147890,"Papilio lormieri Distant, 1874",0.21683,34.882562,2020-10-07T14:38:32,2020,10,7.0,HUMAN_OBSERVATION,50c9509d-22c7-4a22-a47d-8c48425ef4a7
2898312729,"Phalanta eurytis eurytis (Doubleday, 1847)",0.2124,34.923705,2020-10-07T10:12:21,2020,10,7.0,HUMAN_OBSERVATION,50c9509d-22c7-4a22-a47d-8c48425ef4a7
2898384740,"Cyrestis camillus Fabricius, 1781",0.210697,34.930213,2020-10-08T10:18:01,2020,10,8.0,HUMAN_OBSERVATION,50c9509d-22c7-4a22-a47d-8c48425ef4a7
2898479598,"Dispholidus typus (Smith, 1828)",0.21012,34.931195,2020-10-08T11:54:29,2020,10,8.0,HUMAN_OBSERVATION,50c9509d-22c7-4a22-a47d-8c48425ef4a7
2898514753,"Papio anubis (Lesson, 1827)",0.2261,34.896003,2020-10-09T09:03:29,2020,10,9.0,HUMAN_OBSERVATION,50c9509d-22c7-4a22-a47d-8c48425ef4a7
2901531986,"Cyrestis camillus Fabricius, 1781",0.212032,34.924015,2020-10-18T12:06,2020,10,18.0,HUMAN_OBSERVATION,50c9509d-22c7-4a22-a47d-8c48425ef4a7
2963798101,"Corythaeola cristata (Vieillot, 1816)",0.21303,34.92218,2020-10-28T13:15:32,2020,10,28.0,HUMAN_OBSERVATION,50c9509d-22c7-4a22-a47d-8c48425ef4a7
2963856002,"Colius striatus J.F.Gmelin, 1789",-0.61218,34.608202,2020-10-27T12:44:56,2020,10,27.0,HUMAN_OBSERVATION,50c9509d-22c7-4a22-a47d-8c48425ef4a7
2980777576,Euphorbia prostrata Aiton,-0.090975,34.773561,2020-10-26T14:34:38,2020,10,26.0,HUMAN_OBSERVATION,50c9509d-22c7-4a22-a47d-8c48425ef4a7
2988294803,Pontederia crassipes Mart.,-0.322316,34.723011,2020-11-01T17:43:34,2020,11,1.0,HUMAN_OBSERVATION,50c9509d-22c7-4a22-a47d-8c48425ef4a7
2988380807,Eleusine indica (L.) Gaertn.,-0.092087,34.773607,2020-11-01T12:40:18,2020,11,1.0,HUMAN_OBSERVATION,50c9509d-22c7-4a22-a47d-8c48425ef4a7
2992867645,Ricinus communis L.,-0.04406,34.743758,2020-11-27T10:16:38,2020,11,27.0,HUMAN_OBSERVATION,50c9509d-22c7-4a22-a47d-8c48425ef4a7
3014066569,Hibiscus rosa-sinensis L.,-0.61218,34.608202,2020-11-04T15:04:09,2020,11,4.0,HUMAN_OBSERVATION,50c9509d-22c7-4a22-a47d-8c48425ef4a7
3030310727,"Anopheles Meigen, 1818",-0.2,35.3333,2020-11,2020,11,,HUMAN_OBSERVATION,c3969d4c-b9c1-439a-96be-ebf369f17a0c
3030314778,"Culex Linnaeus, 1758",-0.2,35.3333,2020-11,2020,11,,HUMAN_OBSERVATION,c3969d4c-b9c1-439a-96be-ebf369f17a0c
3030317594,"Anopheles Meigen, 1818",-0.2,35.3333,2020-11,2020,11,,HUMAN_OBSERVATION,c3969d4c-b9c1-439a-96be-ebf369f17a0c
3030337464,"Culex Linnaeus, 1758",-0.2,35.3333,2020-11,2020,11,,HUMAN_OBSERVATION,c3969d4c-b9c1-439a-96be-ebf369f17a0c
3030435085,"Culex Linnaeus, 1758",-0.2,35.3333,2020-11,2020,11,,HUMAN_OBSERVATION,c3969d4c-b9c1-439a-96be-ebf369f17a0c
3030437292,"Culex Linnaeus, 1758",-0.2,35.3333,2020-11,2020,11,,HUMAN_OBSERVATION,c3969d4c-b9c1-439a-96be-ebf369f17a0c
3030472251,"Culex Linnaeus, 1758",-0.2,35.3333,2020-11,2020,11,,HUMAN_OBSERVATION,c3969d4c-b9c1-439a-96be-ebf369f17a0c
3030713679,"Culex Linnaeus, 1758",-0.2,35.3333,2020-11,2020,11,,HUMAN_OBSERVATION,c3969d4c-b9c1-439a-96be-ebf369f17a0c
3030718621,"Culex Linnaeus, 1758",-0.2,35.3333,2020-11,2020,11,,HUMAN_OBSERVATION,c3969d4c-b9c1-439a-96be-ebf369f17a0c
3008404116,"Colius striatus J.F.Gmelin, 1789",-0.116057,34.753825,2020-12-24T07:41:36,2020,12,24.0,HUMAN_OBSERVATION,50c9509d-22c7-4a22-a47d-8c48425ef4a7
3030335406,"Culex Linnaeus, 1758",-0.2,35.3333,2020-12,2020,12,,HUMAN_OBSERVATION,c3969d4c-b9c1-439a-96be-ebf369f17a0c
3030335604,"Culex Linnaeus, 1758",-0.2,35.3333,2020-12,2020,12,,HUMAN_OBSERVATION,c3969d4c-b9c1-439a-96be-ebf369f17a0c
3030337586,"Culex Linnaeus, 1758",-0.2,35.3333,2020-12,2020,12,,HUMAN_OBSERVATION,c3969d4c-b9c1-439a-96be-ebf369f17a0c
3030714769,"Culex Linnaeus, 1758",-0.2,35.3333,2020-12,2020,12,,HUMAN_OBSERVATION,c3969d4c-b9c1-439a-96be-ebf369f17a0c
3030774736,"Culex Linnaeus, 1758",-0.2,35.3333,2020-12,2020,12,,HUMAN_OBSERVATION,c3969d4c-b9c1-439a-96be-ebf369f17a0c
3030915161,"Anopheles Meigen, 1818",-0.2,35.3333,2020-12,2020,12,,HUMAN_OBSERVATION,c3969d4c-b9c1-439a-96be-ebf369f17a0c
3030923337,"Culex Linnaeus, 1758",-0.2,35.3333,2020-12,2020,12,,HUMAN_OBSERVATION,c3969d4c-b9c1-439a-96be-ebf369f17a0c
3039145751,Cosmos sulphureus Cav.,-0.089055,34.772871,2020-12-12T11:10:24,2020,12,12.0,HUMAN_OBSERVATION,50c9509d-22c7-4a22-a47d-8c48425ef4a7
3196411853,"Cisticola chubbi Sharpe, 1892",0.22692,34.884655,2020-12-27,2020,12,27.0,HUMAN_OBSERVATION,4fa7b334-ce0d-4e88-aaae-2e0c138d049e
3196745779,"Eurillas ansorgei (Hartert, 1907)",0.216951,34.8992,2020-12-25,2020,12,25.0,HUMAN_OBSERVATION,4fa7b334-ce0d-4e88-aaae-2e0c138d049e
3196745787,"Apalis rufogularis (Fraser, 1843)",0.216951,34.8992,2020-12-25,2020,12,25.0,HUMAN_OBSERVATION,4fa7b334-ce0d-4e88-aaae-2e0c138d049e
3196745792,"Muscicapa adusta (F.Boie, 1828)",0.238735,34.86586,2020-12-26,2020,12,26.0,HUMAN_OBSERVATION,4fa7b334-ce0d-4e88-aaae-2e0c138d049e
3306686556,"Bostrychia hagedash (Latham, 1790)",-0.124583,34.707917,2021-01-01,2021,1,1.0,HUMAN_OBSERVATION,1cd0cb6d-d8ab-4e4c-9672-70d22fec96b3
3306686557,"Actophilornis africanus (J.F.Gmelin, 1789)",-0.124583,34.707917,2021-01-01,2021,1,1.0,HUMAN_OBSERVATION,1cd0cb6d-d8ab-4e4c-9672-70d22fec96b3
3306686558,"Bubulcus ibis (Linnaeus, 1758)",-0.124583,34.707917,2021-01-01,2021,1,1.0,HUMAN_OBSERVATION,1cd0cb6d-d8ab-4e4c-9672-70d22fec96b3
3306687526,"Psalidoprocne albiceps P.L.Sclater, 1864",-0.04125,34.874583,2021-01-04,2021,1,4.0,HUMAN_OBSERVATION,1cd0cb6d-d8ab-4e4c-9672-70d22fec96b3
3306687632,"Hirundo smithii Leach & K.D.Koenig, 1818",-0.04125,34.79125,2021-01-01,2021,1,1.0,HUMAN_OBSERVATION,1cd0cb6d-d8ab-4e4c-9672-70d22fec96b3
3306687633,"Accipiter badius (Gmelin, 1788)",-0.04125,34.79125,2021-01-01,2021,1,1.0,HUMAN_OBSERVATION,1cd0cb6d-d8ab-4e4c-9672-70d22fec96b3
3306687662,"Motacilla aguimp Temminck, 1820",-0.124583,34.707917,2021-01-01,2021,1,1.0,HUMAN_OBSERVATION,1cd0cb6d-d8ab-4e4c-9672-70d22fec96b3
3306687663,"Anastomus lamelligerus Temminck, 1823",-0.124583,34.707917,2021-01-01,2021,1,1.0,HUMAN_OBSERVATION,1cd0cb6d-d8ab-4e4c-9672-70d22fec96b3
3306687664,"Lamprotornis purpuroptera Rüppell, 1845",-0.124583,34.707917,2021-01-01,2021,1,1.0,HUMAN_OBSERVATION,1cd0cb6d-d8ab-4e4c-9672-70d22fec96b3
3306691526,"Merops apiaster Linnaeus, 1758",-0.04125,34.79125,2021-01-01,2021,1,1.0,HUMAN_OBSERVATION,1cd0cb6d-d8ab-4e4c-9672-70d22fec96b3
3306694708,"Milvus migrans (Boddaert, 1783)",-0.04125,34.79125,2021-01-01,2021,1,1.0,HUMAN_OBSERVATION,1cd0cb6d-d8ab-4e4c-9672-70d22fec96b3
3306694709,"Euplectes axillaris (A.Smith, 1838)",-0.04125,34.79125,2021-01-01,2021,1,1.0,HUMAN_OBSERVATION,1cd0cb6d-d8ab-4e4c-9672-70d22fec96b3
3306694710,"Merops pusillus P.L.S.Müller, 1776",-0.04125,34.79125,2021-01-01,2021,1,1.0,HUMAN_OBSERVATION,1cd0cb6d-d8ab-4e4c-9672-70d22fec96b3
3044658129,"Toxicodryas vexator Greenbaum, Allen, Vaughan, Pauwels, Wallach, Kusamba, Muninga, Aris-Tote, Mali, Badjedjea, Penner, Rödel, Rivera, Sterkhova, Johnson, Tapondjou & Brown, 2021",0.230939,34.873772,2021-02-07T10:04:32Z,2021,2,7.0,HUMAN_OBSERVATION,50c9509d-22c7-4a22-a47d-8c48425ef4a7
3044692757,"Atheris squamigera Hallowell, 1854",0.227086,34.880486,2021-02-06T07:29:02Z,2021,2,6.0,HUMAN_OBSERVATION,50c9509d-22c7-4a22-a47d-8c48425ef4a7
3044753864,Ipomoea purpurea (L.) Roth,0.227806,34.884841,2021-02-10T07:20:39,2021,2,10.0,HUMAN_OBSERVATION,50c9509d-22c7-4a22-a47d-8c48425ef4a7
3044888593,"Hyperolius cinnamomeoventris Bocage, 1866",0.225668,34.890301,2021-02-05T22:04:39Z,2021,2,5.0,HUMAN_OBSERVATION,50c9509d-22c7-4a22-a47d-8c48425ef4a7
3044949150,"Bitis gabonica Duméril, Bibron & Duméril, 1854",0.231908,34.873609,2021-02-05T08:09:54Z,2021,2,5.0,HUMAN_OBSERVATION,50c9509d-22c7-4a22-a47d-8c48425ef4a7
3058722773,"Trachylepis megalura (Peters, 1878)",0.245912,34.867264,2021-02-07T08:28:54Z,2021,2,7.0,HUMAN_OBSERVATION,50c9509d-22c7-4a22-a47d-8c48425ef4a7
3058736733,"Xenopus victorianus Ahl, 1924",0.228728,34.886573,2021-02-05T21:55:28Z,2021,2,5.0,HUMAN_OBSERVATION,50c9509d-22c7-4a22-a47d-8c48425ef4a7
3058935872,"Amietia nutti (Boulenger, 1896)",0.209106,34.889462,2021-02-06T18:16:42Z,2021,2,6.0,HUMAN_OBSERVATION,50c9509d-22c7-4a22-a47d-8c48425ef4a7
3058956732,"Hyperolius viridiflavus (Duméril & Bibron, 1841)",0.2279,34.880948,2021-02-05T22:14:08Z,2021,2,5.0,HUMAN_OBSERVATION,50c9509d-22c7-4a22-a47d-8c48425ef4a7
3306686823,"Cisticola chubbi Sharpe, 1892",0.042083,35.04125,2021-02-17,2021,2,17.0,HUMAN_OBSERVATION,1cd0cb6d-d8ab-4e4c-9672-70d22fec96b3
3306687940,"Poeoptera stuhlmanni (Reichenow, 1893)",0.042083,35.04125,2021-02-17,2021,2,17.0,HUMAN_OBSERVATION,1cd0cb6d-d8ab-4e4c-9672-70d22fec96b3
3306695008,"Crithagra burtoni (G.R.Gray, 1862)",0.042083,35.04125,2021-02-17,2021,2,17.0,HUMAN_OBSERVATION,1cd0cb6d-d8ab-4e4c-9672-70d22fec96b3
3306695901,"Ploceus melanogaster Shelley, 1887",0.042083,35.04125,2021-02-17,2021,2,17.0,HUMAN_OBSERVATION,1cd0cb6d-d8ab-4e4c-9672-70d22fec96b3
3090624057,"Merops pusillus P.L.S.Müller, 1776",-0.044534,34.791013,2021-03-02T08:49:05,2021,3,2.0,HUMAN_OBSERVATION,50c9509d-22c7-4a22-a47d-8c48425ef4a7
3306686924,"Camaroptera brevicaudata (Cretzschmar, 1830)",0.20875,34.874583,2021-03-01,2021,3,1.0,HUMAN_OBSERVATION,1cd0cb6d-d8ab-4e4c-9672-70d22fec96b3
3306686925,"Neocossyphus poensis (Strickland, 1844)",0.20875,34.874583,2021-03-01,2021,3,1.0,HUMAN_OBSERVATION,1cd0cb6d-d8ab-4e4c-9672-70d22fec96b3
3306686926,"Cecropis abyssinica (Guerin-Meneville, 1843)",0.20875,34.874583,2021-03-01,2021,3,1.0,HUMAN_OBSERVATION,1cd0cb6d-d8ab-4e4c-9672-70d22fec96b3
3306686927,"Cypsiurus parvus (M.H.K.Lichtenstein, 1823)",0.20875,34.874583,2021-03-01,2021,3,1.0,HUMAN_OBSERVATION,1cd0cb6d-d8ab-4e4c-9672-70d22fec96b3
3306686928,"Cecropis abyssinica (Guerin-Meneville, 1843)",0.20875,34.957917,2021-03-03,2021,3,3.0,HUMAN_OBSERVATION,1cd0cb6d-d8ab-4e4c-9672-70d22fec96b3
3306687012,"Gymnobucco bonapartei Hartlaub, 1854",0.20875,34.874583,2021-03-13,2021,3,13.0,HUMAN_OBSERVATION,1cd0cb6d-d8ab-4e4c-9672-70d22fec96b3
3306687013,"Trachylaemus purpuratus (J.Verreaux & E.Verreaux, 1851)",0.20875,34.874583,2021-03-13,2021,3,13.0,HUMAN_OBSERVATION,1cd0cb6d-d8ab-4e4c-9672-70d22fec96b3
3306687014,"Ploceus bicolor Vieillot, 1819",0.20875,34.874583,2021-03-13,2021,3,13.0,HUMAN_OBSERVATION,1cd0cb6d-d8ab-4e4c-9672-70d22fec96b3
3306687015,"Poeoptera stuhlmanni (Reichenow, 1893)",0.20875,34.874583,2021-03-13,2021,3,13.0,HUMAN_OBSERVATION,1cd0cb6d-d8ab-4e4c-9672-70d22fec96b3
3306687073,"Gymnobucco bonapartei Hartlaub, 1854",0.292083,35.04125,2021-03-25,2021,3,25.0,HUMAN_OBSERVATION,1cd0cb6d-d8ab-4e4c-9672-70d22fec96b3
3306687074,"Apaloderma vittatum Shelley, 1882",0.292083,35.04125,2021-03-19,2021,3,19.0,HUMAN_OBSERVATION,1cd0cb6d-d8ab-4e4c-9672-70d22fec96b3
3306688057,"Cyanomitra verticalis (Latham, 1790)",0.20875,34.874583,2021-03-01,2021,3,1.0,HUMAN_OBSERVATION,1cd0cb6d-d8ab-4e4c-9672-70d22fec96b3
3097289149,"Merops muelleri (Cassin, 1857)",0.30951,34.866018,2021-04-05T12:38,2021,4,5.0,HUMAN_OBSERVATION,50c9509d-22c7-4a22-a47d-8c48425ef4a7
3124795414,"Junonia Hübner, 1819",0.306763,34.868593,2021-04-06T03:35,2021,4,6.0,HUMAN_OBSERVATION,50c9509d-22c7-4a22-a47d-8c48425ef4a7
3301841491,"Pseudanaphaeis Bernardi, 1953",-0.045037,34.789641,2021-04-01T08:41:45Z,2021,4,1.0,HUMAN_OBSERVATION,50c9509d-22c7-4a22-a47d-8c48425ef4a7
3306692293,"Neocossyphus poensis (Strickland, 1844)",0.20875,34.874583,2021-04-10,2021,4,10.0,HUMAN_OBSERVATION,1cd0cb6d-d8ab-4e4c-9672-70d22fec96b3
3306692294,"Colius striatus J.F.Gmelin, 1789",0.20875,34.874583,2021-04-10,2021,4,10.0,HUMAN_OBSERVATION,1cd0cb6d-d8ab-4e4c-9672-70d22fec96b3
3306692295,"Bathmocercus rufus Reichenow, 1895",0.20875,34.874583,2021-04-10,2021,4,10.0,HUMAN_OBSERVATION,1cd0cb6d-d8ab-4e4c-9672-70d22fec96b3
3306692296,"Treron calvus (Temminck, 1811)",0.20875,34.874583,2021-04-10,2021,4,10.0,HUMAN_OBSERVATION,1cd0cb6d-d8ab-4e4c-9672-70d22fec96b3
3306692297,"Oriolus brachyrynchus Swainson, 1837",0.20875,34.874583,2021-04-10,2021,4,10.0,HUMAN_OBSERVATION,1cd0cb6d-d8ab-4e4c-9672-70d22fec96b3
3306692298,"Bleda syndactylus (Swainson, 1837)",0.20875,34.874583,2021-04-10,2021,4,10.0,HUMAN_OBSERVATION,1cd0cb6d-d8ab-4e4c-9672-70d22fec96b3
3306696312,"Nectarinia kilimensis Shelley, 1885",0.20875,34.874583,2021-04-10,2021,4,10.0,HUMAN_OBSERVATION,1cd0cb6d-d8ab-4e4c-9672-70d22fec96b3
3306696313,"Chloropsis palawanensis (Sharpe, 1877)",0.20875,34.874583,2021-04-10,2021,4,10.0,HUMAN_OBSERVATION,1cd0cb6d-d8ab-4e4c-9672-70d22fec96b3
3306696315,"Elminia longicauda (Swainson, 1838)",0.20875,34.874583,2021-04-10,2021,4,10.0,HUMAN_OBSERVATION,1cd0cb6d-d8ab-4e4c-9672-70d22fec96b3
3306696324,"Dendrocygna viduata (Linnaeus, 1766)",-0.124583,34.707917,2021-04-14,2021,4,14.0,HUMAN_OBSERVATION,1cd0cb6d-d8ab-4e4c-9672-70d22fec96b3
3118402749,"Nephilingis cruentata (Fabricius, 1775)",-0.063886,34.763998,2021-05-15T12:34:58,2021,5,15.0,HUMAN_OBSERVATION,50c9509d-22c7-4a22-a47d-8c48425ef4a7
3383941686,Bauhinia monandra Kurz,-0.237265,35.01069,2021-05-09T08:28:23,2021,5,9.0,HUMAN_OBSERVATION,50c9509d-22c7-4a22-a47d-8c48425ef4a7
3512659489,"Chlorocichla laetissima (Sharpe, 1899)",0.22692,34.884655,2021-05-01,2021,5,1.0,HUMAN_OBSERVATION,4fa7b334-ce0d-4e88-aaae-2e0c138d049e
3512802210,"Cuculus solitarius Stephens, 1815",-0.403343,34.644653,2021-05-03,2021,5,3.0,HUMAN_OBSERVATION,4fa7b334-ce0d-4e88-aaae-2e0c138d049e
3513368748,"Eurillas latirostris (Strickland, 1844)",0.212681,34.92315,2021-05-01,2021,5,1.0,HUMAN_OBSERVATION,4fa7b334-ce0d-4e88-aaae-2e0c138d049e
3513674872,"Cinnyricinclus leucogaster (Boddaert, 1783)",0.212681,34.92315,2021-05-02,2021,5,2.0,HUMAN_OBSERVATION,4fa7b334-ce0d-4e88-aaae-2e0c138d049e
3513837201,"Granatina ianthinogaster (Reichenow, 1879)",-0.403084,34.64433,2021-05-08,2021,5,8.0,HUMAN_OBSERVATION,4fa7b334-ce0d-4e88-aaae-2e0c138d049e
3513911260,"Sylvietta whytii Shelley, 1894",-0.403343,34.644653,2021-05-03,2021,5,3.0,HUMAN_OBSERVATION,4fa7b334-ce0d-4e88-aaae-2e0c138d049e
3514017242,"Laniarius funebris (Hartlaub, 1863)",-0.403084,34.64433,2021-05-01,2021,5,1.0,HUMAN_OBSERVATION,4fa7b334-ce0d-4e88-aaae-2e0c138d049e
3514199903,"Bleda syndactylus (Swainson, 1837)",0.238735,34.86586,2021-05-02,2021,5,2.0,HUMAN_OBSERVATION,4fa7b334-ce0d-4e88-aaae-2e0c138d049e
3514305678,"Estrilda astrild (Linnaeus, 1758)",0.212681,34.92315,2021-05-02,2021,5,2.0,HUMAN_OBSERVATION,4fa7b334-ce0d-4e88-aaae-2e0c138d049e
3514305681,"Motacilla aguimp Temminck, 1820",0.212681,34.92315,2021-05-02,2021,5,2.0,HUMAN_OBSERVATION,4fa7b334-ce0d-4e88-aaae-2e0c138d049e
3514309736,"Motacilla clara Sharpe, 1908",0.212681,34.92315,2021-05-01,2021,5,1.0,HUMAN_OBSERVATION,4fa7b334-ce0d-4e88-aaae-2e0c138d049e
3326296433,"Lamprotornis purpuroptera Rüppell, 1845",0.20875,34.457917,2021-06-27,2021,6,27.0,HUMAN_OBSERVATION,1cd0cb6d-d8ab-4e4c-9672-70d22fec96b3
3326296444,"Apalis flavida (Strickland, 1853)",0.20875,34.457917,2021-06-27,2021,6,27.0,HUMAN_OBSERVATION,1cd0cb6d-d8ab-4e4c-9672-70d22fec96b3
3326296445,"Lamprotornis purpuroptera Rüppell, 1845",0.20875,34.457917,2021-06-27,2021,6,27.0,HUMAN_OBSERVATION,1cd0cb6d-d8ab-4e4c-9672-70d22fec96b3
3326296446,"Ploceus cucullatus (Statius Muller, 1776)",0.20875,34.457917,2021-06-27,2021,6,27.0,HUMAN_OBSERVATION,1cd0cb6d-d8ab-4e4c-9672-70d22fec96b3
3326297433,"Vidua macroura (Pallas, 1764)",0.20875,34.457917,2021-06-27,2021,6,27.0,HUMAN_OBSERVATION,1cd0cb6d-d8ab-4e4c-9672-70d22fec96b3
3326298431,"Chalcomitra senegalensis (Linnaeus, 1766)",0.125417,34.457917,2021-06-27,2021,6,27.0,HUMAN_OBSERVATION,1cd0cb6d-d8ab-4e4c-9672-70d22fec96b3
3326298434,"Colius striatus J.F.Gmelin, 1789",0.20875,34.457917,2021-06-27,2021,6,27.0,HUMAN_OBSERVATION,1cd0cb6d-d8ab-4e4c-9672-70d22fec96b3
3326298442,"Chalcomitra senegalensis (Linnaeus, 1766)",0.125417,34.457917,2021-06-27,2021,6,27.0,HUMAN_OBSERVATION,1cd0cb6d-d8ab-4e4c-9672-70d22fec96b3
3326299432,"Buphagus erythrorhynchus (Stanley, 1814)",0.125417,34.457917,2021-06-27,2021,6,27.0,HUMAN_OBSERVATION,1cd0cb6d-d8ab-4e4c-9672-70d22fec96b3
3326299433,Aves,0.20875,34.457917,2021-06-27,2021,6,27.0,HUMAN_OBSERVATION,1cd0cb6d-d8ab-4e4c-9672-70d22fec96b3
3326299434,"Buphagus erythrorhynchus (Stanley, 1814)",0.20875,34.457917,2021-06-27,2021,6,27.0,HUMAN_OBSERVATION,1cd0cb6d-d8ab-4e4c-9672-70d22fec96b3
3326300429,"Bostrychia hagedash (Latham, 1790)",0.20875,34.457917,2021-06-27,2021,6,27.0,HUMAN_OBSERVATION,1cd0cb6d-d8ab-4e4c-9672-70d22fec96b3
3326300430,"Uraeginthus bengalus (Linnaeus, 1766)",0.20875,34.457917,2021-06-27,2021,6,27.0,HUMAN_OBSERVATION,1cd0cb6d-d8ab-4e4c-9672-70d22fec96b3
3326296574,"Spermestes cucullata Swainson, 1837",0.20875,34.957917,2021-07-11,2021,7,11.0,HUMAN_OBSERVATION,1cd0cb6d-d8ab-4e4c-9672-70d22fec96b3
3326296575,"Terpsiphone viridis (Statius Muller, 1776)",0.292083,34.79125,2021-07-08,2021,7,8.0,HUMAN_OBSERVATION,1cd0cb6d-d8ab-4e4c-9672-70d22fec96b3
3326296576,"Ceyx pictus (Boddaert, 1783)",0.292083,34.79125,2021-07-08,2021,7,8.0,HUMAN_OBSERVATION,1cd0cb6d-d8ab-4e4c-9672-70d22fec96b3
3326296577,"Pycnonotus tricolor (Hartlaub, 1862)",0.292083,34.957917,2021-07-11,2021,7,11.0,HUMAN_OBSERVATION,1cd0cb6d-d8ab-4e4c-9672-70d22fec96b3
3326297563,"Prinia subflava (Gmelin, 1789)",0.20875,34.957917,2021-07-11,2021,7,11.0,HUMAN_OBSERVATION,1cd0cb6d-d8ab-4e4c-9672-70d22fec96b3
3326297565,"Chalcomitra senegalensis (Linnaeus, 1766)",0.292083,34.79125,2021-07-08,2021,7,8.0,HUMAN_OBSERVATION,1cd0cb6d-d8ab-4e4c-9672-70d22fec96b3
3326297566,"Cossypha heuglini Hartlaub, 1866",0.292083,34.79125,2021-07-08,2021,7,8.0,HUMAN_OBSERVATION,1cd0cb6d-d8ab-4e4c-9672-70d22fec96b3
3326297567,"Ploceus bicolor Vieillot, 1819",0.292083,34.957917,2021-07-11,2021,7,11.0,HUMAN_OBSERVATION,1cd0cb6d-d8ab-4e4c-9672-70d22fec96b3
3326298575,"Lybius bidentatus (Shaw, 1799)",0.20875,34.957917,2021-07-11,2021,7,11.0,HUMAN_OBSERVATION,1cd0cb6d-d8ab-4e4c-9672-70d22fec96b3
3326298577,"Hirundo smithii Leach & K.D.Koenig, 1818",0.292083,34.79125,2021-07-08,2021,7,8.0,HUMAN_OBSERVATION,1cd0cb6d-d8ab-4e4c-9672-70d22fec96b3
3326299576,"Ploceus cucullatus (Statius Muller, 1776)",0.292083,34.79125,2021-07-08,2021,7,8.0,HUMAN_OBSERVATION,1cd0cb6d-d8ab-4e4c-9672-70d22fec96b3
3326299577,"Psalidoprocne Cabanis, 1850",0.292083,34.957917,2021-07-11,2021,7,11.0,HUMAN_OBSERVATION,1cd0cb6d-d8ab-4e4c-9672-70d22fec96b3
3326300577,"Chlorocichla laetissima (Sharpe, 1899)",0.20875,34.957917,2021-07-11,2021,7,11.0,HUMAN_OBSERVATION,1cd0cb6d-d8ab-4e4c-9672-70d22fec96b3
3336680759,"Ploceus ocularis A.Smith, 1828",-0.457917,34.457917,2021-08-17,2021,8,17.0,HUMAN_OBSERVATION,1cd0cb6d-d8ab-4e4c-9672-70d22fec96b3
3336680763,"Ploceus cucullatus (Statius Muller, 1776)",-0.54125,34.54125,2021-08-17,2021,8,17.0,HUMAN_OBSERVATION,1cd0cb6d-d8ab-4e4c-9672-70d22fec96b3
3336680764,"Vidua macroura (Pallas, 1764)",-0.54125,34.54125,2021-08-17,2021,8,17.0,HUMAN_OBSERVATION,1cd0cb6d-d8ab-4e4c-9672-70d22fec96b3
3336680767,"Merops albicollis Vieillot, 1817",-0.457917,34.54125,2021-08-17,2021,8,17.0,HUMAN_OBSERVATION,1cd0cb6d-d8ab-4e4c-9672-70d22fec96b3
3336680768,"Turdus pelios Bonaparte, 1850",-0.457917,34.54125,2021-08-17,2021,8,17.0,HUMAN_OBSERVATION,1cd0cb6d-d8ab-4e4c-9672-70d22fec96b3
3336680776,"Lamprotornis superbus Rüppell, 1845",-0.624583,34.54125,2021-08-18,2021,8,18.0,HUMAN_OBSERVATION,1cd0cb6d-d8ab-4e4c-9672-70d22fec96b3
3336680778,"Ploceus ocularis A.Smith, 1828",-0.624583,34.457917,2021-08-19,2021,8,19.0,HUMAN_OBSERVATION,1cd0cb6d-d8ab-4e4c-9672-70d22fec96b3
3336680784,"Vidua chalybeata (Statius Muller, 1776)",-0.457917,34.624583,2021-08-20,2021,8,20.0,HUMAN_OBSERVATION,1cd0cb6d-d8ab-4e4c-9672-70d22fec96b3
3336680785,"Passer griseus (Vieillot, 1817)",-0.54125,34.624583,2021-08-20,2021,8,20.0,HUMAN_OBSERVATION,1cd0cb6d-d8ab-4e4c-9672-70d22fec96b3
3336680786,"Uraeginthus ianthinogaster Reichenow, 1879",-0.54125,34.624583,2021-08-20,2021,8,20.0,HUMAN_OBSERVATION,1cd0cb6d-d8ab-4e4c-9672-70d22fec96b3
3336681759,"Tricholaema lacrymosa Cabanis, 1878",-0.457917,34.457917,2021-08-17,2021,8,17.0,HUMAN_OBSERVATION,1cd0cb6d-d8ab-4e4c-9672-70d22fec96b3
3336681764,"Sylvietta whytii Shelley, 1894",-0.54125,34.54125,2021-08-17,2021,8,17.0,HUMAN_OBSERVATION,1cd0cb6d-d8ab-4e4c-9672-70d22fec96b3
3336681765,Aves,-0.54125,34.54125,2021-08-17,2021,8,17.0,HUMAN_OBSERVATION,1cd0cb6d-d8ab-4e4c-9672-70d22fec96b3
3356269656,"Bycanistes subcylindricus (P.L.Sclater, 1871)",0.20875,34.874583,2021-09-11,2021,9,11.0,HUMAN_OBSERVATION,1cd0cb6d-d8ab-4e4c-9672-70d22fec96b3
3356269657,"Cossypha heuglini Hartlaub, 1866",0.20875,34.874583,2021-09-11,2021,9,11.0,HUMAN_OBSERVATION,1cd0cb6d-d8ab-4e4c-9672-70d22fec96b3
3356269658,"Eurillas gracilis (Cabanis, 1880)",0.20875,34.874583,2021-09-11,2021,9,11.0,HUMAN_OBSERVATION,1cd0cb6d-d8ab-4e4c-9672-70d22fec96b3
3356269664,"Centropus superciliosus Hemprich & Ehrenberg, 1829",-0.54125,34.457917,2021-09-14,2021,9,14.0,HUMAN_OBSERVATION,1cd0cb6d-d8ab-4e4c-9672-70d22fec96b3
3356269665,"Buphagus erythrorhynchus (Stanley, 1814)",-0.54125,34.457917,2021-09-14,2021,9,14.0,HUMAN_OBSERVATION,1cd0cb6d-d8ab-4e4c-9672-70d22fec96b3
3356269666,"Chalcomitra senegalensis (Linnaeus, 1766)",-0.54125,34.457917,2021-09-14,2021,9,14.0,HUMAN_OBSERVATION,1cd0cb6d-d8ab-4e4c-9672-70d22fec96b3
3356270640,"Chlorocichla laetissima (Sharpe, 1899)",0.20875,34.874583,2021-09-11,2021,9,11.0,HUMAN_OBSERVATION,1cd0cb6d-d8ab-4e4c-9672-70d22fec96b3
3356270641,"Sarothrura pulchra (J.E.Gray, 1829)",0.20875,34.874583,2021-09-11,2021,9,11.0,HUMAN_OBSERVATION,1cd0cb6d-d8ab-4e4c-9672-70d22fec96b3
3356271656,"Pycnonotus tricolor (Hartlaub, 1862)",0.20875,34.874583,2021-09-11,2021,9,11.0,HUMAN_OBSERVATION,1cd0cb6d-d8ab-4e4c-9672-70d22fec96b3
3356271657,"Bathmocercus rufus Reichenow, 1895",0.20875,34.874583,2021-09-11,2021,9,11.0,HUMAN_OBSERVATION,1cd0cb6d-d8ab-4e4c-9672-70d22fec96b3
3356271664,"Melaenornis edolioides (Swainson, 1837)",-0.54125,34.457917,2021-09-14,2021,9,14.0,HUMAN_OBSERVATION,1cd0cb6d-d8ab-4e4c-9672-70d22fec96b3
3356271665,"Hirundo rustica Linnaeus, 1758",-0.54125,34.457917,2021-09-14,2021,9,14.0,HUMAN_OBSERVATION,1cd0cb6d-d8ab-4e4c-9672-70d22fec96b3
3356272632,"Indicator minor Stephens, 1815",0.20875,34.874583,2021-09-11,2021,9,11.0,HUMAN_OBSERVATION,1cd0cb6d-d8ab-4e4c-9672-70d22fec96b3
3454076125,"Motacilla aguimp Temminck, 1820",0.125417,35.124583,2021-10-09,2021,10,9.0,HUMAN_OBSERVATION,1cd0cb6d-d8ab-4e4c-9672-70d22fec96b3
3454076126,"Cisticola cantans (Heuglin, 1869)",0.125417,35.124583,2021-10-09,2021,10,9.0,HUMAN_OBSERVATION,1cd0cb6d-d8ab-4e4c-9672-70d22fec96b3
3454076127,"Microcarbo africanus (Gmelin, 1789)",0.125417,35.124583,2021-10-09,2021,10,9.0,HUMAN_OBSERVATION,1cd0cb6d-d8ab-4e4c-9672-70d22fec96b3
3454076128,"Prinia subflava (Gmelin, 1789)",0.125417,35.124583,2021-10-09,2021,10,9.0,HUMAN_OBSERVATION,1cd0cb6d-d8ab-4e4c-9672-70d22fec96b3
3454076201,"Ploceus baglafecht (Daudin, 1802)",0.042083,35.04125,2021-10-10,2021,10,10.0,HUMAN_OBSERVATION,1cd0cb6d-d8ab-4e4c-9672-70d22fec96b3
3454077119,"Ploceus baglafecht (Daudin, 1802)",0.125417,35.124583,2021-10-09,2021,10,9.0,HUMAN_OBSERVATION,1cd0cb6d-d8ab-4e4c-9672-70d22fec96b3
3454077120,"Ploceus xanthops (Hartlaub, 1862)",0.125417,35.124583,2021-10-09,2021,10,9.0,HUMAN_OBSERVATION,1cd0cb6d-d8ab-4e4c-9672-70d22fec96b3
3454077121,"Motacilla cinerea Tunstall, 1771",0.125417,35.124583,2021-10-09,2021,10,9.0,HUMAN_OBSERVATION,1cd0cb6d-d8ab-4e4c-9672-70d22fec96b3
3454077199,"Buteo augur (Ruppell, 1836)",0.042083,35.04125,2021-10-10,2021,10,10.0,HUMAN_OBSERVATION,1cd0cb6d-d8ab-4e4c-9672-70d22fec96b3
3454077200,"Crithagra citrinelloides (Rüppell, 1840)",0.042083,35.04125,2021-10-10,2021,10,10.0,HUMAN_OBSERVATION,1cd0cb6d-d8ab-4e4c-9672-70d22fec96b3
3454078128,"Turtur tympanistria (Temminck, 1809)",0.125417,35.124583,2021-10-09,2021,10,9.0,HUMAN_OBSERVATION,1cd0cb6d-d8ab-4e4c-9672-70d22fec96b3
3454078129,"Ardea cinerea Linnaeus, 1758",0.125417,35.124583,2021-10-09,2021,10,9.0,HUMAN_OBSERVATION,1cd0cb6d-d8ab-4e4c-9672-70d22fec96b3
3454078130,"Chalcomitra senegalensis (Linnaeus, 1766)",0.125417,35.124583,2021-10-09,2021,10,9.0,HUMAN_OBSERVATION,1cd0cb6d-d8ab-4e4c-9672-70d22fec96b3
3415543315,"Papilio mackinnoni Sharpe, 1891",-0.352985,35.327387,2021-11-15T14:33,2021,11,15.0,HUMAN_OBSERVATION,50c9509d-22c7-4a22-a47d-8c48425ef4a7
3415649156,"Vanessula milea latifasciata Joicey & Talbot, 1928",-0.352985,35.327387,2021-11-15T12:20,2021,11,15.0,HUMAN_OBSERVATION,50c9509d-22c7-4a22-a47d-8c48425ef4a7
3415697372,"Junonia Hübner, 1819",-0.352985,35.327387,2021-11-16T12:29,2021,11,16.0,HUMAN_OBSERVATION,50c9509d-22c7-4a22-a47d-8c48425ef4a7
3416064018,Telchinia Hübner,-0.352985,35.327387,2021-11-15T12:34,2021,11,15.0,HUMAN_OBSERVATION,50c9509d-22c7-4a22-a47d-8c48425ef4a7
3454085527,"Megabyas flammulatus J.Verreaux & E.Verreaux, 1855",0.20875,34.874583,2021-11-10,2021,11,10.0,HUMAN_OBSERVATION,1cd0cb6d-d8ab-4e4c-9672-70d22fec96b3
3454085528,"Aquila spilogaster (Bonaparte, 1850)",0.20875,34.874583,2021-11-10,2021,11,10.0,HUMAN_OBSERVATION,1cd0cb6d-d8ab-4e4c-9672-70d22fec96b3
3454085529,"Bathmocercus rufus Reichenow, 1895",0.20875,34.874583,2021-11-10,2021,11,10.0,HUMAN_OBSERVATION,1cd0cb6d-d8ab-4e4c-9672-70d22fec96b3
3454085530,"Oreolais pulcher (Sharpe, 1891)",0.20875,34.957917,2021-11-11,2021,11,11.0,HUMAN_OBSERVATION,1cd0cb6d-d8ab-4e4c-9672-70d22fec96b3
3454085531,"Halcyon leucocephala (P.L.S.Müller, 1776)",-0.124583,34.707917,2021-11-05,2021,11,5.0,HUMAN_OBSERVATION,1cd0cb6d-d8ab-4e4c-9672-70d22fec96b3
3454085532,"Cinnyris erythrocercus (Hartlaub, 1857)",-0.124583,34.707917,2021-11-05,2021,11,5.0,HUMAN_OBSERVATION,1cd0cb6d-d8ab-4e4c-9672-70d22fec96b3
3454085533,"Lybius bidentatus (Shaw, 1799)",-0.124583,34.707917,2021-11-05,2021,11,5.0,HUMAN_OBSERVATION,1cd0cb6d-d8ab-4e4c-9672-70d22fec96b3
3454085534,"Laniarius mufumbiri Ogilvie-Grant, 1911",-0.124583,34.707917,2021-11-05,2021,11,5.0,HUMAN_OBSERVATION,1cd0cb6d-d8ab-4e4c-9672-70d22fec96b3
3454085594,"Camaroptera brevicaudata (Cretzschmar, 1830)",-0.54125,34.457917,2021-11-20,2021,11,20.0,HUMAN_OBSERVATION,1cd0cb6d-d8ab-4e4c-9672-70d22fec96b3
3454085809,"Motacilla aguimp Temminck, 1820",-0.54125,34.457917,2021-12-11,2021,12,11.0,HUMAN_OBSERVATION,1cd0cb6d-d8ab-4e4c-9672-70d22fec96b3
3454085810,"Egretta garzetta (Linnaeus, 1766)",-0.54125,34.457917,2021-12-11,2021,12,11.0,HUMAN_OBSERVATION,1cd0cb6d-d8ab-4e4c-9672-70d22fec96b3
3454085811,"Halcyon leucocephala (P.L.S.Müller, 1776)",-0.54125,34.457917,2021-12-11,2021,12,11.0,HUMAN_OBSERVATION,1cd0cb6d-d8ab-4e4c-9672-70d22fec96b3
3454086030,"Phyllastrephus cabanisi (Sharpe, 1882)",0.20875,34.957917,2021-12-10,2021,12,10.0,HUMAN_OBSERVATION,1cd0cb6d-d8ab-4e4c-9672-70d22fec96b3
3454086031,"Ploceus nigricollis (Vieillot, 1805)",0.20875,34.874583,2021-12-09,2021,12,9.0,HUMAN_OBSERVATION,1cd0cb6d-d8ab-4e4c-9672-70d22fec96b3
3454086032,"Merops muelleri (Cassin, 1857)",0.20875,34.874583,2021-12-09,2021,12,9.0,HUMAN_OBSERVATION,1cd0cb6d-d8ab-4e4c-9672-70d22fec96b3
3454086033,"Cecropis abyssinica (Guerin-Meneville, 1843)",0.20875,34.874583,2021-12-09,2021,12,9.0,HUMAN_OBSERVATION,1cd0cb6d-d8ab-4e4c-9672-70d22fec96b3
3454086034,"Platysteira cyanea (Statius Muller, 1776)",0.20875,34.957917,2021-12-25,2021,12,25.0,HUMAN_OBSERVATION,1cd0cb6d-d8ab-4e4c-9672-70d22fec96b3
3454086039,"Cypsiurus parvus (M.H.K.Lichtenstein, 1823)",-0.124583,34.707917,2021-12-11,2021,12,11.0,HUMAN_OBSERVATION,1cd0cb6d-d8ab-4e4c-9672-70d22fec96b3
3454086049,"Platysteira cyanea (Statius Muller, 1776)",0.20875,34.874583,2021-12-23,2021,12,23.0,HUMAN_OBSERVATION,1cd0cb6d-d8ab-4e4c-9672-70d22fec96b3
3454086050,"Oriolus brachyrynchus Swainson, 1837",0.20875,34.874583,2021-12-23,2021,12,23.0,HUMAN_OBSERVATION,1cd0cb6d-d8ab-4e4c-9672-70d22fec96b3
3454086051,"Parus funereus (J.Verreaux & E.Verreaux, 1855)",0.20875,34.874583,2021-12-23,2021,12,23.0,HUMAN_OBSERVATION,1cd0cb6d-d8ab-4e4c-9672-70d22fec96b3
3454086052,"Malimbus rubricollis (Swainson, 1838)",0.20875,34.874583,2021-12-23,2021,12,23.0,HUMAN_OBSERVATION,1cd0cb6d-d8ab-4e4c-9672-70d22fec96b3
3454086016,"Chalcomitra senegalensis (Linnaeus, 1766)",-0.54125,34.457917,2022-01-08,2022,1,8.0,HUMAN_OBSERVATION,1cd0cb6d-d8ab-4e4c-9672-70d22fec96b3
3454087017,"Ceryle rudis (Linnaeus, 1758)",-0.54125,34.457917,2022-01-08,2022,1,8.0,HUMAN_OBSERVATION,1cd0cb6d-d8ab-4e4c-9672-70d22fec96b3
3454088007,"Colius striatus J.F.Gmelin, 1789",-0.54125,34.457917,2022-01-08,2022,1,8.0,HUMAN_OBSERVATION,1cd0cb6d-d8ab-4e4c-9672-70d22fec96b3
3454088008,"Turdus pelios Bonaparte, 1850",-0.54125,34.457917,2022-01-08,2022,1,8.0,HUMAN_OBSERVATION,1cd0cb6d-d8ab-4e4c-9672-70d22fec96b3
3454088009,"Motacilla flava Linnaeus, 1758",-0.54125,34.457917,2022-01-08,2022,1,8.0,HUMAN_OBSERVATION,1cd0cb6d-d8ab-4e4c-9672-70d22fec96b3
3454089036,"Ploceus cucullatus (Statius Muller, 1776)",-0.54125,34.457917,2022-01-08,2022,1,8.0,HUMAN_OBSERVATION,1cd0cb6d-d8ab-4e4c-9672-70d22fec96b3
3454089037,"Balearica regulorum (E.T.Bennett, 1834)",-0.54125,34.457917,2022-01-08,2022,1,8.0,HUMAN_OBSERVATION,1cd0cb6d-d8ab-4e4c-9672-70d22fec96b3
3454090005,"Bostrychia hagedash (Latham, 1790)",-0.54125,34.457917,2022-01-08,2022,1,8.0,HUMAN_OBSERVATION,1cd0cb6d-d8ab-4e4c-9672-70d22fec96b3
3454090006,"Uraeginthus ianthinogaster Reichenow, 1879",-0.54125,34.457917,2022-01-08,2022,1,8.0,HUMAN_OBSERVATION,1cd0cb6d-d8ab-4e4c-9672-70d22fec96b3
3454090007,Aves,-0.54125,34.457917,2022-01-08,2022,1,8.0,HUMAN_OBSERVATION,1cd0cb6d-d8ab-4e4c-9672-70d22fec96b3
3454090008,"Poicephalus meyeri (Cretzschmar, 1827)",-0.54125,34.457917,2022-01-08,2022,1,8.0,HUMAN_OBSERVATION,1cd0cb6d-d8ab-4e4c-9672-70d22fec96b3
3454091004,"Actophilornis africanus (J.F.Gmelin, 1789)",-0.54125,34.457917,2022-01-08,2022,1,8.0,HUMAN_OBSERVATION,1cd0cb6d-d8ab-4e4c-9672-70d22fec96b3
3454091005,"Laniarius erythrogaster (Cretzschmar, 1829)",-0.54125,34.457917,2022-01-08,2022,1,8.0,HUMAN_OBSERVATION,1cd0cb6d-d8ab-4e4c-9672-70d22fec96b3
3498781773,"Camaroptera brevicaudata (Cretzschmar, 1830)",-0.374583,34.457917,2022-02-10,2022,2,10.0,HUMAN_OBSERVATION,1cd0cb6d-d8ab-4e4c-9672-70d22fec96b3
3498781774,"Vanellus spinosus (Linnaeus, 1758)",-0.374583,34.457917,2022-02-10,2022,2,10.0,HUMAN_OBSERVATION,1cd0cb6d-d8ab-4e4c-9672-70d22fec96b3
3498781843,"Colius striatus J.F.Gmelin, 1789",-0.54125,34.54125,2022-02-12,2022,2,12.0,HUMAN_OBSERVATION,1cd0cb6d-d8ab-4e4c-9672-70d22fec96b3
3498781929,"Milvus migrans (Boddaert, 1783)",-0.54125,34.457917,2022-02-19,2022,2,19.0,HUMAN_OBSERVATION,1cd0cb6d-d8ab-4e4c-9672-70d22fec96b3
3498781930,"Columba guinea Linnaeus, 1758",-0.54125,34.457917,2022-02-19,2022,2,19.0,HUMAN_OBSERVATION,1cd0cb6d-d8ab-4e4c-9672-70d22fec96b3
3498781958,"Mycteria ibis (Linnaeus, 1766)",-0.29125,34.79125,2022-02-24,2022,2,24.0,HUMAN_OBSERVATION,1cd0cb6d-d8ab-4e4c-9672-70d22fec96b3
3498782694,"Colius striatus J.F.Gmelin, 1789",-0.624583,34.54125,2022-02-01,2022,2,1.0,HUMAN_OBSERVATION,1cd0cb6d-d8ab-4e4c-9672-70d22fec96b3
3498782785,"Colius striatus J.F.Gmelin, 1789",-0.374583,34.457917,2022-02-10,2022,2,10.0,HUMAN_OBSERVATION,1cd0cb6d-d8ab-4e4c-9672-70d22fec96b3
3498782786,"Cinnyris mariquensis A.Smith, 1836",-0.374583,34.457917,2022-02-10,2022,2,10.0,HUMAN_OBSERVATION,1cd0cb6d-d8ab-4e4c-9672-70d22fec96b3
3498782857,"Lybius bidentatus (Shaw, 1799)",-0.54125,34.54125,2022-02-12,2022,2,12.0,HUMAN_OBSERVATION,1cd0cb6d-d8ab-4e4c-9672-70d22fec96b3
3498782979,"Ploceus cucullatus (Statius Muller, 1776)",-0.29125,34.79125,2022-02-24,2022,2,24.0,HUMAN_OBSERVATION,1cd0cb6d-d8ab-4e4c-9672-70d22fec96b3
3498783693,"Ploceus baglafecht (Daudin, 1802)",-0.624583,34.54125,2022-02-01,2022,2,1.0,HUMAN_OBSERVATION,1cd0cb6d-d8ab-4e4c-9672-70d22fec96b3
3498783768,"Cossypha heuglini Hartlaub, 1866",-0.374583,34.457917,2022-02-10,2022,2,10.0,HUMAN_OBSERVATION,1cd0cb6d-d8ab-4e4c-9672-70d22fec96b3
3735146522,"Ploceus insignis (Sharpe, 1891)",0.20875,34.874583,2022-03-08,2022,3,8.0,HUMAN_OBSERVATION,1cd0cb6d-d8ab-4e4c-9672-70d22fec96b3
3735146526,"Psalidoprocne albiceps P.L.Sclater, 1864",0.292083,34.79125,2022-03-07,2022,3,7.0,HUMAN_OBSERVATION,1cd0cb6d-d8ab-4e4c-9672-70d22fec96b3
3735147567,"Ploceus bicolor Vieillot, 1819",0.20875,34.874583,2022-03-08,2022,3,8.0,HUMAN_OBSERVATION,1cd0cb6d-d8ab-4e4c-9672-70d22fec96b3
3735147568,"Stephanoaetus coronatus (Linnaeus, 1766)",0.20875,34.874583,2022-03-08,2022,3,8.0,HUMAN_OBSERVATION,1cd0cb6d-d8ab-4e4c-9672-70d22fec96b3
3735147572,"Muscicapa adusta (F.Boie, 1828)",0.292083,34.79125,2022-03-07,2022,3,7.0,HUMAN_OBSERVATION,1cd0cb6d-d8ab-4e4c-9672-70d22fec96b3
3735148491,"Chalcomitra amethystina (Shaw, 1812)",0.20875,34.874583,2022-03-08,2022,3,8.0,HUMAN_OBSERVATION,1cd0cb6d-d8ab-4e4c-9672-70d22fec96b3
3735148495,"Buteo augur (Ruppell, 1836)",0.292083,34.79125,2022-03-07,2022,3,7.0,HUMAN_OBSERVATION,1cd0cb6d-d8ab-4e4c-9672-70d22fec96b3
3735149431,"Psalidoprocne albiceps P.L.Sclater, 1864",0.20875,34.874583,2022-03-08,2022,3,8.0,HUMAN_OBSERVATION,1cd0cb6d-d8ab-4e4c-9672-70d22fec96b3
3735149435,"Elminia longicauda (Swainson, 1838)",0.292083,34.79125,2022-03-07,2022,3,7.0,HUMAN_OBSERVATION,1cd0cb6d-d8ab-4e4c-9672-70d22fec96b3
3735150459,"Apaloderma vittatum Shelley, 1882",0.20875,34.874583,2022-03-08,2022,3,8.0,HUMAN_OBSERVATION,1cd0cb6d-d8ab-4e4c-9672-70d22fec96b3
3735150462,Milvus parasiticus,0.292083,34.79125,2022-03-07,2022,3,7.0,HUMAN_OBSERVATION,1cd0cb6d-d8ab-4e4c-9672-70d22fec96b3
3735150463,"Accipiter melanoleucus A.Smith, 1830",0.292083,34.79125,2022-03-07,2022,3,7.0,HUMAN_OBSERVATION,1cd0cb6d-d8ab-4e4c-9672-70d22fec96b3
3735151486,"Merops oreobates (Sharpe, 1892)",0.20875,34.874583,2022-03-08,2022,3,8.0,HUMAN_OBSERVATION,1cd0cb6d-d8ab-4e4c-9672-70d22fec96b3
3756830908,"Dicrurus adsimilis (Bechstein, 1794)",-0.54125,34.457917,2022-04-12,2022,4,12.0,HUMAN_OBSERVATION,1cd0cb6d-d8ab-4e4c-9672-70d22fec96b3
3756830909,"Crinifer zonurus (Ruppell, 1835)",-0.54125,34.457917,2022-04-12,2022,4,12.0,HUMAN_OBSERVATION,1cd0cb6d-d8ab-4e4c-9672-70d22fec96b3
3756831914,"Ploceus cucullatus (Statius Muller, 1776)",-0.54125,34.457917,2022-04-12,2022,4,12.0,HUMAN_OBSERVATION,1cd0cb6d-d8ab-4e4c-9672-70d22fec96b3
3756831915,Aves,-0.54125,34.457917,2022-04-12,2022,4,12.0,HUMAN_OBSERVATION,1cd0cb6d-d8ab-4e4c-9672-70d22fec96b3
3756832923,"Plocepasser mahali A.Smith, 1836",-0.54125,34.457917,2022-04-12,2022,4,12.0,HUMAN_OBSERVATION,1cd0cb6d-d8ab-4e4c-9672-70d22fec96b3
3756833905,"Columba guinea Linnaeus, 1758",-0.54125,34.457917,2022-04-12,2022,4,12.0,HUMAN_OBSERVATION,1cd0cb6d-d8ab-4e4c-9672-70d22fec96b3
3756833906,"Cuculus solitarius Stephens, 1815",-0.54125,34.457917,2022-04-12,2022,4,12.0,HUMAN_OBSERVATION,1cd0cb6d-d8ab-4e4c-9672-70d22fec96b3
3756834900,"Scopus umbretta Gmelin, 1789",-0.54125,34.457917,2022-04-12,2022,4,12.0,HUMAN_OBSERVATION,1cd0cb6d-d8ab-4e4c-9672-70d22fec96b3
3756835908,"Uraeginthus bengalus (Linnaeus, 1766)",-0.54125,34.457917,2022-04-12,2022,4,12.0,HUMAN_OBSERVATION,1cd0cb6d-d8ab-4e4c-9672-70d22fec96b3
3756836933,"Lamprotornis superbus Rüppell, 1845",-0.54125,34.457917,2022-04-12,2022,4,12.0,HUMAN_OBSERVATION,1cd0cb6d-d8ab-4e4c-9672-70d22fec96b3
3756838915,"Oriolus larvatus Lichtenstein, 1823",-0.54125,34.457917,2022-04-12,2022,4,12.0,HUMAN_OBSERVATION,1cd0cb6d-d8ab-4e4c-9672-70d22fec96b3
3756838916,"Ploceus baglafecht (Daudin, 1802)",-0.54125,34.457917,2022-04-12,2022,4,12.0,HUMAN_OBSERVATION,1cd0cb6d-d8ab-4e4c-9672-70d22fec96b3
3756838917,"Terpsiphone viridis (Statius Muller, 1776)",-0.54125,34.457917,2022-04-12,2022,4,12.0,HUMAN_OBSERVATION,1cd0cb6d-d8ab-4e4c-9672-70d22fec96b3
3819426872,"Uraeginthus ianthinogaster Reichenow, 1879",-0.457917,34.874583,2022-05-14,2022,5,14.0,HUMAN_OBSERVATION,1cd0cb6d-d8ab-4e4c-9672-70d22fec96b3
3819427880,"Bostrychia hagedash (Latham, 1790)",-0.457917,34.874583,2022-05-14,2022,5,14.0,HUMAN_OBSERVATION,1cd0cb6d-d8ab-4e4c-9672-70d22fec96b3
3819428894,"Ploceus baglafecht (Daudin, 1802)",-0.457917,34.874583,2022-05-14,2022,5,14.0,HUMAN_OBSERVATION,1cd0cb6d-d8ab-4e4c-9672-70d22fec96b3
3819429910,"Terpsiphone viridis (Statius Muller, 1776)",-0.457917,34.874583,2022-05-14,2022,5,14.0,HUMAN_OBSERVATION,1cd0cb6d-d8ab-4e4c-9672-70d22fec96b3
3819430882,"Motacilla aguimp Temminck, 1820",-0.457917,34.874583,2022-05-14,2022,5,14.0,HUMAN_OBSERVATION,1cd0cb6d-d8ab-4e4c-9672-70d22fec96b3
3819430883,"Apus caffer (M.H.K.Lichtenstein, 1823)",-0.457917,34.79125,2022-05-14,2022,5,14.0,HUMAN_OBSERVATION,1cd0cb6d-d8ab-4e4c-9672-70d22fec96b3
3819431892,Aves,-0.457917,34.874583,2022-05-14,2022,5,14.0,HUMAN_OBSERVATION,1cd0cb6d-d8ab-4e4c-9672-70d22fec96b3
3819433873,"Hirundo smithii Leach & K.D.Koenig, 1818",-0.457917,34.874583,2022-05-14,2022,5,14.0,HUMAN_OBSERVATION,1cd0cb6d-d8ab-4e4c-9672-70d22fec96b3
3819435889,"Nectarinia kilimensis Shelley, 1885",-0.457917,34.874583,2022-05-14,2022,5,14.0,HUMAN_OBSERVATION,1cd0cb6d-d8ab-4e4c-9672-70d22fec96b3
3819435890,Aves,-0.457917,34.79125,2022-05-14,2022,5,14.0,HUMAN_OBSERVATION,1cd0cb6d-d8ab-4e4c-9672-70d22fec96b3
3819436906,"Spermestes cucullata Swainson, 1837",-0.457917,34.874583,2022-05-14,2022,5,14.0,HUMAN_OBSERVATION,1cd0cb6d-d8ab-4e4c-9672-70d22fec96b3
3819436907,"Nectarinia kilimensis Shelley, 1885",-0.457917,34.79125,2022-05-14,2022,5,14.0,HUMAN_OBSERVATION,1cd0cb6d-d8ab-4e4c-9672-70d22fec96b3
3819437876,"Ploceus cucullatus (Statius Muller, 1776)",-0.457917,34.874583,2022-05-14,2022,5,14.0,HUMAN_OBSERVATION,1cd0cb6d-d8ab-4e4c-9672-70d22fec96b3
3819425095,"Streptopelia semitorquata (Rüppell, 1837)",-0.04125,34.79125,2022-06-02,2022,6,2.0,HUMAN_OBSERVATION,1cd0cb6d-d8ab-4e4c-9672-70d22fec96b3
3819425108,"Egretta intermedia (Wagler, 1829)",-0.457917,34.54125,2022-06-14,2022,6,14.0,HUMAN_OBSERVATION,1cd0cb6d-d8ab-4e4c-9672-70d22fec96b3
3819425109,"Streptopelia semitorquata (Rüppell, 1837)",-0.457917,34.54125,2022-06-14,2022,6,14.0,HUMAN_OBSERVATION,1cd0cb6d-d8ab-4e4c-9672-70d22fec96b3
3819425110,"Ardea melanocephala Children & Vigors, 1826",-0.457917,34.54125,2022-06-14,2022,6,14.0,HUMAN_OBSERVATION,1cd0cb6d-d8ab-4e4c-9672-70d22fec96b3
3819425111,"Haliaeetus vocifer (Daudin, 1800)",-0.457917,34.54125,2022-06-14,2022,6,14.0,HUMAN_OBSERVATION,1cd0cb6d-d8ab-4e4c-9672-70d22fec96b3
3819425116,"Colius striatus J.F.Gmelin, 1789",-0.457917,34.624583,2022-06-15,2022,6,15.0,HUMAN_OBSERVATION,1cd0cb6d-d8ab-4e4c-9672-70d22fec96b3
3819425117,"Amaurornis flavirostra (Swainson, 1837)",-0.457917,34.624583,2022-06-15,2022,6,15.0,HUMAN_OBSERVATION,1cd0cb6d-d8ab-4e4c-9672-70d22fec96b3
3819425118,"Bradypterus baboecala (Vieillot, 1817)",-0.457917,34.624583,2022-06-15,2022,6,15.0,HUMAN_OBSERVATION,1cd0cb6d-d8ab-4e4c-9672-70d22fec96b3
3819425165,Aves,-0.374583,34.624583,2022-06-21,2022,6,21.0,HUMAN_OBSERVATION,1cd0cb6d-d8ab-4e4c-9672-70d22fec96b3
3819425166,"Lamprotornis superbus Rüppell, 1845",-0.374583,34.624583,2022-06-21,2022,6,21.0,HUMAN_OBSERVATION,1cd0cb6d-d8ab-4e4c-9672-70d22fec96b3
3819425172,"Streptopelia decipiens (Hartlaub & Finsch, 1870)",-0.374583,34.624583,2022-06-21,2022,6,21.0,HUMAN_OBSERVATION,1cd0cb6d-d8ab-4e4c-9672-70d22fec96b3
3819425173,"Prinia subflava (Gmelin, 1789)",-0.374583,34.624583,2022-06-21,2022,6,21.0,HUMAN_OBSERVATION,1cd0cb6d-d8ab-4e4c-9672-70d22fec96b3
3819425175,"Empidornis semipartitus (Rüppell, 1840)",-0.374583,34.624583,2022-06-21,2022,6,21.0,HUMAN_OBSERVATION,1cd0cb6d-d8ab-4e4c-9672-70d22fec96b3
3949523210,Croton megalocarpus Hutch.,-0.094681,34.773546,2022-07-20T10:54:01.671Z,2022,7,20.0,HUMAN_OBSERVATION,7a3679ef-5582-4aaa-81f0-8c2545cafc81
3949535584,Markhamia lutea (Benth.) K.Schum.,-0.094743,34.773436,2022-07-20T10:52:04.089Z,2022,7,20.0,HUMAN_OBSERVATION,7a3679ef-5582-4aaa-81f0-8c2545cafc81
3949902441,Duranta erecta L.,-0.094883,34.773418,2022-07-20T11:10:03.396Z,2022,7,20.0,HUMAN_OBSERVATION,7a3679ef-5582-4aaa-81f0-8c2545cafc81
3952344255,Solanum mauritianum Scop.,-0.56693,34.674125,2022-07-13T07:18:48.159Z,2022,7,13.0,HUMAN_OBSERVATION,14d5676a-2c54-4f94-9023-1e8dcd822aa0
3955496515,Psidium guajava L.,-0.56693,34.674125,2022-07-13T07:17:47.178Z,2022,7,13.0,HUMAN_OBSERVATION,14d5676a-2c54-4f94-9023-1e8dcd822aa0
3956294814,Cestrum aurantiacum Lindl.,0.226644,34.885025,2022-07-16T18:28:58.083Z,2022,7,16.0,HUMAN_OBSERVATION,14d5676a-2c54-4f94-9023-1e8dcd822aa0
3956413415,Solanum mauritianum Scop.,-0.570267,34.674877,2022-07-13T07:37:21.905Z,2022,7,13.0,HUMAN_OBSERVATION,14d5676a-2c54-4f94-9023-1e8dcd822aa0
3958192260,Urena lobata L.,0.217802,34.48646,2022-07-30T06:44:50.678Z,2022,7,30.0,HUMAN_OBSERVATION,14d5676a-2c54-4f94-9023-1e8dcd822aa0
3960249312,Brassica oleracea L.,0.198241,35.083049,2022-07-19T08:02:34.848Z,2022,7,19.0,HUMAN_OBSERVATION,14d5676a-2c54-4f94-9023-1e8dcd822aa0
3995414883,"Ardea cinerea Linnaeus, 1758",-0.149161,34.730469,2022-07-25,2022,7,25.0,HUMAN_OBSERVATION,8a863029-f435-446a-821e-275f4f641165
3995613988,"Motacilla aguimp Temminck, 1820",0.208633,34.878319,2022-07-24,2022,7,24.0,HUMAN_OBSERVATION,8a863029-f435-446a-821e-275f4f641165
3995665119,"Egretta garzetta (Linnaeus, 1766)",-0.131081,34.739262,2022-07-25,2022,7,25.0,HUMAN_OBSERVATION,8a863029-f435-446a-821e-275f4f641165
3995725838,"Bycanistes subcylindricus (P.L.Sclater, 1871)",0.235702,34.862366,2022-07-25,2022,7,25.0,HUMAN_OBSERVATION,8a863029-f435-446a-821e-275f4f641165
3888815809,Ipomoea purpurea (L.) Roth,-0.160903,35.179435,2022-08-03T11:14:58,2022,8,3.0,HUMAN_OBSERVATION,50c9509d-22c7-4a22-a47d-8c48425ef4a7
3926508962,"Cossypha heuglini Hartlaub, 1866",-0.124583,35.207917,2022-08-03,2022,8,3.0,HUMAN_OBSERVATION,1cd0cb6d-d8ab-4e4c-9672-70d22fec96b3
3926508963,"Dendrocygna viduata (Linnaeus, 1766)",-0.124583,35.207917,2022-08-03,2022,8,3.0,HUMAN_OBSERVATION,1cd0cb6d-d8ab-4e4c-9672-70d22fec96b3
3926509983,"Vanellus spinosus (Linnaeus, 1758)",-0.124583,35.207917,2022-08-03,2022,8,3.0,HUMAN_OBSERVATION,1cd0cb6d-d8ab-4e4c-9672-70d22fec96b3
3926509984,"Actitis hypoleucos (Linnaeus, 1758)",-0.124583,35.207917,2022-08-03,2022,8,3.0,HUMAN_OBSERVATION,1cd0cb6d-d8ab-4e4c-9672-70d22fec96b3
3926509985,"Agapornis fischeri Reichenow, 1887",-0.124583,35.207917,2022-08-03,2022,8,3.0,HUMAN_OBSERVATION,1cd0cb6d-d8ab-4e4c-9672-70d22fec96b3
3926510955,"Turdoides sharpei (Reichenow, 1891)",-0.124583,35.207917,2022-08-03,2022,8,3.0,HUMAN_OBSERVATION,1cd0cb6d-d8ab-4e4c-9672-70d22fec96b3
3926511944,"Hirundo rustica Linnaeus, 1758",-0.124583,35.207917,2022-08-03,2022,8,3.0,HUMAN_OBSERVATION,1cd0cb6d-d8ab-4e4c-9672-70d22fec96b3
3926511945,"Cecropis abyssinica (Guerin-Meneville, 1843)",-0.124583,35.207917,2022-08-03,2022,8,3.0,HUMAN_OBSERVATION,1cd0cb6d-d8ab-4e4c-9672-70d22fec96b3
3926511946,"Ploceus ocularis A.Smith, 1828",-0.124583,35.207917,2022-08-03,2022,8,3.0,HUMAN_OBSERVATION,1cd0cb6d-d8ab-4e4c-9672-70d22fec96b3
3926511947,"Apus affinis (J.E.Gray, 1830)",-0.124583,35.207917,2022-08-03,2022,8,3.0,HUMAN_OBSERVATION,1cd0cb6d-d8ab-4e4c-9672-70d22fec96b3
3926512992,"Streptopelia semitorquata (Rüppell, 1837)",-0.124583,35.207917,2022-08-03,2022,8,3.0,HUMAN_OBSERVATION,1cd0cb6d-d8ab-4e4c-9672-70d22fec96b3
3926512993,"Merops albicollis Vieillot, 1817",-0.124583,35.207917,2022-08-03,2022,8,3.0,HUMAN_OBSERVATION,1cd0cb6d-d8ab-4e4c-9672-70d22fec96b3
3926516759,"Ploceus bicolor Vieillot, 1819",0.20875,34.874583,2022-09-11,2022,9,11.0,HUMAN_OBSERVATION,1cd0cb6d-d8ab-4e4c-9672-70d22fec96b3
3926516760,"Cisticola chubbi Sharpe, 1892",0.20875,34.874583,2022-09-11,2022,9,11.0,HUMAN_OBSERVATION,1cd0cb6d-d8ab-4e4c-9672-70d22fec96b3
3926516761,"Arizelocichla masukuensis (Shelley, 1897)",0.20875,34.874583,2022-09-11,2022,9,11.0,HUMAN_OBSERVATION,1cd0cb6d-d8ab-4e4c-9672-70d22fec96b3
3926517003,"Ploceus insignis (Sharpe, 1891)",0.20875,34.874583,2022-09-29,2022,9,29.0,HUMAN_OBSERVATION,1cd0cb6d-d8ab-4e4c-9672-70d22fec96b3
3926517004,"Chloropsis palawanensis (Sharpe, 1877)",0.20875,34.874583,2022-09-29,2022,9,29.0,HUMAN_OBSERVATION,1cd0cb6d-d8ab-4e4c-9672-70d22fec96b3
3926517005,"Schistolais leucopogon (Cabanis, 1875)",0.20875,34.874583,2022-09-29,2022,9,29.0,HUMAN_OBSERVATION,1cd0cb6d-d8ab-4e4c-9672-70d22fec96b3
3926517006,"Hylia prasina (Cassin, 1855)",0.20875,34.874583,2022-09-29,2022,9,29.0,HUMAN_OBSERVATION,1cd0cb6d-d8ab-4e4c-9672-70d22fec96b3
3926517007,"Sheppardia aequatorialis (Jackson, 1906)",0.20875,34.874583,2022-09-29,2022,9,29.0,HUMAN_OBSERVATION,1cd0cb6d-d8ab-4e4c-9672-70d22fec96b3
3926517008,"Ploceus bicolor Vieillot, 1819",0.20875,34.874583,2022-09-29,2022,9,29.0,HUMAN_OBSERVATION,1cd0cb6d-d8ab-4e4c-9672-70d22fec96b3
3926517009,"Estrilda astrild (Linnaeus, 1758)",0.20875,34.874583,2022-09-29,2022,9,29.0,HUMAN_OBSERVATION,1cd0cb6d-d8ab-4e4c-9672-70d22fec96b3
3926517010,"Stelgidillas gracilirostris (Strickland, 1844)",0.20875,34.874583,2022-09-29,2022,9,29.0,HUMAN_OBSERVATION,1cd0cb6d-d8ab-4e4c-9672-70d22fec96b3
3926517011,"Sarothrura pulchra (J.E.Gray, 1829)",0.20875,34.874583,2022-09-29,2022,9,29.0,HUMAN_OBSERVATION,1cd0cb6d-d8ab-4e4c-9672-70d22fec96b3
3926517772,"Smithornis capensis (A.Smith, 1839)",0.20875,34.874583,2022-09-11,2022,9,11.0,HUMAN_OBSERVATION,1cd0cb6d-d8ab-4e4c-9672-70d22fec96b3
3925399658,Musa acuminata Colla,-0.034241,34.64959,2022-10-11T10:01:19,2022,10,11.0,HUMAN_OBSERVATION,50c9509d-22c7-4a22-a47d-8c48425ef4a7
3947196261,"Scopus umbretta Gmelin, 1789",-0.137213,34.738325,2022-10-12T10:05:06,2022,10,12.0,HUMAN_OBSERVATION,50c9509d-22c7-4a22-a47d-8c48425ef4a7
3947246253,Pontederia crassipes Mart.,-0.136896,34.738536,2022-10-12T10:00:37,2022,10,12.0,HUMAN_OBSERVATION,50c9509d-22c7-4a22-a47d-8c48425ef4a7
3947310262,Cyperus papyrus L.,-0.137207,34.738348,2022-10-12T10:03:18,2022,10,12.0,HUMAN_OBSERVATION,50c9509d-22c7-4a22-a47d-8c48425ef4a7
3947695230,"Egretta garzetta (Linnaeus, 1766)",-0.145057,34.736581,2022-10-12T10:40:12,2022,10,12.0,HUMAN_OBSERVATION,50c9509d-22c7-4a22-a47d-8c48425ef4a7
3995401804,"Lanius humeralis Stanley, 1814",0.058236,34.581203,2022-10-21,2022,10,21.0,HUMAN_OBSERVATION,8a863029-f435-446a-821e-275f4f641165
3995549995,"Colius striatus J.F.Gmelin, 1789",-0.046892,34.792124,2022-10-18,2022,10,18.0,HUMAN_OBSERVATION,8a863029-f435-446a-821e-275f4f641165
3995911624,"Scopus umbretta Gmelin, 1789",-0.046335,34.791703,2022-10-18,2022,10,18.0,HUMAN_OBSERVATION,8a863029-f435-446a-821e-275f4f641165
3995923870,"Spermestes cucullata Swainson, 1837",-0.046488,34.792037,2022-10-18,2022,10,18.0,HUMAN_OBSERVATION,8a863029-f435-446a-821e-275f4f641165
3996952434,"Lanius humeralis humeralis Stanley, 1814",-0.046536,34.792018,2022-10-18,2022,10,18.0,HUMAN_OBSERVATION,8a863029-f435-446a-821e-275f4f641165
3997587292,"Uraeginthus cyanocephalus (Richmond, 1897)",-0.046539,34.792156,2022-10-18,2022,10,18.0,HUMAN_OBSERVATION,8a863029-f435-446a-821e-275f4f641165
3997605890,"Ploceus cucullatus (Statius Muller, 1776)",-0.046892,34.792124,2022-10-18,2022,10,18.0,HUMAN_OBSERVATION,8a863029-f435-446a-821e-275f4f641165
3997636352,"Megaceryle maxima (Pallas, 1769)",-0.062549,34.778159,2022-10-21,2022,10,21.0,HUMAN_OBSERVATION,8a863029-f435-446a-821e-275f4f641165
3966582913,Ricinus communis L.,0.139786,35.099736,2022-11-11T09:45:22,2022,11,11.0,HUMAN_OBSERVATION,50c9509d-22c7-4a22-a47d-8c48425ef4a7
3995270160,"Psalidoprocne albiceps P.L.Sclater, 1864",0.227725,34.884441,2022-11-19,2022,11,19.0,HUMAN_OBSERVATION,8a863029-f435-446a-821e-275f4f641165
3995507070,"Stephanoaetus coronatus (Linnaeus, 1766)",0.227204,34.884579,2022-11-19,2022,11,19.0,HUMAN_OBSERVATION,8a863029-f435-446a-821e-275f4f641165
3995548456,"Elminia longicauda (Swainson, 1838)",0.227197,34.884708,2022-11-19,2022,11,19.0,HUMAN_OBSERVATION,8a863029-f435-446a-821e-275f4f641165
3995584900,"Laniarius luehderi Reichenow, 1874",0.233354,34.870415,2022-11-19,2022,11,19.0,HUMAN_OBSERVATION,8a863029-f435-446a-821e-275f4f641165
3995625199,"Elminia longicauda (Swainson, 1838)",0.227219,34.884708,2022-11-19,2022,11,19.0,HUMAN_OBSERVATION,8a863029-f435-446a-821e-275f4f641165
3995637949,"Laniarius luehderi Reichenow, 1874",0.237366,34.869026,2022-11-19,2022,11,19.0,HUMAN_OBSERVATION,8a863029-f435-446a-821e-275f4f641165
3995848399,"Ploceus bicolor Vieillot, 1819",0.21088,34.923775,2022-11-19,2022,11,19.0,HUMAN_OBSERVATION,8a863029-f435-446a-821e-275f4f641165
3995888815,"Laniarius luehderi Reichenow, 1874",0.234307,34.8699,2022-11-19,2022,11,19.0,HUMAN_OBSERVATION,8a863029-f435-446a-821e-275f4f641165
3995906510,"Stephanoaetus coronatus (Linnaeus, 1766)",0.227111,34.884609,2022-11-19,2022,11,19.0,HUMAN_OBSERVATION,8a863029-f435-446a-821e-275f4f641165
3996035058,"Corythaeola cristata (Vieillot, 1816)",0.226892,34.890408,2022-11-19,2022,11,19.0,HUMAN_OBSERVATION,8a863029-f435-446a-821e-275f4f641165
3996089054,"Muscicapa aquatica Heuglin, 1864",-0.158717,34.743649,2022-11-20,2022,11,20.0,HUMAN_OBSERVATION,8a863029-f435-446a-821e-275f4f641165
3996198008,"Merops muelleri (Cassin, 1857)",0.237144,34.870041,2022-11-19,2022,11,19.0,HUMAN_OBSERVATION,8a863029-f435-446a-821e-275f4f641165
3998441000,Centella asiatica (L.) Urb.,-0.016405,34.603802,2022-12-05T12:34:41.790Z,2022,12,5.0,HUMAN_OBSERVATION,14d5676a-2c54-4f94-9023-1e8dcd822aa0
4011574979,Sphaerocoris annulus,0.365398,35.389782,2022-12-29T16:13,2022,12,29.0,HUMAN_OBSERVATION,50c9509d-22c7-4a22-a47d-8c48425ef4a7
4029735581,Aves,-0.04125,34.79125,2022-12-23,2022,12,23.0,HUMAN_OBSERVATION,1cd0cb6d-d8ab-4e4c-9672-70d22fec96b3
4029735582,"Bostrychia hagedash (Latham, 1790)",-0.04125,34.79125,2022-12-23,2022,12,23.0,HUMAN_OBSERVATION,1cd0cb6d-d8ab-4e4c-9672-70d22fec96b3
4029735583,"Threskiornis aethiopicus (Latham, 1790)",-0.04125,34.79125,2022-12-23,2022,12,23.0,HUMAN_OBSERVATION,1cd0cb6d-d8ab-4e4c-9672-70d22fec96b3
4029735584,"Ardea melanocephala Children & Vigors, 1826",-0.04125,34.79125,2022-12-23,2022,12,23.0,HUMAN_OBSERVATION,1cd0cb6d-d8ab-4e4c-9672-70d22fec96b3
4029735855,"Lanius mackinnoni Sharpe, 1891",0.20875,34.874583,2022-12-31,2022,12,31.0,HUMAN_OBSERVATION,1cd0cb6d-d8ab-4e4c-9672-70d22fec96b3
4029735856,"Colius striatus J.F.Gmelin, 1789",0.20875,34.874583,2022-12-31,2022,12,31.0,HUMAN_OBSERVATION,1cd0cb6d-d8ab-4e4c-9672-70d22fec96b3
4029735857,"Stephanoaetus coronatus (Linnaeus, 1766)",0.20875,34.874583,2022-12-31,2022,12,31.0,HUMAN_OBSERVATION,1cd0cb6d-d8ab-4e4c-9672-70d22fec96b3
4029735858,"Phylloscopus budongoensis (Seth-Smith, 1907)",0.20875,34.874583,2022-12-31,2022,12,31.0,HUMAN_OBSERVATION,1cd0cb6d-d8ab-4e4c-9672-70d22fec96b3
4029735859,"Delichon urbicum (Linnaeus, 1758)",0.20875,34.874583,2022-12-31,2022,12,31.0,HUMAN_OBSERVATION,1cd0cb6d-d8ab-4e4c-9672-70d22fec96b3
4029735860,"Bathmocercus rufus Reichenow, 1895",0.20875,34.874583,2022-12-31,2022,12,31.0,HUMAN_OBSERVATION,1cd0cb6d-d8ab-4e4c-9672-70d22fec96b3
4029735861,"Cecropis abyssinica (Guerin-Meneville, 1843)",0.20875,34.874583,2022-12-31,2022,12,31.0,HUMAN_OBSERVATION,1cd0cb6d-d8ab-4e4c-9672-70d22fec96b3
4028689042,"Buteo augur (Ruppell, 1836)",0.245558,35.211835,2023-01-06T18:02,2023,1,6.0,HUMAN_OBSERVATION,50c9509d-22c7-4a22-a47d-8c48425ef4a7
4028818115,"Lanius excubitoroides Prevost & Des Murs, 1847",0.245558,35.211835,2023-01-06T18:03,2023,1,6.0,HUMAN_OBSERVATION,50c9509d-22c7-4a22-a47d-8c48425ef4a7
4029735924,"Cossypha heuglini Hartlaub, 1866",0.20875,34.874583,2023-01-18,2023,1,18.0,HUMAN_OBSERVATION,1cd0cb6d-d8ab-4e4c-9672-70d22fec96b3
4029735925,"Illadopsis pyrrhoptera (Reichenow & Neumann, 1895)",0.20875,34.874583,2023-01-18,2023,1,18.0,HUMAN_OBSERVATION,1cd0cb6d-d8ab-4e4c-9672-70d22fec96b3
4029735926,"Terpsiphone viridis (Statius Muller, 1776)",0.20875,34.874583,2023-01-18,2023,1,18.0,HUMAN_OBSERVATION,1cd0cb6d-d8ab-4e4c-9672-70d22fec96b3
4029735927,"Parus funereus (J.Verreaux & E.Verreaux, 1855)",0.20875,34.874583,2023-01-18,2023,1,18.0,HUMAN_OBSERVATION,1cd0cb6d-d8ab-4e4c-9672-70d22fec96b3
4029735928,"Dendropicos xantholophus Hargitt, 1883",0.20875,34.874583,2023-01-18,2023,1,18.0,HUMAN_OBSERVATION,1cd0cb6d-d8ab-4e4c-9672-70d22fec96b3
4029735929,"Cuculus solitarius Stephens, 1815",0.20875,34.874583,2023-01-18,2023,1,18.0,HUMAN_OBSERVATION,1cd0cb6d-d8ab-4e4c-9672-70d22fec96b3
4029735930,"Ceyx pictus (Boddaert, 1783)",0.20875,34.874583,2023-01-18,2023,1,18.0,HUMAN_OBSERVATION,1cd0cb6d-d8ab-4e4c-9672-70d22fec96b3
4029735931,"Hylia prasina (Cassin, 1855)",0.20875,34.874583,2023-01-18,2023,1,18.0,HUMAN_OBSERVATION,1cd0cb6d-d8ab-4e4c-9672-70d22fec96b3
4029735932,"Buccanodon duchaillui (Cassin, 1855)",0.20875,34.874583,2023-01-18,2023,1,18.0,HUMAN_OBSERVATION,1cd0cb6d-d8ab-4e4c-9672-70d22fec96b3
4029735933,"Trachylaemus purpuratus (J.Verreaux & E.Verreaux, 1851)",0.20875,34.874583,2023-01-18,2023,1,18.0,HUMAN_OBSERVATION,1cd0cb6d-d8ab-4e4c-9672-70d22fec96b3
4029735943,"Anastomus lamelligerus Temminck, 1823",-0.124583,34.707917,2023-01-21,2023,1,21.0,HUMAN_OBSERVATION,1cd0cb6d-d8ab-4e4c-9672-70d22fec96b3
4034911802,"Hoplobatrachus occipitalis (Günther, 1858)",0.349142,34.865483,2023-02-04T21:35:48,2023,2,4.0,HUMAN_OBSERVATION,50c9509d-22c7-4a22-a47d-8c48425ef4a7
4034968836,"Crematogaster clariventris Mayr, 1895",0.298488,34.778218,2023-02-05T03:04:48,2023,2,5.0,HUMAN_OBSERVATION,50c9509d-22c7-4a22-a47d-8c48425ef4a7
4046218280,"Dicrurus adsimilis (Bechstein, 1794)",-0.052982,34.756882,2023-02-18T00:37,2023,2,18.0,HUMAN_OBSERVATION,50c9509d-22c7-4a22-a47d-8c48425ef4a7
4046245286,"Ardea ibis Linnaeus, 1758",-0.068088,34.757569,2023-02-19T06:42,2023,2,19.0,HUMAN_OBSERVATION,50c9509d-22c7-4a22-a47d-8c48425ef4a7
4046253372,"Colius striatus J.F.Gmelin, 1789",-0.068088,34.757569,2023-02-18T09:17,2023,2,18.0,HUMAN_OBSERVATION,50c9509d-22c7-4a22-a47d-8c48425ef4a7
4046254333,"Corvus albus Statius Muller, 1776",-0.053668,34.758256,2023-02-17T04:30,2023,2,17.0,HUMAN_OBSERVATION,50c9509d-22c7-4a22-a47d-8c48425ef4a7
4046257374,"Lanius humeralis Stanley, 1814",-0.068088,34.757569,2023-02-19T06:43,2023,2,19.0,HUMAN_OBSERVATION,50c9509d-22c7-4a22-a47d-8c48425ef4a7
4046265396,"Milvus migrans (Boddaert, 1783)",-0.039139,34.62204,2023-02-20T00:32,2023,2,20.0,HUMAN_OBSERVATION,50c9509d-22c7-4a22-a47d-8c48425ef4a7
4046267331,"Melaenornis edolioides (Swainson, 1837)",-0.068088,34.757569,2023-02-18T09:17,2023,2,18.0,HUMAN_OBSERVATION,50c9509d-22c7-4a22-a47d-8c48425ef4a7
4046294286,"Streptopelia capicola (Sundevall, 1857)",-0.053668,34.758256,2023-02-17T22:24,2023,2,17.0,HUMAN_OBSERVATION,50c9509d-22c7-4a22-a47d-8c48425ef4a7
4046302368,"Milvus migrans (Boddaert, 1783)",-0.039139,34.62204,2023-02-20T00:02,2023,2,20.0,HUMAN_OBSERVATION,50c9509d-22c7-4a22-a47d-8c48425ef4a7
4046309312,"Lanius humeralis Stanley, 1814",-0.039139,34.62204,2023-02-20T00:27,2023,2,20.0,HUMAN_OBSERVATION,50c9509d-22c7-4a22-a47d-8c48425ef4a7
4046323282,"Pycnonotus barbatus (Desfontaines, 1789)",-0.052982,34.756882,2023-02-17T22:31,2023,2,17.0,HUMAN_OBSERVATION,50c9509d-22c7-4a22-a47d-8c48425ef4a7
4076306734,"Protogoniomorpha parhassus (Drury, 1782)",0.355021,34.51016,2023-03-16T15:16,2023,3,16.0,HUMAN_OBSERVATION,50c9509d-22c7-4a22-a47d-8c48425ef4a7
4096855579,"Rhanidophora cinctigutta Walker, 1862",-0.081902,34.729031,2023-03-04T10:20:34,2023,3,4.0,HUMAN_OBSERVATION,50c9509d-22c7-4a22-a47d-8c48425ef4a7
4400826740,"Dendroaspis polylepis Günther, 1864",-0.125,34.875,2023-03-17,2023,3,17.0,HUMAN_OBSERVATION,999d8fed-d06d-48d8-87ee-cc36e6c8456c
4400826741,"Limaformosa savorgnani (Mocquard, 1887)",-0.125,34.875,2023-03-30,2023,3,30.0,HUMAN_OBSERVATION,999d8fed-d06d-48d8-87ee-cc36e6c8456c
4400826768,"Boaedon capensis Duméril, Bibron & Duméril, 1854",-0.375,35.375,2023-03-31,2023,3,31.0,HUMAN_OBSERVATION,999d8fed-d06d-48d8-87ee-cc36e6c8456c
4416307335,"Hemisus guineensis Cope, 1865",-0.125,34.875,2023-03-16,2023,3,16.0,HUMAN_OBSERVATION,999d8fed-d06d-48d8-87ee-cc36e6c8456c
4416307337,"Hemisus guineensis Cope, 1865",-0.125,34.875,2023-03-16,2023,3,16.0,HUMAN_OBSERVATION,999d8fed-d06d-48d8-87ee-cc36e6c8456c
4416307341,"Kassina senegalensis (Duméril & Bibron, 1841)",-0.125,34.875,2023-03-16,2023,3,16.0,HUMAN_OBSERVATION,999d8fed-d06d-48d8-87ee-cc36e6c8456c
4416307427,"Ptychadena anchietae (Bocage, 1868)",-0.125,34.875,2023-03-16,2023,3,16.0,HUMAN_OBSERVATION,999d8fed-d06d-48d8-87ee-cc36e6c8456c
4610222580,"Ardea alba Linnaeus, 1758",-0.119911,34.775455,2023-03-07,2023,3,7.0,HUMAN_OBSERVATION,4fa7b334-ce0d-4e88-aaae-2e0c138d049e
4610435034,"Cecropis abyssinica (Guerin-Meneville, 1843)",0.353827,34.511333,2023-03-16,2023,3,16.0,HUMAN_OBSERVATION,4fa7b334-ce0d-4e88-aaae-2e0c138d049e
4610493018,"Colius striatus J.F.Gmelin, 1789",0.353827,34.511333,2023-03-16,2023,3,16.0,HUMAN_OBSERVATION,4fa7b334-ce0d-4e88-aaae-2e0c138d049e
4610537862,"Ciconia ciconia (Linnaeus, 1758)",0.067447,35.03532,2023-03-18,2023,3,18.0,HUMAN_OBSERVATION,4fa7b334-ce0d-4e88-aaae-2e0c138d049e
4400826344,"Philothamnus battersbyi Loveridge, 1951",0.125,35.125,2023-04-05,2023,4,5.0,HUMAN_OBSERVATION,999d8fed-d06d-48d8-87ee-cc36e6c8456c
4400826402,"Elapsoidea loveridgei multicincta Laurent, 1956",-0.625,34.875,2023-04-13,2023,4,13.0,HUMAN_OBSERVATION,999d8fed-d06d-48d8-87ee-cc36e6c8456c
4400826844,"Dendroaspis polylepis Günther, 1864",-0.125,34.875,2023-04-01,2023,4,1.0,HUMAN_OBSERVATION,999d8fed-d06d-48d8-87ee-cc36e6c8456c
4400826941,"Python sebae (Gmelin, 1789)",-0.125,34.875,2023-04-26,2023,4,26.0,HUMAN_OBSERVATION,999d8fed-d06d-48d8-87ee-cc36e6c8456c
4400826946,"Philothamnus semivariegatus (Smith, 1840)",-0.125,34.875,2023-04-26,2023,4,26.0,HUMAN_OBSERVATION,999d8fed-d06d-48d8-87ee-cc36e6c8456c
4400827051,"Crotaphopeltis degeni (Boulenger, 1906)",-0.625,34.875,2023-04-21,2023,4,21.0,HUMAN_OBSERVATION,999d8fed-d06d-48d8-87ee-cc36e6c8456c
4610813565,"Cossypha cyanocampter (Bonaparte, 1850)",0.212863,34.923294,2023-04-03,2023,4,3.0,HUMAN_OBSERVATION,4fa7b334-ce0d-4e88-aaae-2e0c138d049e
4610977488,"Melaenornis fischeri (Reichenow, 1884)",0.238735,34.86586,2023-04-03,2023,4,3.0,HUMAN_OBSERVATION,4fa7b334-ce0d-4e88-aaae-2e0c138d049e
4610996756,"Ploceus pelzelni (Shelley, 1887)",-0.126075,34.745205,2023-04-05,2023,4,5.0,HUMAN_OBSERVATION,4fa7b334-ce0d-4e88-aaae-2e0c138d049e
4610996768,"Hirundo angolensis Bocage, 1868",0.368688,34.488186,2023-04-05,2023,4,5.0,HUMAN_OBSERVATION,4fa7b334-ce0d-4e88-aaae-2e0c138d049e
4611099345,"Stelgidillas gracilirostris (Strickland, 1844)",0.22692,34.884655,2023-04-02,2023,4,2.0,HUMAN_OBSERVATION,4fa7b334-ce0d-4e88-aaae-2e0c138d049e
4611117872,"Anastomus lamelligerus Temminck, 1823",0.368688,34.488186,2023-04-05,2023,4,5.0,HUMAN_OBSERVATION,4fa7b334-ce0d-4e88-aaae-2e0c138d049e
4611162380,"Ploceus castanops Shelley, 1888",-0.144885,34.736954,2023-04-06,2023,4,6.0,HUMAN_OBSERVATION,4fa7b334-ce0d-4e88-aaae-2e0c138d049e
4111823590,"Bycanistes subcylindricus (P.L.Sclater, 1871)",0.282731,34.751863,2023-05-04T17:23,2023,5,4.0,HUMAN_OBSERVATION,50c9509d-22c7-4a22-a47d-8c48425ef4a7
4111900633,"Gymnobucco bonapartei Hartlaub, 1854",0.179578,34.932917,2023-05-04T14:10,2023,5,4.0,HUMAN_OBSERVATION,50c9509d-22c7-4a22-a47d-8c48425ef4a7
4111913597,"Stephanoaetus coronatus (Linnaeus, 1766)",0.062248,34.8564,2023-05-05T14:57,2023,5,5.0,HUMAN_OBSERVATION,50c9509d-22c7-4a22-a47d-8c48425ef4a7
4111979654,"Chlorocichla laetissima (Sharpe, 1899)",0.085586,34.877072,2023-05-05T15:13,2023,5,5.0,HUMAN_OBSERVATION,50c9509d-22c7-4a22-a47d-8c48425ef4a7
4111983657,"Ploceus bicolor Vieillot, 1819",0.085586,34.877072,2023-05-05T15:18,2023,5,5.0,HUMAN_OBSERVATION,50c9509d-22c7-4a22-a47d-8c48425ef4a7
4111993643,"Platysteira cyanea (Statius Muller, 1776)",0.211489,34.924006,2023-05-04T09:10,2023,5,4.0,HUMAN_OBSERVATION,50c9509d-22c7-4a22-a47d-8c48425ef4a7
4112181621,"Nectarinia kilimensis Shelley, 1885",0.085586,34.877072,2023-05-05T15:19,2023,5,5.0,HUMAN_OBSERVATION,50c9509d-22c7-4a22-a47d-8c48425ef4a7
4112197703,"Zosterops senegalensis Bonaparte, 1850",0.211489,34.924006,2023-05-04T09:38,2023,5,4.0,HUMAN_OBSERVATION,50c9509d-22c7-4a22-a47d-8c48425ef4a7
4112217638,"Nectarinia kilimensis Shelley, 1885",0.085586,34.877072,2023-05-05T15:19,2023,5,5.0,HUMAN_OBSERVATION,50c9509d-22c7-4a22-a47d-8c48425ef4a7
4121315809,Mimosa pudica L.,-0.602543,34.587703,2023-05-17T07:36:15,2023,5,17.0,HUMAN_OBSERVATION,50c9509d-22c7-4a22-a47d-8c48425ef4a7
4126742814,"Junonia sophia (Fabricius, 1793)",0.226489,34.884378,2023-05-24T09:22:23,2023,5,24.0,HUMAN_OBSERVATION,50c9509d-22c7-4a22-a47d-8c48425ef4a7
4129848675,"Nandinia binotata (Gray, 1830)",0.226835,34.887033,2023-05-24T19:22,2023,5,24.0,HUMAN_OBSERVATION,50c9509d-22c7-4a22-a47d-8c48425ef4a7
4129942658,"Nandinia binotata (Gray, 1830)",0.226835,34.887033,2023-05-24T19:22,2023,5,24.0,HUMAN_OBSERVATION,50c9509d-22c7-4a22-a47d-8c48425ef4a7
4133853579,"Chlorocebus pygerythrus (F.Cuvier, 1821)",-0.121116,34.745191,2023-06-07T07:03:55,2023,6,7.0,HUMAN_OBSERVATION,50c9509d-22c7-4a22-a47d-8c48425ef4a7
4138050233,"Brachythemis leucosticta (Burmeister, 1839)",-0.130936,34.746978,2023-06-06T09:34,2023,6,6.0,HUMAN_OBSERVATION,50c9509d-22c7-4a22-a47d-8c48425ef4a7
4138338439,"Papilio phorcas Cramer, 1775",0.340342,34.877791,2023-06-05T08:34,2023,6,5.0,HUMAN_OBSERVATION,50c9509d-22c7-4a22-a47d-8c48425ef4a7
4138508538,"Cercopithecus mitis stuhlmanni Matschie, 1893",0.348576,34.889866,2023-06-05T04:09,2023,6,5.0,HUMAN_OBSERVATION,50c9509d-22c7-4a22-a47d-8c48425ef4a7
4138554085,"Colobus guereza Rüppell, 1835",0.324276,34.88288,2023-06-05T04:42,2023,6,5.0,HUMAN_OBSERVATION,50c9509d-22c7-4a22-a47d-8c48425ef4a7
4138561357,"Apis mellifera Linnaeus, 1758",-0.11468,34.74753,2023-06-19T12:16:09,2023,6,19.0,HUMAN_OBSERVATION,50c9509d-22c7-4a22-a47d-8c48425ef4a7
4138629354,"Equus quagga boehmi Matschie, 1892",-0.016706,34.780468,2023-06-19T13:15:44,2023,6,19.0,HUMAN_OBSERVATION,50c9509d-22c7-4a22-a47d-8c48425ef4a7
4138712695,"Cercopithecus ascanius schmidti Matschie, 1892",0.333888,34.863131,2023-06-05T01:33,2023,6,5.0,HUMAN_OBSERVATION,50c9509d-22c7-4a22-a47d-8c48425ef4a7
4165612648,"Palpopleura portia (Drury, 1773)",0.109826,34.506708,2023-06-24T11:38:40,2023,6,24.0,HUMAN_OBSERVATION,50c9509d-22c7-4a22-a47d-8c48425ef4a7
4173210590,"Accipiter minullus (Daudin, 1800)",-0.6113,34.5465,2023-06-01,2023,6,1.0,HUMAN_OBSERVATION,b1047888-ae52-4179-9dd5-5448ea342a24
4173210591,"Cercotrichas leucophrys (Vieillot, 1817)",-0.5462,34.5596,2023-06-01,2023,6,1.0,HUMAN_OBSERVATION,b1047888-ae52-4179-9dd5-5448ea342a24
4173210592,"Corvus albus Statius Muller, 1776",-0.5462,34.5596,2023-06-01,2023,6,1.0,HUMAN_OBSERVATION,b1047888-ae52-4179-9dd5-5448ea342a24
4173210594,"Melaenornis edolioides (Swainson, 1837)",-0.5462,34.5596,2023-06-01,2023,6,1.0,HUMAN_OBSERVATION,b1047888-ae52-4179-9dd5-5448ea342a24
4165353690,"Cossypha heuglini Hartlaub, 1866",-0.33944,34.509961,2023-07-18T03:18:57,2023,7,18.0,HUMAN_OBSERVATION,50c9509d-22c7-4a22-a47d-8c48425ef4a7
4165356523,"Lanius humeralis Stanley, 1814",-0.33944,34.509961,2023-07-18T04:34:06,2023,7,18.0,HUMAN_OBSERVATION,50c9509d-22c7-4a22-a47d-8c48425ef4a7
4165362568,"Hirundo smithii Leach & K.D.Koenig, 1818",-0.33944,34.509961,2023-07-17T02:29:48,2023,7,17.0,HUMAN_OBSERVATION,50c9509d-22c7-4a22-a47d-8c48425ef4a7
4165365272,"Varanus niloticus (Linnaeus, 1766)",-0.33944,34.509961,2023-07-18T02:49:58,2023,7,18.0,HUMAN_OBSERVATION,50c9509d-22c7-4a22-a47d-8c48425ef4a7
4165434999,"Corvus albus Statius Muller, 1776",-0.52002,34.728304,2023-07-17T02:39:04,2023,7,17.0,HUMAN_OBSERVATION,50c9509d-22c7-4a22-a47d-8c48425ef4a7
4165464871,"Polyura Billberg, 1820",-0.33944,34.509961,2023-07-18T03:37:02,2023,7,18.0,HUMAN_OBSERVATION,50c9509d-22c7-4a22-a47d-8c48425ef4a7
4165466897,"Mycteria ibis (Linnaeus, 1766)",-0.33944,34.509961,2023-07-18T07:14:32,2023,7,18.0,HUMAN_OBSERVATION,50c9509d-22c7-4a22-a47d-8c48425ef4a7
4165492716,"Scopus umbretta Gmelin, 1789",-0.33944,34.509961,2023-07-18T03:19:35,2023,7,18.0,HUMAN_OBSERVATION,50c9509d-22c7-4a22-a47d-8c48425ef4a7
4165501527,"Icthyophaga vocifer (Daudin, 1800)",-0.33944,34.509961,2023-07-18T04:00:14,2023,7,18.0,HUMAN_OBSERVATION,50c9509d-22c7-4a22-a47d-8c48425ef4a7
4165522909,Tridax procumbens L.,-0.520429,34.714398,2023-07-19T08:48:36,2023,7,19.0,HUMAN_OBSERVATION,50c9509d-22c7-4a22-a47d-8c48425ef4a7
4165546649,"Ceryle rudis (Linnaeus, 1758)",-0.33944,34.509961,2023-07-18T03:25:57,2023,7,18.0,HUMAN_OBSERVATION,50c9509d-22c7-4a22-a47d-8c48425ef4a7
4165547991,"Euplectes orix (Linnaeus, 1758)",-0.33944,34.509961,2023-07-18T06:23:28,2023,7,18.0,HUMAN_OBSERVATION,50c9509d-22c7-4a22-a47d-8c48425ef4a7
4165554721,"Microcarbo africanus (Gmelin, 1789)",-0.33944,34.509961,2023-07-18T03:31:14,2023,7,18.0,HUMAN_OBSERVATION,50c9509d-22c7-4a22-a47d-8c48425ef4a7
4400264893,Senna didymobotrya (Fresen.) H.S.Irwin & Barneby,-0.303962,35.274208,2023-08-18T10:01:10,2023,8,18.0,HUMAN_OBSERVATION,50c9509d-22c7-4a22-a47d-8c48425ef4a7
4413475656,Thunbergia alata Bojer ex Sims,0.112068,35.104281,2023-08-26T12:28:35,2023,8,26.0,HUMAN_OBSERVATION,50c9509d-22c7-4a22-a47d-8c48425ef4a7
4413552195,Thunbergia alata Bojer ex Sims,0.114379,35.101828,2023-08-26T12:28:35,2023,8,26.0,HUMAN_OBSERVATION,50c9509d-22c7-4a22-a47d-8c48425ef4a7
4610033303,"Pardipicus caroli (Malherbe, 1852)",0.22692,34.884655,2023-08-23,2023,8,23.0,HUMAN_OBSERVATION,4fa7b334-ce0d-4e88-aaae-2e0c138d049e
4610036723,"Prinia bairdii (Cassin, 1855)",0.22692,34.884655,2023-08-08,2023,8,8.0,HUMAN_OBSERVATION,4fa7b334-ce0d-4e88-aaae-2e0c138d049e
4610094849,"Psittacus erithacus Linnaeus, 1758",0.22692,34.884655,2023-08-28,2023,8,28.0,HUMAN_OBSERVATION,4fa7b334-ce0d-4e88-aaae-2e0c138d049e
4610111960,"Elminia longicauda (Swainson, 1838)",0.212681,34.92315,2023-08-27,2023,8,27.0,HUMAN_OBSERVATION,4fa7b334-ce0d-4e88-aaae-2e0c138d049e
4610147150,"Phyllastrephus cabanisi (Sharpe, 1882)",0.212681,34.92315,2023-08-28,2023,8,28.0,HUMAN_OBSERVATION,4fa7b334-ce0d-4e88-aaae-2e0c138d049e
4610147151,"Sarothrura pulchra (J.E.Gray, 1829)",0.212681,34.92315,2023-08-28,2023,8,28.0,HUMAN_OBSERVATION,4fa7b334-ce0d-4e88-aaae-2e0c138d049e
4610147259,"Centropus monachus Ruppell, 1837",-0.125407,34.742504,2023-08-29,2023,8,29.0,HUMAN_OBSERVATION,4fa7b334-ce0d-4e88-aaae-2e0c138d049e
4610147938,"Ploceus insignis (Sharpe, 1891)",0.22692,34.884655,2023-08-26,2023,8,26.0,HUMAN_OBSERVATION,4fa7b334-ce0d-4e88-aaae-2e0c138d049e
4610275910,"Merops oreobates (Sharpe, 1892)",0.24726,34.87463,2023-08-20,2023,8,20.0,HUMAN_OBSERVATION,4fa7b334-ce0d-4e88-aaae-2e0c138d049e
4610356336,"Oreolais pulcher (Sharpe, 1891)",0.22692,34.884655,2023-08-08,2023,8,8.0,HUMAN_OBSERVATION,4fa7b334-ce0d-4e88-aaae-2e0c138d049e
4413482063,"Xylocopa flavorufa (DeGeer, 1778)",-0.427469,34.689798,2023-09-12,2023,9,12.0,HUMAN_OBSERVATION,50c9509d-22c7-4a22-a47d-8c48425ef4a7
4413797636,"Lethocerus cordofanus Mayr, 1853",-0.524984,34.457221,2023-09-11T22:42:16,2023,9,11.0,HUMAN_OBSERVATION,50c9509d-22c7-4a22-a47d-8c48425ef4a7
4413833128,"Leptoptilos crumenifer (R.P.Lesson, 1831)",-0.525554,34.457383,2023-09-07T07:41:08,2023,9,7.0,HUMAN_OBSERVATION,50c9509d-22c7-4a22-a47d-8c48425ef4a7
4416635225,Eriboea Hübner,0.218343,34.883308,2023-09-04T10:43,2023,9,4.0,HUMAN_OBSERVATION,50c9509d-22c7-4a22-a47d-8c48425ef4a7
4416649133,"Trachylepis striata (Peters, 1844)",0.226777,34.88471,2023-09-05T06:42,2023,9,5.0,HUMAN_OBSERVATION,50c9509d-22c7-4a22-a47d-8c48425ef4a7
4416669977,"Cossypha heuglini Hartlaub, 1866",0.226533,34.884757,2023-09-04T07:47,2023,9,4.0,HUMAN_OBSERVATION,50c9509d-22c7-4a22-a47d-8c48425ef4a7
4416673605,"Gymnobucco bonapartei Hartlaub, 1854",0.225503,34.886447,2023-09-03T15:36,2023,9,3.0,HUMAN_OBSERVATION,50c9509d-22c7-4a22-a47d-8c48425ef4a7
4416679153,"Junonia gregorii Butler, 1895",0.199395,34.876532,2023-09-04T13:52,2023,9,4.0,HUMAN_OBSERVATION,50c9509d-22c7-4a22-a47d-8c48425ef4a7
4416681096,"Nigrita canicapillus (Strickland, 1841)",0.226276,34.884833,2023-09-04T08:05,2023,9,4.0,HUMAN_OBSERVATION,50c9509d-22c7-4a22-a47d-8c48425ef4a7
4416683762,"Corythaeola cristata (Vieillot, 1816)",0.225987,34.885106,2023-09-03T15:18,2023,9,3.0,HUMAN_OBSERVATION,50c9509d-22c7-4a22-a47d-8c48425ef4a7
4416683945,"Hylia prasina (Cassin, 1855)",0.225785,34.884693,2023-09-04T08:20,2023,9,4.0,HUMAN_OBSERVATION,50c9509d-22c7-4a22-a47d-8c48425ef4a7
4416686045,"Bathmocercus rufus Reichenow, 1895",0.217767,34.884174,2023-09-04T08:50,2023,9,4.0,HUMAN_OBSERVATION,50c9509d-22c7-4a22-a47d-8c48425ef4a7
4416692826,"Merops oreobates (Sharpe, 1892)",0.22603,34.885234,2023-09-03T15:12,2023,9,3.0,HUMAN_OBSERVATION,50c9509d-22c7-4a22-a47d-8c48425ef4a7
4532703484,"Ctenopoma muriei (Boulenger, 1906)",-0.166667,34.916667,2023-10-11,2023,10,11.0,PRESERVED_SPECIMEN,c2914e4b-381d-4814-8a34-66a7d949fd44
4532703743,"Haplochromis Hilgendorf, 1888",-0.166667,34.916667,2023-10-11,2023,10,11.0,PRESERVED_SPECIMEN,c2914e4b-381d-4814-8a34-66a7d949fd44
4611049549,"Merops albicollis Vieillot, 1817",0.22692,34.884655,2023-10-06,2023,10,6.0,HUMAN_OBSERVATION,4fa7b334-ce0d-4e88-aaae-2e0c138d049e
4611061577,"Merops oreobates (Sharpe, 1892)",0.22692,34.884655,2023-10-03,2023,10,3.0,HUMAN_OBSERVATION,4fa7b334-ce0d-4e88-aaae-2e0c138d049e
4611067143,"Laniarius luehderi Reichenow, 1874",0.22692,34.884655,2023-10-03,2023,10,3.0,HUMAN_OBSERVATION,4fa7b334-ce0d-4e88-aaae-2e0c138d049e
4611085399,"Laniarius luehderi Reichenow, 1874",0.22692,34.884655,2023-10-07,2023,10,7.0,HUMAN_OBSERVATION,4fa7b334-ce0d-4e88-aaae-2e0c138d049e
4611086201,"Platysteira cyanea (Statius Muller, 1776)",0.238735,34.86586,2023-10-03,2023,10,3.0,HUMAN_OBSERVATION,4fa7b334-ce0d-4e88-aaae-2e0c138d049e
4611094897,"Phyllastrephus hypochloris (Jackson, 1906)",0.220649,34.90195,2023-10-04,2023,10,4.0,HUMAN_OBSERVATION,4fa7b334-ce0d-4e88-aaae-2e0c138d049e
4611095150,"Spermophaga ruficapilla (Shelley, 1888)",0.22692,34.884655,2023-10-04,2023,10,4.0,HUMAN_OBSERVATION,4fa7b334-ce0d-4e88-aaae-2e0c138d049e
4611233395,"Ploceus nigerrimus Vieillot, 1819",0.22692,34.884655,2023-10-04,2023,10,4.0,HUMAN_OBSERVATION,4fa7b334-ce0d-4e88-aaae-2e0c138d049e
4611233857,"Merops oreobates (Sharpe, 1892)",0.220026,34.884956,2023-10-08,2023,10,8.0,HUMAN_OBSERVATION,4fa7b334-ce0d-4e88-aaae-2e0c138d049e
4611271686,"Terpsiphone viridis (Statius Muller, 1776)",0.220026,34.884956,2023-10-08,2023,10,8.0,HUMAN_OBSERVATION,4fa7b334-ce0d-4e88-aaae-2e0c138d049e
4611431273,"Saxicola torquatus (Linnaeus, 1766)",0.22692,34.884655,2023-10-17,2023,10,17.0,HUMAN_OBSERVATION,4fa7b334-ce0d-4e88-aaae-2e0c138d049e
4454027638,"Nandinia binotata (Gray, 1830)",0.228272,34.874706,2023-11-20T21:42:03,2023,11,20.0,HUMAN_OBSERVATION,50c9509d-22c7-4a22-a47d-8c48425ef4a7
4454089181,"Anomalurus derbianus (Gray, 1842)",0.225856,34.885164,2023-11-20T16:57:30,2023,11,20.0,HUMAN_OBSERVATION,50c9509d-22c7-4a22-a47d-8c48425ef4a7
4458439894,"Junonia sophia (Fabricius, 1793)",0.277705,34.915569,2023-11-25T08:05,2023,11,25.0,HUMAN_OBSERVATION,50c9509d-22c7-4a22-a47d-8c48425ef4a7
4458456892,Vanessula milca,0.273813,34.878365,2023-11-25T09:25,2023,11,25.0,HUMAN_OBSERVATION,50c9509d-22c7-4a22-a47d-8c48425ef4a7
4458459723,Vanessula milca,0.29187,34.856781,2023-11-25T10:49,2023,11,25.0,HUMAN_OBSERVATION,50c9509d-22c7-4a22-a47d-8c48425ef4a7
4458464851,Cymothoe hobarti,0.295259,34.856397,2023-11-25T10:32,2023,11,25.0,HUMAN_OBSERVATION,50c9509d-22c7-4a22-a47d-8c48425ef4a7
4458471021,"Amauris albimaculata Butler, 1875",0.294738,34.830118,2023-11-25T09:22,2023,11,25.0,HUMAN_OBSERVATION,50c9509d-22c7-4a22-a47d-8c48425ef4a7
4458472688,"Eurytela hiarbas Drury, 1782",0.292131,34.855737,2023-11-25T10:35,2023,11,25.0,HUMAN_OBSERVATION,50c9509d-22c7-4a22-a47d-8c48425ef4a7
4458480771,Solanum mauritianum Scop.,0.289717,34.851237,2023-11-25T10:02,2023,11,25.0,HUMAN_OBSERVATION,50c9509d-22c7-4a22-a47d-8c48425ef4a7
4458481675,"Papilio phorcas Cramer, 1775",0.238172,34.869657,2023-11-25T10:39,2023,11,25.0,HUMAN_OBSERVATION,50c9509d-22c7-4a22-a47d-8c48425ef4a7
4458491779,Justicia flava (Forssk.) Vahl,0.297341,34.854116,2023-11-25T10:27,2023,11,25.0,HUMAN_OBSERVATION,50c9509d-22c7-4a22-a47d-8c48425ef4a7
4458536451,"Genetta Oken, 1816",0.225778,34.884356,2023-11-22T01:51,2023,11,22.0,HUMAN_OBSERVATION,50c9509d-22c7-4a22-a47d-8c48425ef4a7
4458696791,Oxalis corniculata L.,0.295359,34.85379,2023-11-25T10:37,2023,11,25.0,HUMAN_OBSERVATION,50c9509d-22c7-4a22-a47d-8c48425ef4a7
4458529572,"Palpopleura portia (Drury, 1773)",0.005081,34.653183,2023-12-05T16:01:21,2023,12,5.0,HUMAN_OBSERVATION,50c9509d-22c7-4a22-a47d-8c48425ef4a7
4465417247,Justicia flava (Forssk.) Vahl,0.182493,35.161463,2023-12-07T16:52,2023,12,7.0,HUMAN_OBSERVATION,50c9509d-22c7-4a22-a47d-8c48425ef4a7
4465452909,"Milvus migrans (Boddaert, 1783)",0.182077,35.160817,2023-12-07T11:50:12,2023,12,7.0,HUMAN_OBSERVATION,50c9509d-22c7-4a22-a47d-8c48425ef4a7
4465454244,Achyranthes aspera L.,0.182523,35.161428,2023-12-07T16:47,2023,12,7.0,HUMAN_OBSERVATION,50c9509d-22c7-4a22-a47d-8c48425ef4a7
4465509408,Solanum aculeastrum Dunal,0.182518,35.162113,2023-12-07T17:17,2023,12,7.0,HUMAN_OBSERVATION,50c9509d-22c7-4a22-a47d-8c48425ef4a7
4465512399,Croton megalocarpus Hutch.,0.182513,35.16197,2023-12-07T17:15,2023,12,7.0,HUMAN_OBSERVATION,50c9509d-22c7-4a22-a47d-8c48425ef4a7
4465656112,"Motacilla aguimp Temminck, 1820",0.182453,35.16122,2023-12-07T16:42,2023,12,7.0,HUMAN_OBSERVATION,50c9509d-22c7-4a22-a47d-8c48425ef4a7
4465735423,Ageratum conyzoides L.,0.182353,35.161818,2023-12-07T17:24,2023,12,7.0,HUMAN_OBSERVATION,50c9509d-22c7-4a22-a47d-8c48425ef4a7
4465743313,Ricinus communis L.,0.182518,35.162113,2023-12-07T17:23,2023,12,7.0,HUMAN_OBSERVATION,50c9509d-22c7-4a22-a47d-8c48425ef4a7
4465747330,Crassocephalum crepidioides (Benth.) S.Moore,0.182518,35.162113,2023-12-07T17:21,2023,12,7.0,HUMAN_OBSERVATION,50c9509d-22c7-4a22-a47d-8c48425ef4a7
4500570772,Tecomaria capensis (Thunb.) Spach,0.182353,35.161818,2023-12-07T17:24,2023,12,7.0,HUMAN_OBSERVATION,50c9509d-22c7-4a22-a47d-8c48425ef4a7
4506255298,"Corvus albus Statius Muller, 1776",-0.371647,35.28533,2023-12-23T08:24:58,2023,12,23.0,HUMAN_OBSERVATION,50c9509d-22c7-4a22-a47d-8c48425ef4a7
4506306788,"Halcyon senegalensis (Linnaeus, 1766)",-0.349101,34.656483,2023-12-16T12:58:12,2023,12,16.0,HUMAN_OBSERVATION,50c9509d-22c7-4a22-a47d-8c48425ef4a7
4510375865,"Bostrychia hagedash (Latham, 1790)",0.330475,35.139287,2024-01-07T17:32:29,2024,1,7.0,HUMAN_OBSERVATION,50c9509d-22c7-4a22-a47d-8c48425ef4a7
4510390911,"Ploceus baglafecht (Daudin, 1802)",0.330475,35.139287,2024-01-07T17:35:30,2024,1,7.0,HUMAN_OBSERVATION,50c9509d-22c7-4a22-a47d-8c48425ef4a7
4516352174,"Corvus albus Statius Muller, 1776",0.12843,34.859615,2024-01-08T12:53,2024,1,8.0,HUMAN_OBSERVATION,50c9509d-22c7-4a22-a47d-8c48425ef4a7
4525132993,"Belenois aurota (Fabricius, 1793)",0.236702,34.891166,2024-01-01T09:17,2024,1,1.0,HUMAN_OBSERVATION,50c9509d-22c7-4a22-a47d-8c48425ef4a7
4599735318,"Junonia Hübner, 1819",0.227295,34.883725,2024-01-06T12:10:38,2024,1,6.0,HUMAN_OBSERVATION,50c9509d-22c7-4a22-a47d-8c48425ef4a7
4600102341,"Junonia gregorii Butler, 1895",0.218553,34.883667,2024-01-05T10:50:03,2024,1,5.0,HUMAN_OBSERVATION,50c9509d-22c7-4a22-a47d-8c48425ef4a7
4993867535,"Malimbus rubricollis (Swainson, 1838)",0.225081,34.898297,2024-01-19T12:12:58,2024,1,19.0,HUMAN_OBSERVATION,50c9509d-22c7-4a22-a47d-8c48425ef4a7
4993874822,"Colius striatus J.F.Gmelin, 1789",0.227914,34.884309,2024-01-18T14:50:42,2024,1,18.0,HUMAN_OBSERVATION,50c9509d-22c7-4a22-a47d-8c48425ef4a7
4993874825,"Phyllastrephus cabanisi (Sharpe, 1882)",-0.086397,35.323817,2024-01-20T15:27:08,2024,1,20.0,HUMAN_OBSERVATION,50c9509d-22c7-4a22-a47d-8c48425ef4a7
4993982925,"Muscicapa aquatica Heuglin, 1864",-0.144947,34.737914,2024-01-13T13:17:12,2024,1,13.0,HUMAN_OBSERVATION,50c9509d-22c7-4a22-a47d-8c48425ef4a7
4994050458,"Spermophaga ruficapilla (Shelley, 1888)",0.223177,34.911898,2024-01-19T12:39:35,2024,1,19.0,HUMAN_OBSERVATION,50c9509d-22c7-4a22-a47d-8c48425ef4a7
4994071852,"Guttera verreauxi (D.G.Elliot, 1870)",0.234391,34.88922,2024-01-18T19:56:24,2024,1,18.0,HUMAN_OBSERVATION,50c9509d-22c7-4a22-a47d-8c48425ef4a7
4994077782,"Bathmocercus rufus Reichenow, 1895",0.224196,34.885318,2024-01-20T10:35:48,2024,1,20.0,HUMAN_OBSERVATION,50c9509d-22c7-4a22-a47d-8c48425ef4a7
4525054120,"Uraeginthus bengalus (Linnaeus, 1766)",-0.115932,34.74424,2024-02-15T10:11:30,2024,2,15.0,HUMAN_OBSERVATION,50c9509d-22c7-4a22-a47d-8c48425ef4a7
4525057052,Cascabela thevetia (L.) Lippold,-0.118358,34.744661,2024-02-15T10:20:26,2024,2,15.0,HUMAN_OBSERVATION,50c9509d-22c7-4a22-a47d-8c48425ef4a7
4525057061,Ageratum conyzoides L.,-0.116489,34.744047,2024-02-15T10:40:44,2024,2,15.0,HUMAN_OBSERVATION,50c9509d-22c7-4a22-a47d-8c48425ef4a7
4525058244,"Junonia oenone oenone (Linnaeus, 1758)",-0.112407,34.747231,2024-02-15T16:09:58,2024,2,15.0,HUMAN_OBSERVATION,50c9509d-22c7-4a22-a47d-8c48425ef4a7
4525072138,Pontederia crassipes Mart.,-0.115674,34.744208,2024-02-15T10:40:51,2024,2,15.0,HUMAN_OBSERVATION,50c9509d-22c7-4a22-a47d-8c48425ef4a7
4525072159,"Scopus umbretta Gmelin, 1789",-0.117207,34.744863,2024-02-15T11:33:25,2024,2,15.0,HUMAN_OBSERVATION,50c9509d-22c7-4a22-a47d-8c48425ef4a7
4525074954,"Pogonornis bidentatus (Shaw, 1798)",-0.11458,34.744408,2024-02-15T10:11:46,2024,2,15.0,HUMAN_OBSERVATION,50c9509d-22c7-4a22-a47d-8c48425ef4a7
4525080097,"Colius striatus J.F.Gmelin, 1789",-0.115331,34.74409,2024-02-15T10:46:33,2024,2,15.0,HUMAN_OBSERVATION,50c9509d-22c7-4a22-a47d-8c48425ef4a7
4525080107,Asystasia intrusa (Forssk.) Blume,-0.116134,34.744582,2024-02-15T10:59:19,2024,2,15.0,HUMAN_OBSERVATION,50c9509d-22c7-4a22-a47d-8c48425ef4a7
4525083286,"Chlorocebus pygerythrus (F.Cuvier, 1821)",-0.115983,34.744478,2024-02-15T10:01,2024,2,15.0,HUMAN_OBSERVATION,50c9509d-22c7-4a22-a47d-8c48425ef4a7
4525086259,"Pycnonotus barbatus (Desfontaines, 1789)",-0.112456,34.747481,2024-02-15T10:06:30,2024,2,15.0,HUMAN_OBSERVATION,50c9509d-22c7-4a22-a47d-8c48425ef4a7
4525088141,"Anastomus lamelligerus lamelligerus Temminck, 1823",-0.116148,34.744378,2024-02-15T10:42:53,2024,2,15.0,HUMAN_OBSERVATION,50c9509d-22c7-4a22-a47d-8c48425ef4a7
4525090036,Momordica charantia subsp. charantia,-0.115479,34.744087,2024-02-15T10:39:18,2024,2,15.0,HUMAN_OBSERVATION,50c9509d-22c7-4a22-a47d-8c48425ef4a7
4597086713,"Platycypha caligata (Selys, 1853)",-0.003252,34.545534,2024-03-15T10:41,2024,3,15.0,HUMAN_OBSERVATION,50c9509d-22c7-4a22-a47d-8c48425ef4a7
4597532553,"Palpopleura portia (Drury, 1773)",-0.014638,34.535867,2024-03-14T10:30,2024,3,14.0,HUMAN_OBSERVATION,50c9509d-22c7-4a22-a47d-8c48425ef4a7
4597569629,"Zygonyx torridus (Kirby, 1889)",-0.003184,34.545468,2024-03-14T10:40,2024,3,14.0,HUMAN_OBSERVATION,50c9509d-22c7-4a22-a47d-8c48425ef4a7
4598220374,"Zygonyx natalensis (Martin, 1900)",-0.125,34.625,2024-03-18,2024,3,18.0,HUMAN_OBSERVATION,999d8fed-d06d-48d8-87ee-cc36e6c8456c
4598220376,"Chlorocypha curta (Hagen, 1853)",-0.125,34.625,2024-03-18,2024,3,18.0,HUMAN_OBSERVATION,999d8fed-d06d-48d8-87ee-cc36e6c8456c
4598220383,"Bradinopyga cornuta Ris, 1911",-0.125,34.625,2024-03-18,2024,3,18.0,HUMAN_OBSERVATION,999d8fed-d06d-48d8-87ee-cc36e6c8456c
4598220385,"Pseudagrion hageni Karsch, 1893",-0.125,34.625,2024-03-18,2024,3,18.0,HUMAN_OBSERVATION,999d8fed-d06d-48d8-87ee-cc36e6c8456c
4598220428,"Zygonyx torridus (Kirby, 1889)",-0.125,34.625,2024-03-16,2024,3,16.0,HUMAN_OBSERVATION,999d8fed-d06d-48d8-87ee-cc36e6c8456c
4598220429,"Palpopleura portia (Drury, 1773)",-0.125,34.625,2024-03-16,2024,3,16.0,HUMAN_OBSERVATION,999d8fed-d06d-48d8-87ee-cc36e6c8456c
4849066309,"Platycypha caligata (Selys, 1853)",-0.125,34.625,2024-03-16,2024,3,16.0,HUMAN_OBSERVATION,999d8fed-d06d-48d8-87ee-cc36e6c8456c
4851770078,"Corythaeola cristata (Vieillot, 1816)",0.226019,34.884905,2024-03-12T05:38,2024,3,12.0,HUMAN_OBSERVATION,50c9509d-22c7-4a22-a47d-8c48425ef4a7
4851828318,"Anas undulata C.F.Dubois, 1838",-0.429254,35.309062,2024-03-10T20:56,2024,3,10.0,HUMAN_OBSERVATION,50c9509d-22c7-4a22-a47d-8c48425ef4a7
4852021607,"Stephanoaetus coronatus (Linnaeus, 1766)",0.218489,34.829132,2024-03-12T06:07,2024,3,12.0,HUMAN_OBSERVATION,50c9509d-22c7-4a22-a47d-8c48425ef4a7
4851728351,"Junonia terea (Drury, 1773)",-0.111185,34.75122,2024-04-26T13:50,2024,4,26.0,HUMAN_OBSERVATION,50c9509d-22c7-4a22-a47d-8c48425ef4a7
4851786668,"Colius striatus J.F.Gmelin, 1789",-0.121399,34.744997,2024-04-26T16:05,2024,4,26.0,HUMAN_OBSERVATION,50c9509d-22c7-4a22-a47d-8c48425ef4a7
4851886477,"Crinifer zonurus (Ruppell, 1835)",-0.08947,34.756284,2024-04-27T07:47,2024,4,27.0,HUMAN_OBSERVATION,50c9509d-22c7-4a22-a47d-8c48425ef4a7
4851967730,"Ploceus cucullatus (Statius Muller, 1776)",-0.088311,34.757571,2024-04-27T07:24,2024,4,27.0,HUMAN_OBSERVATION,50c9509d-22c7-4a22-a47d-8c48425ef4a7
4851968024,"Spermestes cucullata Swainson, 1837",-0.095092,34.751306,2024-04-27T08:27,2024,4,27.0,HUMAN_OBSERVATION,50c9509d-22c7-4a22-a47d-8c48425ef4a7
4851970510,"Scopus umbretta Gmelin, 1789",-0.094577,34.749932,2024-04-27T08:48,2024,4,27.0,HUMAN_OBSERVATION,50c9509d-22c7-4a22-a47d-8c48425ef4a7
4852068866,"Ardea melanocephala Children & Vigors, 1826",-0.093611,34.753301,2024-04-27T08:24,2024,4,27.0,HUMAN_OBSERVATION,50c9509d-22c7-4a22-a47d-8c48425ef4a7
4852100305,"Papilio demodocus Esper, 1798",-0.112988,34.749804,2024-04-26T14:08,2024,4,26.0,HUMAN_OBSERVATION,50c9509d-22c7-4a22-a47d-8c48425ef4a7
4852247452,"Microcarbo africanus (Gmelin, 1789)",-0.094148,34.750404,2024-04-27T09:04,2024,4,27.0,HUMAN_OBSERVATION,50c9509d-22c7-4a22-a47d-8c48425ef4a7
4852272025,"Halcyon senegalensis (Linnaeus, 1766)",-0.089813,34.756026,2024-04-27T08:10,2024,4,27.0,HUMAN_OBSERVATION,50c9509d-22c7-4a22-a47d-8c48425ef4a7
4852330045,"Danaus chrysippus (Linnaeus, 1758)",-0.118137,34.746327,2024-04-26T15:48,2024,4,26.0,HUMAN_OBSERVATION,50c9509d-22c7-4a22-a47d-8c48425ef4a7
4852396616,"Clarias gariepinus (Burchell, 1822)",-0.094448,34.750147,2024-04-27T08:54,2024,4,27.0,HUMAN_OBSERVATION,50c9509d-22c7-4a22-a47d-8c48425ef4a7
4852421861,"Palpopleura portia (Drury, 1773)",-0.120197,34.745855,2024-04-26T16:13,2024,4,26.0,HUMAN_OBSERVATION,50c9509d-22c7-4a22-a47d-8c48425ef4a7
4903818849,"Caridina nilotica (P.Roux, 1833)",-0.192315,34.953693,2024-05-19T11:13,2024,5,19.0,HUMAN_OBSERVATION,50c9509d-22c7-4a22-a47d-8c48425ef4a7
4919373972,"Cuculus solitarius Stephens, 1815",-0.154093,34.818087,2024-05-01T17:48:21,2024,5,1.0,HUMAN_OBSERVATION,50c9509d-22c7-4a22-a47d-8c48425ef4a7
4919681435,"Cuculus solitarius Stephens, 1815",-0.150255,34.813601,2024-05-01T17:49:10,2024,5,1.0,HUMAN_OBSERVATION,50c9509d-22c7-4a22-a47d-8c48425ef4a7
4919720472,"Cuculus solitarius Stephens, 1815",-0.153851,34.819122,2024-05-01T18:03:11,2024,5,1.0,HUMAN_OBSERVATION,50c9509d-22c7-4a22-a47d-8c48425ef4a7
5295687369,"Ploceus bicolor Vieillot, 1819",0.067626,35.035194,2024-05-11,2024,5,11.0,HUMAN_OBSERVATION,4fa7b334-ce0d-4e88-aaae-2e0c138d049e
5295914489,"Streptopelia capicola (Sundevall, 1857)",0.238735,34.86586,2024-05-31,2024,5,31.0,HUMAN_OBSERVATION,4fa7b334-ce0d-4e88-aaae-2e0c138d049e
5296051272,"Cecropis F.Boie, 1826",0.081892,34.988647,2024-05-11,2024,5,11.0,HUMAN_OBSERVATION,4fa7b334-ce0d-4e88-aaae-2e0c138d049e
5296516318,"Streptopelia capicola (Sundevall, 1857)",-0.125407,34.742504,2024-05-29,2024,5,29.0,HUMAN_OBSERVATION,4fa7b334-ce0d-4e88-aaae-2e0c138d049e
5297261755,"Tricholaema hirsuta (Swainson, 1821)",0.081892,34.988647,2024-05-11,2024,5,11.0,HUMAN_OBSERVATION,4fa7b334-ce0d-4e88-aaae-2e0c138d049e
5298200891,"Turtur tympanistria (Temminck, 1809)",0.067404,35.034763,2024-05-21,2024,5,21.0,HUMAN_OBSERVATION,4fa7b334-ce0d-4e88-aaae-2e0c138d049e
5298824570,"Ploceus baglafecht (Daudin, 1802)",0.070202,35.03377,2024-05-03,2024,5,3.0,HUMAN_OBSERVATION,4fa7b334-ce0d-4e88-aaae-2e0c138d049e
5298997204,"Nectarinia kilimensis Shelley, 1885",-0.125407,34.742504,2024-05-18,2024,5,18.0,HUMAN_OBSERVATION,4fa7b334-ce0d-4e88-aaae-2e0c138d049e
5299311401,"Elminia longicauda (Swainson, 1838)",0.081892,34.988647,2024-05-11,2024,5,11.0,HUMAN_OBSERVATION,4fa7b334-ce0d-4e88-aaae-2e0c138d049e
4891643154,Hibiscus trionum L.,-0.11075,34.995072,2024-06-04T09:29:08,2024,6,4.0,HUMAN_OBSERVATION,50c9509d-22c7-4a22-a47d-8c48425ef4a7
4892009221,"Lamprotornis superbus Rüppell, 1845",-0.130811,34.794937,2024-06-03T08:34:26,2024,6,3.0,HUMAN_OBSERVATION,50c9509d-22c7-4a22-a47d-8c48425ef4a7
4892095729,"Scopus umbretta Gmelin, 1789",-0.12138,34.745005,2024-06-02T14:50:03,2024,6,2.0,HUMAN_OBSERVATION,50c9509d-22c7-4a22-a47d-8c48425ef4a7
4903768712,"Protopterus aethiopicus Heckel, 1851",-0.199378,34.957138,2024-06-05T11:42,2024,6,5.0,HUMAN_OBSERVATION,50c9509d-22c7-4a22-a47d-8c48425ef4a7
4903812412,Parthenium hysterophorus L.,-0.170562,35.18409,2024-06-08T10:28:37,2024,6,8.0,HUMAN_OBSERVATION,50c9509d-22c7-4a22-a47d-8c48425ef4a7
4903835699,"Cercopithecus ascanius schmidti Matschie, 1892",-0.380217,35.324654,2024-06-26T12:14:31,2024,6,26.0,HUMAN_OBSERVATION,50c9509d-22c7-4a22-a47d-8c48425ef4a7
4903914040,Pistia stratiotes L.,-0.120675,34.745137,2024-06-02T14:51:42,2024,6,2.0,HUMAN_OBSERVATION,50c9509d-22c7-4a22-a47d-8c48425ef4a7
4904113609,"Nothobranchius derhami Valdesalici & Amato, 2019",-0.192258,34.953974,2024-06-05T09:05,2024,6,5.0,HUMAN_OBSERVATION,50c9509d-22c7-4a22-a47d-8c48425ef4a7
4904293375,Dracaena fragrans (L.) Ker Gawl.,0.237709,34.867141,2024-06-14T11:29:15,2024,6,14.0,HUMAN_OBSERVATION,50c9509d-22c7-4a22-a47d-8c48425ef4a7
4908824626,"Equus quagga Boddaert, 1785",-0.046681,34.712865,2024-06-02T14:00:53,2024,6,2.0,HUMAN_OBSERVATION,50c9509d-22c7-4a22-a47d-8c48425ef4a7
4910638691,Impatiens hochstetteri Warb.,0.238701,34.864302,2024-06-14T12:24:49,2024,6,14.0,HUMAN_OBSERVATION,50c9509d-22c7-4a22-a47d-8c48425ef4a7
4925818126,"Bostrychia hagedash (Latham, 1790)",0.350525,34.868901,2024-06-23T21:02,2024,6,23.0,HUMAN_OBSERVATION,50c9509d-22c7-4a22-a47d-8c48425ef4a7
4925834735,"Junonia Hübner, 1819",0.350525,34.868901,2024-06-23T12:06,2024,6,23.0,HUMAN_OBSERVATION,50c9509d-22c7-4a22-a47d-8c48425ef4a7
4919139280,"Brycoptera lobata Ragge, 1981",0.220772,34.885192,2024-07-28T16:04:17,2024,7,28.0,HUMAN_OBSERVATION,50c9509d-22c7-4a22-a47d-8c48425ef4a7
4919181464,Lunularia cruciata (L.) Dumort. ex Lindb.,0.256453,34.883755,2024-07-30T16:29:39,2024,7,30.0,HUMAN_OBSERVATION,50c9509d-22c7-4a22-a47d-8c48425ef4a7
4919183520,"Tagoropsis flavinata Walker, 1865",0.227528,34.88397,2024-07-28T07:45:35,2024,7,28.0,HUMAN_OBSERVATION,50c9509d-22c7-4a22-a47d-8c48425ef4a7
4919184015,"Pycnonotus barbatus (Desfontaines, 1789)",0.284851,34.761581,2024-07-30T09:14:14,2024,7,30.0,HUMAN_OBSERVATION,50c9509d-22c7-4a22-a47d-8c48425ef4a7
4919277045,"Phrynetopsis fuscicornis (Chevrolat, 1856)",0.224167,34.88515,2024-07-27T21:25:47,2024,7,27.0,HUMAN_OBSERVATION,50c9509d-22c7-4a22-a47d-8c48425ef4a7
4919293217,"Cercopithecus ascanius schmidti Matschie, 1892",0.35143,34.865732,2024-07-22T13:13,2024,7,22.0,HUMAN_OBSERVATION,50c9509d-22c7-4a22-a47d-8c48425ef4a7
4919343408,Agonoscelis versicoloratus (Turton) Turton,0.294639,34.769844,2024-07-25T18:25,2024,7,25.0,HUMAN_OBSERVATION,50c9509d-22c7-4a22-a47d-8c48425ef4a7
4919364943,Protea madiensis subsp. madiensis,0.217317,34.89629,2024-07-30T11:42:23,2024,7,30.0,HUMAN_OBSERVATION,50c9509d-22c7-4a22-a47d-8c48425ef4a7
4919459439,"Colobus guereza matschiei Neumann, 1899",0.254762,34.883414,2024-07-30T15:12:58,2024,7,30.0,HUMAN_OBSERVATION,50c9509d-22c7-4a22-a47d-8c48425ef4a7
4919461607,"Brycoptera lobata Ragge, 1981",0.22705,34.884705,2024-07-29T06:52:56,2024,7,29.0,HUMAN_OBSERVATION,50c9509d-22c7-4a22-a47d-8c48425ef4a7
4919647347,"Aethiopocassis quadrioculata (Spaeth, 1916)",0.294558,34.769455,2024-07-25T18:36,2024,7,25.0,HUMAN_OBSERVATION,50c9509d-22c7-4a22-a47d-8c48425ef4a7
4919653094,"Motacilla aguimp Temminck, 1820",0.284821,34.761577,2024-07-30T09:15:19,2024,7,30.0,HUMAN_OBSERVATION,50c9509d-22c7-4a22-a47d-8c48425ef4a7
4919706612,"Nesciothemis farinosa (Förster, 1898)",0.294869,34.769742,2024-07-25T18:42,2024,7,25.0,HUMAN_OBSERVATION,50c9509d-22c7-4a22-a47d-8c48425ef4a7
4921534436,"Belenois sudanensis (Talbot, 1929)",0.236845,34.868316,2024-08-02T15:40:14,2024,8,2.0,HUMAN_OBSERVATION,50c9509d-22c7-4a22-a47d-8c48425ef4a7
4921651484,"Junonia gregorii Butler, 1895",0.236828,34.868322,2024-08-02T15:46:15,2024,8,2.0,HUMAN_OBSERVATION,50c9509d-22c7-4a22-a47d-8c48425ef4a7
4921711385,"Protogoniomorpha parhassus (Drury, 1782)",0.236334,34.866475,2024-08-03T04:47,2024,8,3.0,HUMAN_OBSERVATION,50c9509d-22c7-4a22-a47d-8c48425ef4a7
4921714837,Telchinia lycoa,0.236334,34.866475,2024-08-03T04:39,2024,8,3.0,HUMAN_OBSERVATION,50c9509d-22c7-4a22-a47d-8c48425ef4a7
4921800343,"Junonia terea (Drury, 1773)",0.236334,34.866475,2024-08-03T04:10,2024,8,3.0,HUMAN_OBSERVATION,50c9509d-22c7-4a22-a47d-8c48425ef4a7
4921858913,"Evena Westwood, 1850",0.236334,34.866475,2024-08-03T04:27,2024,8,3.0,HUMAN_OBSERVATION,50c9509d-22c7-4a22-a47d-8c48425ef4a7
4921875558,"Papilio phorcas Cramer, 1775",0.236334,34.866475,2024-08-03T04:45,2024,8,3.0,HUMAN_OBSERVATION,50c9509d-22c7-4a22-a47d-8c48425ef4a7
4921892063,"Saxicola torquatus (Linnaeus, 1766)",0.233479,34.863584,2024-08-03T05:12,2024,8,3.0,HUMAN_OBSERVATION,50c9509d-22c7-4a22-a47d-8c48425ef4a7
4921945262,"Pogonornis bidentatus (Shaw, 1798)",0.297721,34.860074,2024-08-03T01:24,2024,8,3.0,HUMAN_OBSERVATION,50c9509d-22c7-4a22-a47d-8c48425ef4a7
4926330405,"Crinifer zonurus (Ruppell, 1835)",0.284802,34.761574,2024-08-01T12:28:33,2024,8,1.0,HUMAN_OBSERVATION,50c9509d-22c7-4a22-a47d-8c48425ef4a7
4936684749,"Leptopelis mackayi Köhler, Bwong, Schick, Veith & Lötters, 2006",0.245472,34.960419,2024-08-21T04:56:59,2024,8,21.0,HUMAN_OBSERVATION,50c9509d-22c7-4a22-a47d-8c48425ef4a7
4937217795,"Scopus umbretta Gmelin, 1789",-0.089117,34.761842,2024-08-22T07:47:59,2024,8,22.0,HUMAN_OBSERVATION,50c9509d-22c7-4a22-a47d-8c48425ef4a7
4945531859,Ocimum gratissimum subsp. gratissimum,0.227907,34.85539,2024-08-02T12:39:27,2024,8,2.0,HUMAN_OBSERVATION,50c9509d-22c7-4a22-a47d-8c48425ef4a7
4954249707,"Junonia gregorii Butler, 1895",0.22896,34.872939,2024-09-23T10:42,2024,9,23.0,HUMAN_OBSERVATION,50c9509d-22c7-4a22-a47d-8c48425ef4a7
4954310940,"Papilio phorcas Cramer, 1775",0.230223,34.866886,2024-09-23T14:00,2024,9,23.0,HUMAN_OBSERVATION,50c9509d-22c7-4a22-a47d-8c48425ef4a7
4954329827,"Papio anubis (Lesson, 1827)",0.224643,34.899201,2024-09-23T14:19,2024,9,23.0,HUMAN_OBSERVATION,50c9509d-22c7-4a22-a47d-8c48425ef4a7
4954406386,"Evena Westwood, 1850",0.229115,34.870042,2024-09-22T14:00,2024,9,22.0,HUMAN_OBSERVATION,50c9509d-22c7-4a22-a47d-8c48425ef4a7
4954427938,"Colobus guereza matschiei Neumann, 1899",0.227647,34.876394,2024-09-24T09:16,2024,9,24.0,HUMAN_OBSERVATION,50c9509d-22c7-4a22-a47d-8c48425ef4a7
4954586149,"Protoxerus stangeri (Waterhouse, 1842)",0.227399,34.87836,2024-09-23T10:09,2024,9,23.0,HUMAN_OBSERVATION,50c9509d-22c7-4a22-a47d-8c48425ef4a7
4954637479,"Protogoniomorpha parhassus (Drury, 1782)",0.227892,34.873839,2024-09-23T12:53,2024,9,23.0,HUMAN_OBSERVATION,50c9509d-22c7-4a22-a47d-8c48425ef4a7
4954701446,"Cercopithecus mitis stuhlmanni Matschie, 1893",0.227765,34.885735,2024-09-23T15:08,2024,9,23.0,HUMAN_OBSERVATION,50c9509d-22c7-4a22-a47d-8c48425ef4a7
4980482229,Clerodendrum rotundifolium Oliv.,-0.524363,34.810184,2024-09-11T17:31:50,2024,9,11.0,HUMAN_OBSERVATION,50c9509d-22c7-4a22-a47d-8c48425ef4a7
5110228318,Striga hermonthica (Delile) Benth.,-0.489822,34.51062,2024-09-20T06:57:50Z,2024,9,20.0,HUMAN_OBSERVATION,7a3679ef-5582-4aaa-81f0-8c2545cafc81
5110289378,Mimosa pudica L.,-0.45863,34.520264,2024-09-20T10:45:44Z,2024,9,20.0,HUMAN_OBSERVATION,7a3679ef-5582-4aaa-81f0-8c2545cafc81
5110403031,Hibiscus aponeurus Sprague & Hutch.,-0.458655,34.520752,2024-09-20T10:46:58Z,2024,9,20.0,HUMAN_OBSERVATION,7a3679ef-5582-4aaa-81f0-8c2545cafc81
5110460127,Mimosa pigra L.,-0.458637,34.520275,2024-09-20T10:44:45Z,2024,9,20.0,HUMAN_OBSERVATION,7a3679ef-5582-4aaa-81f0-8c2545cafc81
4976342516,"Trachylepis striata (Peters, 1844)",-0.365434,35.290661,2024-10-21T10:17,2024,10,21.0,HUMAN_OBSERVATION,50c9509d-22c7-4a22-a47d-8c48425ef4a7
4976452284,"Periplaneta americana (Linnaeus, 1758)",-0.051858,34.790132,2024-10-20T21:37,2024,10,20.0,HUMAN_OBSERVATION,50c9509d-22c7-4a22-a47d-8c48425ef4a7
4976602401,Solanum lycopersicum L.,-0.04667,34.79232,2024-10-20T17:15,2024,10,20.0,HUMAN_OBSERVATION,50c9509d-22c7-4a22-a47d-8c48425ef4a7
4980505559,"Bitis nasicornis (Shaw & Nodder, 1792)",0.364432,34.914428,2024-10-19T04:42,2024,10,19.0,HUMAN_OBSERVATION,50c9509d-22c7-4a22-a47d-8c48425ef4a7
4980663586,Datura stramonium L.,-0.04667,34.792332,2024-10-20,2024,10,20.0,HUMAN_OBSERVATION,50c9509d-22c7-4a22-a47d-8c48425ef4a7
4996327402,"Buccanodon duchaillui (Cassin, 1855)",0.2387,34.8659,2024-10-14,2024,10,14.0,HUMAN_OBSERVATION,b1047888-ae52-4179-9dd5-5448ea342a24
4996327407,"Ceuthmochares aereus (Vieillot, 1817)",0.2387,34.8659,2024-10-15,2024,10,15.0,HUMAN_OBSERVATION,b1047888-ae52-4179-9dd5-5448ea342a24
4996327409,"Chlorocichla laetissima (Sharpe, 1899)",0.2387,34.8659,2024-10-13,2024,10,13.0,HUMAN_OBSERVATION,b1047888-ae52-4179-9dd5-5448ea342a24
4996327422,"Cossypha niveicapilla (Lafresnaye, 1838)",0.2387,34.8659,2024-10-15,2024,10,15.0,HUMAN_OBSERVATION,b1047888-ae52-4179-9dd5-5448ea342a24
4996327425,"Dicrurus sharpei Oustalet, 1879",0.2387,34.8659,2024-10-14,2024,10,14.0,HUMAN_OBSERVATION,b1047888-ae52-4179-9dd5-5448ea342a24
4996327427,"Eremomela turneri Someren, 1920",0.2387,34.8659,2024-10-14,2024,10,14.0,HUMAN_OBSERVATION,b1047888-ae52-4179-9dd5-5448ea342a24
4996327430,"Eurillas virens (Cassin, 1857)",0.2387,34.8659,2024-10-15,2024,10,15.0,HUMAN_OBSERVATION,b1047888-ae52-4179-9dd5-5448ea342a24
4996327434,"Illadopsis pyrrhoptera (Reichenow & Neumann, 1895)",0.2387,34.8659,2024-10-14,2024,10,14.0,HUMAN_OBSERVATION,b1047888-ae52-4179-9dd5-5448ea342a24
4993758967,Biancaea decapetala (Roth) O.Deg.,0.227995,34.885316,2024-11-08T07:38,2024,11,8.0,HUMAN_OBSERVATION,50c9509d-22c7-4a22-a47d-8c48425ef4a7
4993773251,"Papilio lormieri Distant, 1874",0.227995,34.885316,2024-11-08T09:48,2024,11,8.0,HUMAN_OBSERVATION,50c9509d-22c7-4a22-a47d-8c48425ef4a7
4994031515,"Junonia gregorii Butler, 1895",0.227995,34.885316,2024-11-08T10:06,2024,11,8.0,HUMAN_OBSERVATION,50c9509d-22c7-4a22-a47d-8c48425ef4a7
4994116990,"Cercopithecus mitis stuhlmanni Matschie, 1893",0.236334,34.866475,2024-11-07T12:16,2024,11,7.0,HUMAN_OBSERVATION,50c9509d-22c7-4a22-a47d-8c48425ef4a7
4994283021,"Papilio phorcas Cramer, 1775",0.227995,34.885316,2024-11-08T09:50,2024,11,8.0,HUMAN_OBSERVATION,50c9509d-22c7-4a22-a47d-8c48425ef4a7
5006688104,"Ploceus melanocephalus (Linnaeus, 1758)",-0.119844,34.744881,2024-11-07T04:48,2024,11,7.0,HUMAN_OBSERVATION,50c9509d-22c7-4a22-a47d-8c48425ef4a7
5006688105,"Muscicapa aquatica Heuglin, 1864",-0.119844,34.744881,2024-11-07T06:22,2024,11,7.0,HUMAN_OBSERVATION,50c9509d-22c7-4a22-a47d-8c48425ef4a7
5006713555,"Ceryle rudis (Linnaeus, 1758)",-0.175625,34.701719,2024-11-07T07:29,2024,11,7.0,HUMAN_OBSERVATION,50c9509d-22c7-4a22-a47d-8c48425ef4a7
5006713557,"Merops albicollis Vieillot, 1817",0.236334,34.866475,2024-11-07T12:31,2024,11,7.0,HUMAN_OBSERVATION,50c9509d-22c7-4a22-a47d-8c48425ef4a7
5006718685,"Junonia sophia (Fabricius, 1793)",0.227051,34.884705,2024-11-09T09:08,2024,11,9.0,HUMAN_OBSERVATION,50c9509d-22c7-4a22-a47d-8c48425ef4a7
5006762172,"Ploceus melanocephalus (Linnaeus, 1758)",-0.144419,34.733375,2024-11-07T08:02,2024,11,7.0,HUMAN_OBSERVATION,50c9509d-22c7-4a22-a47d-8c48425ef4a7
5006770922,"Stephanoaetus coronatus (Linnaeus, 1766)",0.263001,34.92935,2024-11-08T10:13,2024,11,8.0,HUMAN_OBSERVATION,50c9509d-22c7-4a22-a47d-8c48425ef4a7
5006781986,Thunbergia erecta (Benth.) T.Anderson,0.227995,34.885316,2024-11-08T04:38,2024,11,8.0,HUMAN_OBSERVATION,50c9509d-22c7-4a22-a47d-8c48425ef4a7
4993958872,Saccharum officinarum L.,0.185325,35.116043,2024-12-03T18:06,2024,12,3.0,HUMAN_OBSERVATION,50c9509d-22c7-4a22-a47d-8c48425ef4a7
5006973748,"Diceros bicornis michaeli Zukowsky, 1965",-0.152789,35.232809,2024-12-31T13:39:33,2024,12,31.0,HUMAN_OBSERVATION,50c9509d-22c7-4a22-a47d-8c48425ef4a7
5007278961,"Colius striatus J.F.Gmelin, 1789",-0.211652,34.942751,2024-12-25T18:11,2024,12,25.0,HUMAN_OBSERVATION,50c9509d-22c7-4a22-a47d-8c48425ef4a7
5007374876,"Colobus guereza matschiei Neumann, 1899",-0.141736,34.824559,2024-12-25T15:08,2024,12,25.0,HUMAN_OBSERVATION,50c9509d-22c7-4a22-a47d-8c48425ef4a7
5007378943,"Neopolyptychus compar Rothschild & Jordan, 1903",0.079941,34.486676,2024-12-21T13:44,2024,12,21.0,HUMAN_OBSERVATION,50c9509d-22c7-4a22-a47d-8c48425ef4a7
5007473260,"Motacilla aguimp Temminck, 1820",-0.1391,35.083167,2024-12-26T10:38,2024,12,26.0,HUMAN_OBSERVATION,50c9509d-22c7-4a22-a47d-8c48425ef4a7
5008133809,"Pycnonotus barbatus (Desfontaines, 1789)",-0.170204,34.875669,2024-12-26T12:34,2024,12,26.0,HUMAN_OBSERVATION,50c9509d-22c7-4a22-a47d-8c48425ef4a7
5008134012,"Cercopithecus mitis stuhlmanni Matschie, 1893",-0.197734,34.853795,2024-12-25T15:13,2024,12,25.0,HUMAN_OBSERVATION,50c9509d-22c7-4a22-a47d-8c48425ef4a7
5036677254,Punica granatum L.,0.079267,34.487352,2024-12-14T10:41:25,2024,12,14.0,HUMAN_OBSERVATION,50c9509d-22c7-4a22-a47d-8c48425ef4a7
5037019499,"Apis mellifera Linnaeus, 1758",0.079355,34.487107,2024-12-14T10:43:34,2024,12,14.0,HUMAN_OBSERVATION,50c9509d-22c7-4a22-a47d-8c48425ef4a7
5037062351,Mimosa pudica L.,0.079252,34.487422,2024-12-14T10:42:07,2024,12,14.0,HUMAN_OBSERVATION,50c9509d-22c7-4a22-a47d-8c48425ef4a7
5062899295,"Bycanistes subcylindricus (P.L.Sclater, 1871)",0.197637,34.877048,2024-12-27T08:16,2024,12,27.0,HUMAN_OBSERVATION,50c9509d-22c7-4a22-a47d-8c48425ef4a7
5063297819,Scadoxus multiflorus (Martyn) Raf.,0.145788,34.884642,2024-12-29T12:31:28,2024,12,29.0,HUMAN_OBSERVATION,50c9509d-22c7-4a22-a47d-8c48425ef4a7
6117430669,"Sylvia borin (Boddaert, 1783)",0.20875,34.874583,2026-01-14,2026,1,14.0,HUMAN_OBSERVATION,1cd0cb6d-d8ab-4e4c-9672-70d22fec96b3
6117467846,"Merops albicollis Vieillot, 1817",0.20875,34.874583,2026-01-14,2026,1,14.0,HUMAN_OBSERVATION,1cd0cb6d-d8ab-4e4c-9672-70d22fec96b3
6117490033,"Platysteira Jardine & Selby, 1830",0.20875,34.874583,2026-01-14,2026,1,14.0,HUMAN_OBSERVATION,1cd0cb6d-d8ab-4e4c-9672-70d22fec96b3
6117509939,"Indicator minor Stephens, 1815",0.20875,34.874583,2026-01-14,2026,1,14.0,HUMAN_OBSERVATION,1cd0cb6d-d8ab-4e4c-9672-70d22fec96b3
6117512367,"Elminia nigromitrata (Reichenow, 1874)",0.20875,34.874583,2026-01-14,2026,1,14.0,HUMAN_OBSERVATION,1cd0cb6d-d8ab-4e4c-9672-70d22fec96b3
6117525161,Aves,0.20875,34.874583,2026-01-14,2026,1,14.0,HUMAN_OBSERVATION,1cd0cb6d-d8ab-4e4c-9672-70d22fec96b3
6117537805,"Parus funereus (J.Verreaux & E.Verreaux, 1855)",0.20875,34.874583,2026-01-14,2026,1,14.0,HUMAN_OBSERVATION,1cd0cb6d-d8ab-4e4c-9672-70d22fec96b3
6117547123,"Motacilla aguimp Temminck, 1820",0.20875,34.874583,2026-01-14,2026,1,14.0,HUMAN_OBSERVATION,1cd0cb6d-d8ab-4e4c-9672-70d22fec96b3
6117547125,"Tricholaema hirsuta (Swainson, 1821)",0.20875,34.957917,2026-01-15,2026,1,15.0,HUMAN_OBSERVATION,1cd0cb6d-d8ab-4e4c-9672-70d22fec96b3
6117555495,"Ploceus melanogaster Shelley, 1887",0.20875,34.874583,2026-01-14,2026,1,14.0,HUMAN_OBSERVATION,1cd0cb6d-d8ab-4e4c-9672-70d22fec96b3
6117564548,"Muscicapa adusta (F.Boie, 1828)",0.20875,34.874583,2026-01-14,2026,1,14.0,HUMAN_OBSERVATION,1cd0cb6d-d8ab-4e4c-9672-70d22fec96b3
6117573823,"Ploceus nigerrimus Vieillot, 1819",0.20875,34.874583,2026-01-14,2026,1,14.0,HUMAN_OBSERVATION,1cd0cb6d-d8ab-4e4c-9672-70d22fec96b3
6117579664,"Cisticola chubbi Sharpe, 1892",0.20875,34.874583,2026-01-14,2026,1,14.0,HUMAN_OBSERVATION,1cd0cb6d-d8ab-4e4c-9672-70d22fec96b3
6162782062,Oxalis latifolia Kunth,-0.541353,34.814636,2026-02-22T09:24:22,2026,2,22.0,HUMAN_OBSERVATION,50c9509d-22c7-4a22-a47d-8c48425ef4a7
6163108862,Datura stramonium L.,-0.541623,34.824722,2026-02-23T16:51:12,2026,2,23.0,HUMAN_OBSERVATION,50c9509d-22c7-4a22-a47d-8c48425ef4a7
6163157536,"Papilio demodocus Esper, 1798",0.277632,34.751548,2026-02-19T13:02:46,2026,2,19.0,HUMAN_OBSERVATION,50c9509d-22c7-4a22-a47d-8c48425ef4a7
6163409384,Eriosema psoraleoides (Lam.) G.Don,-0.540468,34.824242,2026-02-23T13:41:43,2026,2,23.0,HUMAN_OBSERVATION,50c9509d-22c7-4a22-a47d-8c48425ef4a7
6170890785,Eriobotrya japonica (Thunb.) Lindl.,-0.514812,34.819122,2026-02-28T10:58:11,2026,2,28.0,HUMAN_OBSERVATION,50c9509d-22c7-4a22-a47d-8c48425ef4a7
6170942262,Passiflora subpeltata Ortega,-0.540366,34.824201,2026-02-23T13:43:52,2026,2,23.0,HUMAN_OBSERVATION,50c9509d-22c7-4a22-a47d-8c48425ef4a7
6170983143,Musa acuminata Colla,-0.535933,34.824988,2026-02-26T15:52:52,2026,2,26.0,HUMAN_OBSERVATION,50c9509d-22c7-4a22-a47d-8c48425ef4a7
6171038409,Solanum aculeastrum Dunal,-0.541347,34.8243,2026-02-27T16:45:36,2026,2,27.0,HUMAN_OBSERVATION,50c9509d-22c7-4a22-a47d-8c48425ef4a7
6171272590,Crassocephalum vitellinum (Benth.) S.Moore,-0.541353,34.814636,2026-02-22T09:49:12,2026,2,22.0,HUMAN_OBSERVATION,50c9509d-22c7-4a22-a47d-8c48425ef4a7
6171315365,Physalis peruviana L.,-0.540394,34.824364,2026-02-24T14:14:43,2026,2,24.0,HUMAN_OBSERVATION,50c9509d-22c7-4a22-a47d-8c48425ef4a7
6178308202,"Ardea alba Linnaeus, 1758",-0.124532,34.74346,2026-02-21T15:53,2026,2,21.0,HUMAN_OBSERVATION,50c9509d-22c7-4a22-a47d-8c48425ef4a7
6178332787,"Junonia chorimene (Guérin-Méneville, 1844)",-0.117778,34.540556,2026-02-21T08:42,2026,2,21.0,HUMAN_OBSERVATION,50c9509d-22c7-4a22-a47d-8c48425ef4a7
6178333844,"Ploceus cucullatus (Statius Muller, 1776)",-0.124542,34.741994,2026-02-21T09:59,2026,2,21.0,HUMAN_OBSERVATION,50c9509d-22c7-4a22-a47d-8c48425ef4a7
6170949609,"Polytoxon robustum (Simroth, 1896)",-0.514812,34.819122,2026-03-02T10:14:37,2026,3,2.0,HUMAN_OBSERVATION,50c9509d-22c7-4a22-a47d-8c48425ef4a7
6171430160,Duranta erecta L.,-0.541301,34.824952,2026-03-01T09:17:17,2026,3,1.0,HUMAN_OBSERVATION,50c9509d-22c7-4a22-a47d-8c48425ef4a7
6178310108,"Dendrocygna viduata (Linnaeus, 1766)",-0.133914,34.745393,2026-03-06T10:43:31,2026,3,6.0,HUMAN_OBSERVATION,50c9509d-22c7-4a22-a47d-8c48425ef4a7
6178326988,"Trachylepis maculilabris (Gray, 1845)",-0.137858,34.73998,2026-03-06T13:13:43,2026,3,6.0,HUMAN_OBSERVATION,50c9509d-22c7-4a22-a47d-8c48425ef4a7
6178330132,"Anastomus lamelligerus Temminck, 1823",-0.135512,34.741322,2026-03-06T13:21:57,2026,3,6.0,HUMAN_OBSERVATION,50c9509d-22c7-4a22-a47d-8c48425ef4a7
6178342001,"Cinnyris mariquensis A.Smith, 1836",-0.139823,34.739498,2026-03-06T12:22:20,2026,3,6.0,HUMAN_OBSERVATION,50c9509d-22c7-4a22-a47d-8c48425ef4a7
6178348381,"Cercopithecus mitis stuhlmanni Matschie, 1893",0.238975,34.866587,2026-03-11T11:25:07,2026,3,11.0,HUMAN_OBSERVATION,50c9509d-22c7-4a22-a47d-8c48425ef4a7
6178379467,"Heliosciurus rufobrachium (Waterhouse, 1842)",0.237345,34.863025,2026-03-11T10:54:55,2026,3,11.0,HUMAN_OBSERVATION,50c9509d-22c7-4a22-a47d-8c48425ef4a7
6178385860,"Merops persicus Pallas, 1773",-0.133308,34.746135,2026-03-06T13:56:09,2026,3,6.0,HUMAN_OBSERVATION,50c9509d-22c7-4a22-a47d-8c48425ef4a7
6178532205,Desmodium intortum (Mill.) Urb.,0.073219,34.56145,2026-03-06T09:51,2026,3,6.0,HUMAN_OBSERVATION,50c9509d-22c7-4a22-a47d-8c48425ef4a7
6178557184,"Trachylepis striata (Peters, 1844)",-0.137088,34.740568,2026-03-06T13:15:44,2026,3,6.0,HUMAN_OBSERVATION,50c9509d-22c7-4a22-a47d-8c48425ef4a7
6178557736,Syzygium cumini (L.) Skeels,-0.535933,34.824988,2026-03-05T13:41:45,2026,3,5.0,HUMAN_OBSERVATION,50c9509d-22c7-4a22-a47d-8c48425ef4a7
6178559394,"Vanellus spinosus (Linnaeus, 1758)",-0.136651,34.739559,2026-03-06T12:15:23,2026,3,6.0,HUMAN_OBSERVATION,50c9509d-22c7-4a22-a47d-8c48425ef4a7
6187893306,"Cercopithecus ascanius schmidti Matschie, 1892",0.227146,34.884693,2026-04-04T18:04:40,2026,4,4.0,HUMAN_OBSERVATION,50c9509d-22c7-4a22-a47d-8c48425ef4a7
6187908938,"Papilio phorcas Cramer, 1775",0.338111,34.879956,2026-04-03T21:21,2026,4,3.0,HUMAN_OBSERVATION,50c9509d-22c7-4a22-a47d-8c48425ef4a7
6188192275,"Ceroplesis calabarica Chevrolat, 1858",0.338111,34.879956,2026-04-03T21:21,2026,4,3.0,HUMAN_OBSERVATION,50c9509d-22c7-4a22-a47d-8c48425ef4a7
6188505276,Platycerium elephantotis Schweinf.,0.22792,34.884163,2026-04-04T14:31:57,2026,4,4.0,HUMAN_OBSERVATION,50c9509d-22c7-4a22-a47d-8c48425ef4a7
6188537675,"Schistolais leucopogon (Cabanis, 1875)",0.338111,34.879956,2026-04-03T21:21,2026,4,3.0,HUMAN_OBSERVATION,50c9509d-22c7-4a22-a47d-8c48425ef4a7
6188556196,"Protogoniomorpha parhassus (Drury, 1782)",0.338111,34.879956,2026-04-03T21:21,2026,4,3.0,HUMAN_OBSERVATION,50c9509d-22c7-4a22-a47d-8c48425ef4a7
6195228406,"Nectarinia kilimensis Shelley, 1885",0.357988,34.850138,2026-04-02T21:21,2026,4,2.0,HUMAN_OBSERVATION,50c9509d-22c7-4a22-a47d-8c48425ef4a7
6195261404,Hoslundia opposita Vahl,0.287543,34.86208,2026-04-02T16:04,2026,4,2.0,HUMAN_OBSERVATION,50c9509d-22c7-4a22-a47d-8c48425ef4a7
6195337482,Momordica foetida Schum.,0.287543,34.86208,2026-04-02T16:08,2026,4,2.0,HUMAN_OBSERVATION,50c9509d-22c7-4a22-a47d-8c48425ef4a7
6195501341,Solanum mauritianum Scop.,0.287543,34.86208,2026-04-03T07:48,2026,4,3.0,HUMAN_OBSERVATION,50c9509d-22c7-4a22-a47d-8c48425ef4a7
6195539627,"Merops muelleri (Cassin, 1857)",0.24667,34.883752,2026-04-04T11:52:01,2026,4,4.0,HUMAN_OBSERVATION,50c9509d-22c7-4a22-a47d-8c48425ef4a7
6195652410,"Evena Westwood, 1850",0.289947,34.858646,2026-04-03T10:00,2026,4,3.0,HUMAN_OBSERVATION,50c9509d-22c7-4a22-a47d-8c48425ef4a7
6195661359,"Stephanoaetus coronatus (Linnaeus, 1766)",0.269623,34.938832,2026-04-07T09:08,2026,4,7.0,HUMAN_OBSERVATION,50c9509d-22c7-4a22-a47d-8c48425ef4a7
6273462810,"Scopus umbretta Gmelin, 1789",-0.532503,34.460339,2026-05-07T18:02:02,2026,5,7.0,HUMAN_OBSERVATION,50c9509d-22c7-4a22-a47d-8c48425ef4a7
6273598658,"Passer griseus (Vieillot, 1817)",-0.476089,34.834648,2026-05-05T12:12,2026,5,5.0,HUMAN_OBSERVATION,50c9509d-22c7-4a22-a47d-8c48425ef4a7
6273642811,"Cyphonistes tuberculifrons Quedenfeldt, 1884",-0.541269,34.825014,2026-05-05T10:18:57,2026,5,5.0,HUMAN_OBSERVATION,50c9509d-22c7-4a22-a47d-8c48425ef4a7
6273643658,"Leptoptilos crumenifer (R.P.Lesson, 1831)",-0.521147,34.461253,2026-05-09T16:19:50,2026,5,9.0,HUMAN_OBSERVATION,50c9509d-22c7-4a22-a47d-8c48425ef4a7
6273655034,"Scopus umbretta Gmelin, 1789",-0.520653,34.462605,2026-05-09T16:05:36,2026,5,9.0,HUMAN_OBSERVATION,50c9509d-22c7-4a22-a47d-8c48425ef4a7
6273897664,"Threskiornis aethiopicus (Latham, 1790)",-0.520845,34.461855,2026-05-09T16:14:29,2026,5,9.0,HUMAN_OBSERVATION,50c9509d-22c7-4a22-a47d-8c48425ef4a7
6273912930,"Periplaneta americana (Linnaeus, 1758)",-0.530967,34.461721,2026-05-06T14:17:04,2026,5,6.0,HUMAN_OBSERVATION,50c9509d-22c7-4a22-a47d-8c48425ef4a7
6274028444,"Vanellus spinosus (Linnaeus, 1758)",-0.520683,34.462172,2026-05-09T16:08:56,2026,5,9.0,HUMAN_OBSERVATION,50c9509d-22c7-4a22-a47d-8c48425ef4a7
6333847743,"Junonia sophia (Fabricius, 1793)",-0.525281,34.460276,2026-05-21T15:29:01,2026,5,21.0,HUMAN_OBSERVATION,50c9509d-22c7-4a22-a47d-8c48425ef4a7
6333849441,"Uraeginthus bengalus (Linnaeus, 1766)",-0.530067,34.461337,2026-05-09T17:00:59,2026,5,9.0,HUMAN_OBSERVATION,50c9509d-22c7-4a22-a47d-8c48425ef4a7
6334346544,"Colobus guereza Rüppell, 1835",0.224739,34.897858,2026-05-17T10:29,2026,5,17.0,HUMAN_OBSERVATION,50c9509d-22c7-4a22-a47d-8c48425ef4a7
6334365420,"Cheilomenes lunata (Fabricius, 1775)",-0.521895,34.462953,2026-05-24T18:10:32,2026,5,24.0,HUMAN_OBSERVATION,50c9509d-22c7-4a22-a47d-8c48425ef4a7
6334375528,"Laniarius erythrogaster (Cretzschmar, 1829)",-0.525309,34.460277,2026-05-21T15:18:49,2026,5,21.0,HUMAN_OBSERVATION,50c9509d-22c7-4a22-a47d-8c48425ef4a7
6398716707,Platycerium elephantotis Schweinf.,0.28057,34.75643,2026-06-02T06:38:44,2026,6,2.0,HUMAN_OBSERVATION,50c9509d-22c7-4a22-a47d-8c48425ef4a7
6399429723,Maesa lanceolata Forssk.,0.297145,34.77335,2026-06-02T15:58:56,2026,6,2.0,HUMAN_OBSERVATION,50c9509d-22c7-4a22-a47d-8c48425ef4a7
6399686177,"Nudaurelia petiveri Guérin-Méneville, 1845",0.297142,34.773363,2026-06-02T15:51:38,2026,6,2.0,HUMAN_OBSERVATION,50c9509d-22c7-4a22-a47d-8c48425ef4a7
6413039500,"Goliathus goliatus goliatus (Linnaeus, 1771)",0.2175,34.896111,2026-06-16T18:23:32,2026,6,16.0,HUMAN_OBSERVATION,50c9509d-22c7-4a22-a47d-8c48425ef4a7
6413311969,"Cercopithecus ascanius schmidti Matschie, 1892",0.290952,34.85855,2026-06-12T22:54,2026,6,12.0,HUMAN_OBSERVATION,50c9509d-22c7-4a22-a47d-8c48425ef4a7
6413443696,"Nudaurelia petiveri Guérin-Méneville, 1845",0.297113,34.773353,2026-06-02T15:50:55,2026,6,2.0,HUMAN_OBSERVATION,50c9509d-22c7-4a22-a47d-8c48425ef4a7
6413895438,"Nudaurelia petiveri Guérin-Méneville, 1845",0.297092,34.773338,2026-06-02T15:52:15,2026,6,2.0,HUMAN_OBSERVATION,50c9509d-22c7-4a22-a47d-8c48425ef4a7
6413961535,"Bitis nasicornis (Shaw & Nodder, 1792)",0.353114,34.816851,2026-06-17T15:16:09,2026,6,17.0,HUMAN_OBSERVATION,50c9509d-22c7-4a22-a47d-8c48425ef4a7
6422488547,"Motacilla aguimp Temminck, 1820",0.364634,34.857324,2026-06-22T09:32:57,2026,6,22.0,HUMAN_OBSERVATION,50c9509d-22c7-4a22-a47d-8c48425ef4a7
6422967826,Bambusa vulgaris Schrad. ex J.C.Wendl.,0.297422,34.773413,2026-06-02T16:00:41,2026,6,2.0,HUMAN_OBSERVATION,50c9509d-22c7-4a22-a47d-8c48425ef4a7
6423090832,Auricularia delicata (Mont. ex Fr.) Henn.,0.237342,34.866797,2026-06-02T11:17:01,2026,6,2.0,HUMAN_OBSERVATION,50c9509d-22c7-4a22-a47d-8c48425ef4a7
6430955390,"Sphodromantis gastrica Stal, 1858",0.054084,34.700194,2026-06-16T08:27:06,2026,6,16.0,HUMAN_OBSERVATION,50c9509d-22c7-4a22-a47d-8c48425ef4a7
6431686408,"Bunaea alcinoe Stoll, 1780",-0.039906,35.274803,2026-06-29T06:18:47,2026,6,29.0,HUMAN_OBSERVATION,50c9509d-22c7-4a22-a47d-8c48425ef4a7
6441992609,Momordica foetida Schum.,0.132671,34.869702,2026-07-04T16:58:39,2026,7,4.0,HUMAN_OBSERVATION,50c9509d-22c7-4a22-a47d-8c48425ef4a7
6451939797,"Atheris hispida Laurent, 1955",0.29134,34.856474,2026-07-17T20:05:08,2026,7,17.0,HUMAN_OBSERVATION,50c9509d-22c7-4a22-a47d-8c48425ef4a7
6452301114,Antigonon leptopus Hook. & Arn.,-0.114664,34.747631,2026-07-05T17:30:45,2026,7,5.0,HUMAN_OBSERVATION,50c9509d-22c7-4a22-a47d-8c48425ef4a7
6470521007,Dichrocephala integrifolia (L.fil.) Kuntze,0.237067,34.845343,2026-07-22T12:46:56,2026,7,22.0,HUMAN_OBSERVATION,50c9509d-22c7-4a22-a47d-8c48425ef4a7
